Network,ParkCode,ShortName,LongName,SiteCode,SiteCodeWQX,SiteName,Lat,Long,Type,CharacteristicName,DisplayName,DataName,Category,CategoryDisplay,Units,LowerPoint,UpperPoint,DataType,LowerDescription,UpperDescription,AssessmentDetails,LowerPointCondition,UpperPointCondition,IsActiveSiteCode,IsActiveCharacteristicName,IsActive
NCRN,ANTI,Antietam,Antietam National Battlefield,NCRN_ANTI_SHCK,NCRN_ANTI_SHCK,Sharpsburg Creek,39.454865,-77.737697,Stream,AirTemp,Air Temperature,"Temperature, air",AirTemp,Air Temperature,°C,,,numeric,,,,,,True,True,True
NCRN,ANTI,Antietam,Antietam National Battlefield,NCRN_ANTI_SHCK,NCRN_ANTI_SHCK,Sharpsburg Creek,39.454865,-77.737697,Stream,Discharge,Discharge,Base flow discharge,Discharge,Discharge,cfs,,,numeric,,,,,,True,True,True
NCRN,ANTI,Antietam,Antietam National Battlefield,NCRN_ANTI_SHCK,NCRN_ANTI_SHCK,Sharpsburg Creek,39.454865,-77.737697,Stream,Depth,Depth,Cross-Section Depth,Depth,Depth,ft,,,numeric,,,,,,True,True,True
NCRN,ANTI,Antietam,Antietam National Battlefield,NCRN_ANTI_SHCK,NCRN_ANTI_SHCK,Sharpsburg Creek,39.454865,-77.737697,Stream,WaterTemp,Water Temperature,"Temperature, water",WaterTemp,Water Temperature,°C,,32.0,numeric,,Acceptable water temperature is below 32 degrees C for warm water streams.,"District DOE, 2010, State of MD 2010, State of WV 2011, VA Water Control Board 2011",,>=,True,True,True
NCRN,ANTI,Antietam,Antietam National Battlefield,NCRN_ANTI_SHCK,NCRN_ANTI_SHCK,Sharpsburg Creek,39.454865,-77.737697,Stream,SC,Specific Conductance,Specific conductance,SC,Specific Conductance,µS/cm,,171.0,numeric,,Acceptable specific conductance is below 171 uS/cm.,Morgan et al. 2007,,>=,True,True,True
NCRN,ANTI,Antietam,Antietam National Battlefield,NCRN_ANTI_SHCK,NCRN_ANTI_SHCK,Sharpsburg Creek,39.454865,-77.737697,Stream,pH,pH,pH,pH,pH,pH Units,6.0,9.0,numeric,Acceptable pH is greater than or equal to 6.,Acceptable pH is less than or equal to 9.,"District DOE, 2010, State of MD 2010, State of WV 2011, VA Water Control Board 2011",<,>,True,True,True
NCRN,ANTI,Antietam,Antietam National Battlefield,NCRN_ANTI_SHCK,NCRN_ANTI_SHCK,Sharpsburg Creek,39.454865,-77.737697,Stream,DOmg,DO Concentration,Dissolved oxygen (DO),DOmg,Dissolved Oxygen,mg/L,5.0,,numeric,Acceptable dissolved oxygen is above 5.0 mg/L for warm water streams.,,"District DOE, 2010, State of MD 2010, State of WV 2011, VA Water Control Board 2011",<=,,True,True,True
NCRN,ANTI,Antietam,Antietam National Battlefield,NCRN_ANTI_SHCK,NCRN_ANTI_SHCK,Sharpsburg Creek,39.454865,-77.737697,Stream,DOper,DO Saturation,Dissolved oxygen saturation,DOper,Dissolved Oxygen,percent,,,numeric,,,,,,True,True,True
NCRN,ANTI,Antietam,Antietam National Battlefield,NCRN_ANTI_SHCK,NCRN_ANTI_SHCK,Sharpsburg Creek,39.454865,-77.737697,Stream,ANC,ANC,Acid Neutralizing Capacity (ANC),ANC,Acid Neutralizing Capacity,µeq/L,600.0,,numeric,Acceptable acid neutralizing capacity is above 600 ueq/L for karst terrain.,,Weeks et al. 2007,<=,,True,True,True
NCRN,ANTI,Antietam,Antietam National Battlefield,NCRN_ANTI_SHCK,NCRN_ANTI_SHCK,Sharpsburg Creek,39.454865,-77.737697,Stream,WetWidth,Wetted Width,Wetted Width,WetWidth,Wetted Width,ft,,,numeric,,,,,,True,True,True
NCRN,ANTI,Antietam,Antietam National Battlefield,NCRN_ANTI_SHCK,NCRN_ANTI_SHCK,Sharpsburg Creek,39.454865,-77.737697,Stream,Velocity,Stream Velocity,Velocity - stream,Velocity,Velocity,ft/s,,,numeric,,,,,,True,True,True
NCRN,ANTI,Antietam,Antietam National Battlefield,NCRN_ANTI_SHCK,NCRN_ANTI_SHCK,Sharpsburg Creek,39.454865,-77.737697,Stream,AirPress,Air Pressure,Barometric pressure,AirPress,Air Pressure,mm Hg,,,numeric,,,,,,True,True,True
NCRN,ANTI,Antietam,Antietam National Battlefield,NCRN_ANTI_SHCK,NCRN_ANTI_SHCK,Sharpsburg Creek,39.454865,-77.737697,Stream,Conductivity,Conductivity,Conductivity,Conductivity,Conductivity,µS/cm,,,numeric,,,,,,True,True,True
NCRN,ANTI,Antietam,Antietam National Battlefield,NCRN_ANTI_SHCK,NCRN_ANTI_SHCK,Sharpsburg Creek,39.454865,-77.737697,Stream,Salinity,Salinity,Salinity,Salinity,Salinity,ppt,,0.5,numeric,,Acceptable salinity is less than or equal to 0.5 ppt.,Ramasamy et al. 2014,,>,True,True,True
NCRN,ANTI,Antietam,Antietam National Battlefield,NCRN_ANTI_SHCK,NCRN_ANTI_SHCK,Sharpsburg Creek,39.454865,-77.737697,Stream,TDS,Total Dissolved Solids,Total dissolved solids,TDS,Total Dissolved Solids,mg/L,,,numeric,,,,,,True,True,True
NCRN,ANTI,Antietam,Antietam National Battlefield,NCRN_ANTI_SHCK,NCRN_ANTI_SHCK,Sharpsburg Creek,39.454865,-77.737697,Stream,TotalN,Total Nitrogen,"Total Nitrogen, mixed forms",TotalN,Total Nitrogen,mg/L,,0.31,numeric,,Acceptable total nitrogen is less than or equal to 0.31 mg/L in nutrient ecoregion XI.,EPA 2000,,>,True,True,True
NCRN,ANTI,Antietam,Antietam National Battlefield,NCRN_ANTI_SHCK,NCRN_ANTI_SHCK,Sharpsburg Creek,39.454865,-77.737697,Stream,TotalP,Total Phosphorus,"Total Phosphorus, mixed forms",TotalP,Total Phosphorus,mg/L,,0.01,numeric,,Acceptable total phosphorus is less than or equal to 0.01 mg/L in nutrient ecoregion XI.,EPA 2000,,>,True,False,False
NCRN,ANTI,Antietam,Antietam National Battlefield,NCRN_ANTI_SHCK,NCRN_ANTI_SHCK,Sharpsburg Creek,39.454865,-77.737697,Stream,TotalDN,Total Dissolved Nitrogen,"Total Dissolved Nitrogen, mixed forms",TotalDN,Total Dissolved Nitrogen,mg/L,,,numeric,,,,,,True,False,False
NCRN,ANTI,Antietam,Antietam National Battlefield,NCRN_ANTI_SHCK,NCRN_ANTI_SHCK,Sharpsburg Creek,39.454865,-77.737697,Stream,TotalDP,Total Dissolved Phosphorus,"Total Dissolved Phosphorus, mixed forms",TotalDP,Total Dissolved Phosphorus,mg/L,,,numeric,,,,,,True,False,False
NCRN,ANTI,Antietam,Antietam National Battlefield,NCRN_ANTI_SHCK,NCRN_ANTI_SHCK,Sharpsburg Creek,39.454865,-77.737697,Stream,Ammonia,Ammonia,Ammonia,Ammonia,Ammonia,mg/L,,,numeric,,,,,,True,False,False
NCRN,ANTI,Antietam,Antietam National Battlefield,NCRN_ANTI_SHCK,NCRN_ANTI_SHCK,Sharpsburg Creek,39.454865,-77.737697,Stream,Nitrate,Nitrate,Nitrate,Nitrate,Nitrate,mg/L,,0.31,numeric,,Acceptable nitrate is less than or equal to 0.31 mg/L in nutrient ecoregion XI.,EPA 2000,,>,True,False,False
NCRN,ANTI,Antietam,Antietam National Battlefield,NCRN_ANTI_SHCK,NCRN_ANTI_SHCK,Sharpsburg Creek,39.454865,-77.737697,Stream,Weather,Weather,Weather condition (WMO code 4501) (choice list),Weather,Weather Conditions,,,,factor,,,,,,True,False,False
NCRN,ANTI,Antietam,Antietam National Battlefield,NCRN_ANTI_SHCK,NCRN_ANTI_SHCK,Sharpsburg Creek,39.454865,-77.737697,Stream,Algae,Algae,"Substrate algae, % (choice list)",Algae,Algae,,,,factor,,,,,,True,False,False
NCRN,ANTI,Antietam,Antietam National Battlefield,NCRN_ANTI_SHCK,NCRN_ANTI_SHCK,Sharpsburg Creek,39.454865,-77.737697,Stream,AlgaeColor,Algae Color,Substrate algae color,AlgaeColor,Algae Color,,,,factor,,,,,,True,False,False
NCRN,ANTI,Antietam,Antietam National Battlefield,NCRN_ANTI_SHCK,NCRN_ANTI_SHCK,Sharpsburg Creek,39.454865,-77.737697,Stream,WaterAppearance,Water Appearance,Water appearance (text),WaterAppearance,Water Appearance,,,,factor,,,,,,True,False,False
NCRN,ANTI,Antietam,Antietam National Battlefield,NCRN_ANTI_SHCK,NCRN_ANTI_SHCK,Sharpsburg Creek,39.454865,-77.737697,Stream,FlowCondition,Flow Condition,Stream flow (choice list),FlowCondition,Flow Condition,,,,factor,,,,,,True,False,False
NCRN,ANTI,Antietam,Antietam National Battlefield,NCRN_ANTI_SHCK,NCRN_ANTI_SHCK,Sharpsburg Creek,39.454865,-77.737697,Stream,Orthophosphate,Orthophosphate,Orthophosphate,Orthophosphate,Orthophosphate,mg/L,,,numeric,,,,,,True,False,False
NCRN,ANTI,Antietam,Antietam National Battlefield,NCRN_ANTI_SHCK,NCRN_ANTI_SHCK,Sharpsburg Creek,39.454865,-77.737697,Stream,Turbidity,Turbidity,Turbidity,Turbidity,Turbidity,ntu,,,numeric,,,,,,True,False,False
NCRN,CATO,Catoctin,Catoctin Mountain Park,NCRN_CATO_OWCK,NCRN_CATO_OWCK,Owens Creek,39.66107928,-77.48152403,Stream,AirTemp,Air Temperature,"Temperature, air",AirTemp,Air Temperature,°C,,,numeric,,,,,,True,True,True
NCRN,CATO,Catoctin,Catoctin Mountain Park,NCRN_CATO_OWCK,NCRN_CATO_OWCK,Owens Creek,39.66107928,-77.48152403,Stream,Discharge,Discharge,Base flow discharge,Discharge,Discharge,cfs,,,numeric,,,,,,True,True,True
NCRN,CATO,Catoctin,Catoctin Mountain Park,NCRN_CATO_OWCK,NCRN_CATO_OWCK,Owens Creek,39.66107928,-77.48152403,Stream,Depth,Depth,Cross-Section Depth,Depth,Depth,ft,,,numeric,,,,,,True,True,True
NCRN,CATO,Catoctin,Catoctin Mountain Park,NCRN_CATO_OWCK,NCRN_CATO_OWCK,Owens Creek,39.66107928,-77.48152403,Stream,WaterTemp,Water Temperature,"Temperature, water",WaterTemp,Water Temperature,°C,,20.0,numeric,,Acceptable water temperature is below 20 degrees C for cold water streams.,"District DOE, 2010, State of MD 2010, State of WV 2011, VA Water Control Board 2011",,>=,True,True,True
NCRN,CATO,Catoctin,Catoctin Mountain Park,NCRN_CATO_OWCK,NCRN_CATO_OWCK,Owens Creek,39.66107928,-77.48152403,Stream,SC,Specific Conductance,Specific conductance,SC,Specific Conductance,µS/cm,,171.0,numeric,,Acceptable specific conductance is below 171 uS/cm.,Morgan et al. 2007,,>=,True,True,True
NCRN,CATO,Catoctin,Catoctin Mountain Park,NCRN_CATO_OWCK,NCRN_CATO_OWCK,Owens Creek,39.66107928,-77.48152403,Stream,pH,pH,pH,pH,pH,pH Units,6.0,9.0,numeric,Acceptable pH is greater than or equal to 6.,Acceptable pH is less than or equal to 9.,"District DOE, 2010, State of MD 2010, State of WV 2011, VA Water Control Board 2011",<,>,True,True,True
NCRN,CATO,Catoctin,Catoctin Mountain Park,NCRN_CATO_OWCK,NCRN_CATO_OWCK,Owens Creek,39.66107928,-77.48152403,Stream,DOmg,DO Concentration,Dissolved oxygen (DO),DOmg,Dissolved Oxygen,mg/L,6.0,,numeric,Acceptable dissolved oxygen is above 6.0 mg/L for cold water streams.,,"District DOE, 2010, State of MD 2010, State of WV 2011, VA Water Control Board 2011",<=,,True,True,True
NCRN,CATO,Catoctin,Catoctin Mountain Park,NCRN_CATO_OWCK,NCRN_CATO_OWCK,Owens Creek,39.66107928,-77.48152403,Stream,DOper,DO Saturation,Dissolved oxygen saturation,DOper,Dissolved Oxygen,percent,,,numeric,,,,,,True,True,True
NCRN,CATO,Catoctin,Catoctin Mountain Park,NCRN_CATO_OWCK,NCRN_CATO_OWCK,Owens Creek,39.66107928,-77.48152403,Stream,ANC,ANC,Acid Neutralizing Capacity (ANC),ANC,Acid Neutralizing Capacity,µeq/L,200.0,,numeric,Acceptable acid neutralizing capacity is above 200 ueq/L for non-karst terrain.,,Weeks et al. 2007,<=,,True,True,True
NCRN,CATO,Catoctin,Catoctin Mountain Park,NCRN_CATO_OWCK,NCRN_CATO_OWCK,Owens Creek,39.66107928,-77.48152403,Stream,WetWidth,Wetted Width,Wetted Width,WetWidth,Wetted Width,ft,,,numeric,,,,,,True,True,True
NCRN,CATO,Catoctin,Catoctin Mountain Park,NCRN_CATO_OWCK,NCRN_CATO_OWCK,Owens Creek,39.66107928,-77.48152403,Stream,Velocity,Stream Velocity,Velocity - stream,Velocity,Velocity,ft/s,,,numeric,,,,,,True,True,True
NCRN,CATO,Catoctin,Catoctin Mountain Park,NCRN_CATO_OWCK,NCRN_CATO_OWCK,Owens Creek,39.66107928,-77.48152403,Stream,AirPress,Air Pressure,Barometric pressure,AirPress,Air Pressure,mm Hg,,,numeric,,,,,,True,True,True
NCRN,CATO,Catoctin,Catoctin Mountain Park,NCRN_CATO_OWCK,NCRN_CATO_OWCK,Owens Creek,39.66107928,-77.48152403,Stream,Conductivity,Conductivity,Conductivity,Conductivity,Conductivity,µS/cm,,,numeric,,,,,,True,True,True
NCRN,CATO,Catoctin,Catoctin Mountain Park,NCRN_CATO_OWCK,NCRN_CATO_OWCK,Owens Creek,39.66107928,-77.48152403,Stream,Salinity,Salinity,Salinity,Salinity,Salinity,ppt,,0.5,numeric,,Acceptable salinity is less than or equal to 0.5 ppt.,Ramasamy et al. 2014,,>,True,True,True
NCRN,CATO,Catoctin,Catoctin Mountain Park,NCRN_CATO_OWCK,NCRN_CATO_OWCK,Owens Creek,39.66107928,-77.48152403,Stream,TDS,Total Dissolved Solids,Total dissolved solids,TDS,Total Dissolved Solids,mg/L,,,numeric,,,,,,True,True,True
NCRN,CATO,Catoctin,Catoctin Mountain Park,NCRN_CATO_OWCK,NCRN_CATO_OWCK,Owens Creek,39.66107928,-77.48152403,Stream,TotalN,Total Nitrogen,"Total Nitrogen, mixed forms",TotalN,Total Nitrogen,mg/L,,0.31,numeric,,Acceptable total nitrogen is less than or equal to 0.31 mg/L in nutrient ecoregion XI.,EPA 2000,,>,True,True,True
NCRN,CATO,Catoctin,Catoctin Mountain Park,NCRN_CATO_OWCK,NCRN_CATO_OWCK,Owens Creek,39.66107928,-77.48152403,Stream,TotalP,Total Phosphorus,"Total Phosphorus, mixed forms",TotalP,Total Phosphorus,mg/L,,0.01,numeric,,Acceptable total phosphorus is less than or equal to 0.01 mg/L in nutrient ecoregion XI.,EPA 2000,,>,True,False,False
NCRN,CATO,Catoctin,Catoctin Mountain Park,NCRN_CATO_OWCK,NCRN_CATO_OWCK,Owens Creek,39.66107928,-77.48152403,Stream,TotalDN,Total Dissolved Nitrogen,"Total Dissolved Nitrogen, mixed forms",TotalDN,Total Dissolved Nitrogen,mg/L,,,numeric,,,,,,True,False,False
NCRN,CATO,Catoctin,Catoctin Mountain Park,NCRN_CATO_OWCK,NCRN_CATO_OWCK,Owens Creek,39.66107928,-77.48152403,Stream,TotalDP,Total Dissolved Phosphorus,"Total Dissolved Phosphorus, mixed forms",TotalDP,Total Dissolved Phosphorus,mg/L,,,numeric,,,,,,True,False,False
NCRN,CATO,Catoctin,Catoctin Mountain Park,NCRN_CATO_OWCK,NCRN_CATO_OWCK,Owens Creek,39.66107928,-77.48152403,Stream,Ammonia,Ammonia,Ammonia,Ammonia,Ammonia,mg/L,,,numeric,,,,,,True,False,False
NCRN,CATO,Catoctin,Catoctin Mountain Park,NCRN_CATO_OWCK,NCRN_CATO_OWCK,Owens Creek,39.66107928,-77.48152403,Stream,Nitrate,Nitrate,Nitrate,Nitrate,Nitrate,mg/L,,0.31,numeric,,Acceptable nitrate is less than or equal to 0.31 mg/L in nutrient ecoregion XI.,EPA 2000,,>,True,False,False
NCRN,CATO,Catoctin,Catoctin Mountain Park,NCRN_CATO_OWCK,NCRN_CATO_OWCK,Owens Creek,39.66107928,-77.48152403,Stream,Weather,Weather,Weather condition (WMO code 4501) (choice list),Weather,Weather Conditions,,,,factor,,,,,,True,False,False
NCRN,CATO,Catoctin,Catoctin Mountain Park,NCRN_CATO_OWCK,NCRN_CATO_OWCK,Owens Creek,39.66107928,-77.48152403,Stream,Algae,Algae,"Substrate algae, % (choice list)",Algae,Algae,,,,factor,,,,,,True,False,False
NCRN,CATO,Catoctin,Catoctin Mountain Park,NCRN_CATO_OWCK,NCRN_CATO_OWCK,Owens Creek,39.66107928,-77.48152403,Stream,AlgaeColor,Algae Color,Substrate algae color,AlgaeColor,Algae Color,,,,factor,,,,,,True,False,False
NCRN,CATO,Catoctin,Catoctin Mountain Park,NCRN_CATO_OWCK,NCRN_CATO_OWCK,Owens Creek,39.66107928,-77.48152403,Stream,WaterAppearance,Water Appearance,Water appearance (text),WaterAppearance,Water Appearance,,,,factor,,,,,,True,False,False
NCRN,CATO,Catoctin,Catoctin Mountain Park,NCRN_CATO_OWCK,NCRN_CATO_OWCK,Owens Creek,39.66107928,-77.48152403,Stream,FlowCondition,Flow Condition,Stream flow (choice list),FlowCondition,Flow Condition,,,,factor,,,,,,True,False,False
NCRN,CATO,Catoctin,Catoctin Mountain Park,NCRN_CATO_OWCK,NCRN_CATO_OWCK,Owens Creek,39.66107928,-77.48152403,Stream,Orthophosphate,Orthophosphate,Orthophosphate,Orthophosphate,Orthophosphate,mg/L,,,numeric,,,,,,True,False,False
NCRN,CATO,Catoctin,Catoctin Mountain Park,NCRN_CATO_OWCK,NCRN_CATO_OWCK,Owens Creek,39.66107928,-77.48152403,Stream,Turbidity,Turbidity,Turbidity,Turbidity,Turbidity,ntu,,,numeric,,,,,,True,False,False
NCRN,GWMP,GW Parkway,George Washington Memorial Parkway,NCRN_GWMP_MIRU,NCRN_GWMP_MIRU,Mine Run,38.99987894,-77.25615235,Stream,AirTemp,Air Temperature,"Temperature, air",AirTemp,Air Temperature,°C,,,numeric,,,,,,True,True,True
NCRN,GWMP,GW Parkway,George Washington Memorial Parkway,NCRN_GWMP_MIRU,NCRN_GWMP_MIRU,Mine Run,38.99987894,-77.25615235,Stream,Discharge,Discharge,Base flow discharge,Discharge,Discharge,cfs,,,numeric,,,,,,True,True,True
NCRN,GWMP,GW Parkway,George Washington Memorial Parkway,NCRN_GWMP_MIRU,NCRN_GWMP_MIRU,Mine Run,38.99987894,-77.25615235,Stream,Depth,Depth,Cross-Section Depth,Depth,Depth,ft,,,numeric,,,,,,True,True,True
NCRN,GWMP,GW Parkway,George Washington Memorial Parkway,NCRN_GWMP_MIRU,NCRN_GWMP_MIRU,Mine Run,38.99987894,-77.25615235,Stream,WaterTemp,Water Temperature,"Temperature, water",WaterTemp,Water Temperature,°C,,32.0,numeric,,Acceptable water temperature is below 32 degrees C for warm water streams.,"District DOE, 2010, State of MD 2010, State of WV 2011, VA Water Control Board 2011",,>=,True,True,True
NCRN,GWMP,GW Parkway,George Washington Memorial Parkway,NCRN_GWMP_MIRU,NCRN_GWMP_MIRU,Mine Run,38.99987894,-77.25615235,Stream,SC,Specific Conductance,Specific conductance,SC,Specific Conductance,µS/cm,,171.0,numeric,,Acceptable specific conductance is below 171 uS/cm.,Morgan et al. 2007,,>=,True,True,True
NCRN,GWMP,GW Parkway,George Washington Memorial Parkway,NCRN_GWMP_MIRU,NCRN_GWMP_MIRU,Mine Run,38.99987894,-77.25615235,Stream,pH,pH,pH,pH,pH,pH Units,6.0,9.0,numeric,Acceptable pH is greater than or equal to 6.,Acceptable pH is less than or equal to 9.,"District DOE, 2010, State of MD 2010, State of WV 2011, VA Water Control Board 2011",<,>,True,True,True
NCRN,GWMP,GW Parkway,George Washington Memorial Parkway,NCRN_GWMP_MIRU,NCRN_GWMP_MIRU,Mine Run,38.99987894,-77.25615235,Stream,DOmg,DO Concentration,Dissolved oxygen (DO),DOmg,Dissolved Oxygen,mg/L,5.0,,numeric,Acceptable dissolved oxygen is above 5.0 mg/L for warm water streams and above 6.0 mg/L for cold water streams.,,"District DOE, 2010, State of MD 2010, State of WV 2011, VA Water Control Board 2011",<=,,True,True,True
NCRN,GWMP,GW Parkway,George Washington Memorial Parkway,NCRN_GWMP_MIRU,NCRN_GWMP_MIRU,Mine Run,38.99987894,-77.25615235,Stream,DOper,DO Saturation,Dissolved oxygen saturation,DOper,Dissolved Oxygen,percent,,,numeric,,,,,,True,True,True
NCRN,GWMP,GW Parkway,George Washington Memorial Parkway,NCRN_GWMP_MIRU,NCRN_GWMP_MIRU,Mine Run,38.99987894,-77.25615235,Stream,ANC,ANC,Acid Neutralizing Capacity (ANC),ANC,Acid Neutralizing Capacity,µeq/L,200.0,,numeric,Acceptable acid neutralizing capacity is above 200 ueq/L for non-karst terrain.,,Weeks et al. 2007,<=,,True,True,True
NCRN,GWMP,GW Parkway,George Washington Memorial Parkway,NCRN_GWMP_MIRU,NCRN_GWMP_MIRU,Mine Run,38.99987894,-77.25615235,Stream,WetWidth,Wetted Width,Wetted Width,WetWidth,Wetted Width,ft,,,numeric,,,,,,True,True,True
NCRN,GWMP,GW Parkway,George Washington Memorial Parkway,NCRN_GWMP_MIRU,NCRN_GWMP_MIRU,Mine Run,38.99987894,-77.25615235,Stream,Velocity,Stream Velocity,Velocity - stream,Velocity,Velocity,ft/s,,,numeric,,,,,,True,True,True
NCRN,GWMP,GW Parkway,George Washington Memorial Parkway,NCRN_GWMP_MIRU,NCRN_GWMP_MIRU,Mine Run,38.99987894,-77.25615235,Stream,AirPress,Air Pressure,Barometric pressure,AirPress,Air Pressure,mm Hg,,,numeric,,,,,,True,True,True
NCRN,GWMP,GW Parkway,George Washington Memorial Parkway,NCRN_GWMP_MIRU,NCRN_GWMP_MIRU,Mine Run,38.99987894,-77.25615235,Stream,Conductivity,Conductivity,Conductivity,Conductivity,Conductivity,µS/cm,,,numeric,,,,,,True,True,True
NCRN,GWMP,GW Parkway,George Washington Memorial Parkway,NCRN_GWMP_MIRU,NCRN_GWMP_MIRU,Mine Run,38.99987894,-77.25615235,Stream,Salinity,Salinity,Salinity,Salinity,Salinity,ppt,,0.5,numeric,,Acceptable salinity is less than or equal to 0.5 ppt.,Ramasamy et al. 2014,,>,True,True,True
NCRN,GWMP,GW Parkway,George Washington Memorial Parkway,NCRN_GWMP_MIRU,NCRN_GWMP_MIRU,Mine Run,38.99987894,-77.25615235,Stream,TDS,Total Dissolved Solids,Total dissolved solids,TDS,Total Dissolved Solids,mg/L,,,numeric,,,,,,True,True,True
NCRN,GWMP,GW Parkway,George Washington Memorial Parkway,NCRN_GWMP_MIRU,NCRN_GWMP_MIRU,Mine Run,38.99987894,-77.25615235,Stream,TotalN,Total Nitrogen,"Total Nitrogen, mixed forms",TotalN,Total Nitrogen,mg/L,,0.69,numeric,,Acceptable total nitrogen is less than or equal to 0.69 mg/L in nutrient ecoregion IX.,EPA 2000,,>,True,True,True
NCRN,GWMP,GW Parkway,George Washington Memorial Parkway,NCRN_GWMP_MIRU,NCRN_GWMP_MIRU,Mine Run,38.99987894,-77.25615235,Stream,TotalP,Total Phosphorus,"Total Phosphorus, mixed forms",TotalP,Total Phosphorus,mg/L,,0.037,numeric,,Acceptable total phosphorus is less than or equal to 0.037 mg/L in nutrient ecoregion IX.,EPA 2000,,>,True,False,False
NCRN,GWMP,GW Parkway,George Washington Memorial Parkway,NCRN_GWMP_MIRU,NCRN_GWMP_MIRU,Mine Run,38.99987894,-77.25615235,Stream,TotalDN,Total Dissolved Nitrogen,"Total Dissolved Nitrogen, mixed forms",TotalDN,Total Dissolved Nitrogen,mg/L,,,numeric,,,,,,True,False,False
NCRN,GWMP,GW Parkway,George Washington Memorial Parkway,NCRN_GWMP_MIRU,NCRN_GWMP_MIRU,Mine Run,38.99987894,-77.25615235,Stream,TotalDP,Total Dissolved Phosphorus,"Total Dissolved Phosphorus, mixed forms",TotalDP,Total Dissolved Phosphorus,mg/L,,,numeric,,,,,,True,False,False
NCRN,GWMP,GW Parkway,George Washington Memorial Parkway,NCRN_GWMP_MIRU,NCRN_GWMP_MIRU,Mine Run,38.99987894,-77.25615235,Stream,Ammonia,Ammonia,Ammonia,Ammonia,Ammonia,mg/L,,,numeric,,,,,,True,False,False
NCRN,GWMP,GW Parkway,George Washington Memorial Parkway,NCRN_GWMP_MIRU,NCRN_GWMP_MIRU,Mine Run,38.99987894,-77.25615235,Stream,Nitrate,Nitrate,Nitrate,Nitrate,Nitrate,mg/L,,2.0,numeric,,Acceptable nitrate is less than or equal to 2.0 mg/L in nutrient ecoregion IX.,EPA 2000,,>,True,False,False
NCRN,GWMP,GW Parkway,George Washington Memorial Parkway,NCRN_GWMP_MIRU,NCRN_GWMP_MIRU,Mine Run,38.99987894,-77.25615235,Stream,Weather,Weather,Weather condition (WMO code 4501) (choice list),Weather,Weather Conditions,,,,factor,,,,,,True,False,False
NCRN,GWMP,GW Parkway,George Washington Memorial Parkway,NCRN_GWMP_MIRU,NCRN_GWMP_MIRU,Mine Run,38.99987894,-77.25615235,Stream,Algae,Algae,"Substrate algae, % (choice list)",Algae,Algae,,,,factor,,,,,,True,False,False
NCRN,GWMP,GW Parkway,George Washington Memorial Parkway,NCRN_GWMP_MIRU,NCRN_GWMP_MIRU,Mine Run,38.99987894,-77.25615235,Stream,AlgaeColor,Algae Color,Substrate algae color,AlgaeColor,Algae Color,,,,factor,,,,,,True,False,False
NCRN,GWMP,GW Parkway,George Washington Memorial Parkway,NCRN_GWMP_MIRU,NCRN_GWMP_MIRU,Mine Run,38.99987894,-77.25615235,Stream,WaterAppearance,Water Appearance,Water appearance (text),WaterAppearance,Water Appearance,,,,factor,,,,,,True,False,False
NCRN,GWMP,GW Parkway,George Washington Memorial Parkway,NCRN_GWMP_MIRU,NCRN_GWMP_MIRU,Mine Run,38.99987894,-77.25615235,Stream,FlowCondition,Flow Condition,Stream flow (choice list),FlowCondition,Flow Condition,,,,factor,,,,,,True,False,False
NCRN,GWMP,GW Parkway,George Washington Memorial Parkway,NCRN_GWMP_MIRU,NCRN_GWMP_MIRU,Mine Run,38.99987894,-77.25615235,Stream,Orthophosphate,Orthophosphate,Orthophosphate,Orthophosphate,Orthophosphate,mg/L,,,numeric,,,,,,True,False,False
NCRN,GWMP,GW Parkway,George Washington Memorial Parkway,NCRN_GWMP_MIRU,NCRN_GWMP_MIRU,Mine Run,38.99987894,-77.25615235,Stream,Turbidity,Turbidity,Turbidity,Turbidity,Turbidity,ntu,,,numeric,,,,,,True,False,False
NCRN,GWMP,GW Parkway,George Washington Memorial Parkway,NCRN_GWMP_TURU,NCRN_GWMP_TURU,Turkey Run,38.96341835,-77.15764198,Stream,AirTemp,Air Temperature,"Temperature, air",AirTemp,Air Temperature,°C,,,numeric,,,,,,True,True,True
NCRN,GWMP,GW Parkway,George Washington Memorial Parkway,NCRN_GWMP_TURU,NCRN_GWMP_TURU,Turkey Run,38.96341835,-77.15764198,Stream,Discharge,Discharge,Base flow discharge,Discharge,Discharge,cfs,,,numeric,,,,,,True,True,True
NCRN,GWMP,GW Parkway,George Washington Memorial Parkway,NCRN_GWMP_TURU,NCRN_GWMP_TURU,Turkey Run,38.96341835,-77.15764198,Stream,Depth,Depth,Cross-Section Depth,Depth,Depth,ft,,,numeric,,,,,,True,True,True
NCRN,GWMP,GW Parkway,George Washington Memorial Parkway,NCRN_GWMP_TURU,NCRN_GWMP_TURU,Turkey Run,38.96341835,-77.15764198,Stream,WaterTemp,Water Temperature,"Temperature, water",WaterTemp,Water Temperature,°C,,32.0,numeric,,Acceptable water temperature is below 32 degrees C for warm water streams.,"District DOE, 2010, State of MD 2010, State of WV 2011, VA Water Control Board 2011",,>=,True,True,True
NCRN,GWMP,GW Parkway,George Washington Memorial Parkway,NCRN_GWMP_TURU,NCRN_GWMP_TURU,Turkey Run,38.96341835,-77.15764198,Stream,SC,Specific Conductance,Specific conductance,SC,Specific Conductance,µS/cm,,171.0,numeric,,Acceptable specific conductance is below 171 uS/cm.,Morgan et al. 2007,,>=,True,True,True
NCRN,GWMP,GW Parkway,George Washington Memorial Parkway,NCRN_GWMP_TURU,NCRN_GWMP_TURU,Turkey Run,38.96341835,-77.15764198,Stream,pH,pH,pH,pH,pH,pH Units,6.0,9.0,numeric,Acceptable pH is greater than or equal to 6.,Acceptable pH is less than or equal to 9.,"District DOE, 2010, State of MD 2010, State of WV 2011, VA Water Control Board 2011",<,>,True,True,True
NCRN,GWMP,GW Parkway,George Washington Memorial Parkway,NCRN_GWMP_TURU,NCRN_GWMP_TURU,Turkey Run,38.96341835,-77.15764198,Stream,DOmg,DO Concentration,Dissolved oxygen (DO),DOmg,Dissolved Oxygen,mg/L,5.0,,numeric,Acceptable dissolved oxygen is above 5.0 mg/L for warm water streams and above 6.0 mg/L for cold water streams.,,"District DOE, 2010, State of MD 2010, State of WV 2011, VA Water Control Board 2011",<=,,True,True,True
NCRN,GWMP,GW Parkway,George Washington Memorial Parkway,NCRN_GWMP_TURU,NCRN_GWMP_TURU,Turkey Run,38.96341835,-77.15764198,Stream,DOper,DO Saturation,Dissolved oxygen saturation,DOper,Dissolved Oxygen,percent,,,numeric,,,,,,True,True,True
NCRN,GWMP,GW Parkway,George Washington Memorial Parkway,NCRN_GWMP_TURU,NCRN_GWMP_TURU,Turkey Run,38.96341835,-77.15764198,Stream,ANC,ANC,Acid Neutralizing Capacity (ANC),ANC,Acid Neutralizing Capacity,µeq/L,200.0,,numeric,Acceptable acid neutralizing capacity is above 200 ueq/L for non-karst terrain.,,Weeks et al. 2007,<=,,True,True,True
NCRN,GWMP,GW Parkway,George Washington Memorial Parkway,NCRN_GWMP_TURU,NCRN_GWMP_TURU,Turkey Run,38.96341835,-77.15764198,Stream,WetWidth,Wetted Width,Wetted Width,WetWidth,Wetted Width,ft,,,numeric,,,,,,True,True,True
NCRN,GWMP,GW Parkway,George Washington Memorial Parkway,NCRN_GWMP_TURU,NCRN_GWMP_TURU,Turkey Run,38.96341835,-77.15764198,Stream,Velocity,Stream Velocity,Velocity - stream,Velocity,Velocity,ft/s,,,numeric,,,,,,True,True,True
NCRN,GWMP,GW Parkway,George Washington Memorial Parkway,NCRN_GWMP_TURU,NCRN_GWMP_TURU,Turkey Run,38.96341835,-77.15764198,Stream,AirPress,Air Pressure,Barometric pressure,AirPress,Air Pressure,mm Hg,,,numeric,,,,,,True,True,True
NCRN,GWMP,GW Parkway,George Washington Memorial Parkway,NCRN_GWMP_TURU,NCRN_GWMP_TURU,Turkey Run,38.96341835,-77.15764198,Stream,Conductivity,Conductivity,Conductivity,Conductivity,Conductivity,µS/cm,,,numeric,,,,,,True,True,True
NCRN,GWMP,GW Parkway,George Washington Memorial Parkway,NCRN_GWMP_TURU,NCRN_GWMP_TURU,Turkey Run,38.96341835,-77.15764198,Stream,Salinity,Salinity,Salinity,Salinity,Salinity,ppt,,0.5,numeric,,Acceptable salinity is less than or equal to 0.5 ppt.,Ramasamy et al. 2014,,>,True,True,True
NCRN,GWMP,GW Parkway,George Washington Memorial Parkway,NCRN_GWMP_TURU,NCRN_GWMP_TURU,Turkey Run,38.96341835,-77.15764198,Stream,TDS,Total Dissolved Solids,Total dissolved solids,TDS,Total Dissolved Solids,mg/L,,,numeric,,,,,,True,True,True
NCRN,GWMP,GW Parkway,George Washington Memorial Parkway,NCRN_GWMP_TURU,NCRN_GWMP_TURU,Turkey Run,38.96341835,-77.15764198,Stream,TotalN,Total Nitrogen,"Total Nitrogen, mixed forms",TotalN,Total Nitrogen,mg/L,,0.69,numeric,,Acceptable total nitrogen is less than or equal to 0.69 mg/L in nutrient ecoregion IX.,EPA 2000,,>,True,True,True
NCRN,GWMP,GW Parkway,George Washington Memorial Parkway,NCRN_GWMP_TURU,NCRN_GWMP_TURU,Turkey Run,38.96341835,-77.15764198,Stream,TotalP,Total Phosphorus,"Total Phosphorus, mixed forms",TotalP,Total Phosphorus,mg/L,,0.037,numeric,,Acceptable total phosphorus is less than or equal to 0.037 mg/L in nutrient ecoregion IX.,EPA 2000,,>,True,False,False
NCRN,GWMP,GW Parkway,George Washington Memorial Parkway,NCRN_GWMP_TURU,NCRN_GWMP_TURU,Turkey Run,38.96341835,-77.15764198,Stream,TotalDN,Total Dissolved Nitrogen,"Total Dissolved Nitrogen, mixed forms",TotalDN,Total Dissolved Nitrogen,mg/L,,,numeric,,,,,,True,False,False
NCRN,GWMP,GW Parkway,George Washington Memorial Parkway,NCRN_GWMP_TURU,NCRN_GWMP_TURU,Turkey Run,38.96341835,-77.15764198,Stream,TotalDP,Total Dissolved Phosphorus,"Total Dissolved Phosphorus, mixed forms",TotalDP,Total Dissolved Phosphorus,mg/L,,,numeric,,,,,,True,False,False
NCRN,GWMP,GW Parkway,George Washington Memorial Parkway,NCRN_GWMP_TURU,NCRN_GWMP_TURU,Turkey Run,38.96341835,-77.15764198,Stream,Ammonia,Ammonia,Ammonia,Ammonia,Ammonia,mg/L,,,numeric,,,,,,True,False,False
NCRN,GWMP,GW Parkway,George Washington Memorial Parkway,NCRN_GWMP_TURU,NCRN_GWMP_TURU,Turkey Run,38.96341835,-77.15764198,Stream,Nitrate,Nitrate,Nitrate,Nitrate,Nitrate,mg/L,,2.0,numeric,,Acceptable nitrate is less than or equal to 2.0 mg/L in nutrient ecoregion IX.,EPA 2000,,>,True,False,False
NCRN,GWMP,GW Parkway,George Washington Memorial Parkway,NCRN_GWMP_TURU,NCRN_GWMP_TURU,Turkey Run,38.96341835,-77.15764198,Stream,Weather,Weather,Weather condition (WMO code 4501) (choice list),Weather,Weather Conditions,,,,factor,,,,,,True,False,False
NCRN,GWMP,GW Parkway,George Washington Memorial Parkway,NCRN_GWMP_TURU,NCRN_GWMP_TURU,Turkey Run,38.96341835,-77.15764198,Stream,Algae,Algae,"Substrate algae, % (choice list)",Algae,Algae,,,,factor,,,,,,True,False,False
NCRN,GWMP,GW Parkway,George Washington Memorial Parkway,NCRN_GWMP_TURU,NCRN_GWMP_TURU,Turkey Run,38.96341835,-77.15764198,Stream,AlgaeColor,Algae Color,Substrate algae color,AlgaeColor,Algae Color,,,,factor,,,,,,True,False,False
NCRN,GWMP,GW Parkway,George Washington Memorial Parkway,NCRN_GWMP_TURU,NCRN_GWMP_TURU,Turkey Run,38.96341835,-77.15764198,Stream,WaterAppearance,Water Appearance,Water appearance (text),WaterAppearance,Water Appearance,,,,factor,,,,,,True,False,False
NCRN,GWMP,GW Parkway,George Washington Memorial Parkway,NCRN_GWMP_TURU,NCRN_GWMP_TURU,Turkey Run,38.96341835,-77.15764198,Stream,FlowCondition,Flow Condition,Stream flow (choice list),FlowCondition,Flow Condition,,,,factor,,,,,,True,False,False
NCRN,GWMP,GW Parkway,George Washington Memorial Parkway,NCRN_GWMP_TURU,NCRN_GWMP_TURU,Turkey Run,38.96341835,-77.15764198,Stream,Orthophosphate,Orthophosphate,Orthophosphate,Orthophosphate,Orthophosphate,mg/L,,,numeric,,,,,,True,False,False
NCRN,GWMP,GW Parkway,George Washington Memorial Parkway,NCRN_GWMP_TURU,NCRN_GWMP_TURU,Turkey Run,38.96341835,-77.15764198,Stream,Turbidity,Turbidity,Turbidity,Turbidity,Turbidity,ntu,,,numeric,,,,,,True,False,False
NCRN,MANA,Manassas,Manassas National Battlefield Park,NCRN_MANA_YOBR,NCRN_MANA_YOBR,Young's Branch,38.81870415,-77.51193434,Stream,AirTemp,Air Temperature,"Temperature, air",AirTemp,Air Temperature,°C,,,numeric,,,,,,True,True,True
NCRN,MANA,Manassas,Manassas National Battlefield Park,NCRN_MANA_YOBR,NCRN_MANA_YOBR,Young's Branch,38.81870415,-77.51193434,Stream,Discharge,Discharge,Base flow discharge,Discharge,Discharge,cfs,,,numeric,,,,,,True,True,True
NCRN,MANA,Manassas,Manassas National Battlefield Park,NCRN_MANA_YOBR,NCRN_MANA_YOBR,Young's Branch,38.81870415,-77.51193434,Stream,Depth,Depth,Cross-Section Depth,Depth,Depth,ft,,,numeric,,,,,,True,True,True
NCRN,MANA,Manassas,Manassas National Battlefield Park,NCRN_MANA_YOBR,NCRN_MANA_YOBR,Young's Branch,38.81870415,-77.51193434,Stream,WaterTemp,Water Temperature,"Temperature, water",WaterTemp,Water Temperature,°C,,32.0,numeric,,Acceptable water temperature is below 32 degrees C for warm water streams.,"District DOE, 2010, State of MD 2010, State of WV 2011, VA Water Control Board 2011",,>=,True,True,True
NCRN,MANA,Manassas,Manassas National Battlefield Park,NCRN_MANA_YOBR,NCRN_MANA_YOBR,Young's Branch,38.81870415,-77.51193434,Stream,SC,Specific Conductance,Specific conductance,SC,Specific Conductance,µS/cm,,171.0,numeric,,Acceptable specific conductance is below 171 uS/cm.,Morgan et al. 2007,,>=,True,True,True
NCRN,MANA,Manassas,Manassas National Battlefield Park,NCRN_MANA_YOBR,NCRN_MANA_YOBR,Young's Branch,38.81870415,-77.51193434,Stream,pH,pH,pH,pH,pH,pH Units,6.0,9.0,numeric,Acceptable pH is greater than or equal to 6.,Acceptable pH is less than or equal to 9.,"District DOE, 2010, State of MD 2010, State of WV 2011, VA Water Control Board 2011",<,>,True,True,True
NCRN,MANA,Manassas,Manassas National Battlefield Park,NCRN_MANA_YOBR,NCRN_MANA_YOBR,Young's Branch,38.81870415,-77.51193434,Stream,DOmg,DO Concentration,Dissolved oxygen (DO),DOmg,Dissolved Oxygen,mg/L,5.0,,numeric,Acceptable dissolved oxygen is above 5.0 mg/L for warm water streams and above 6.0 mg/L for cold water streams.,,"District DOE, 2010, State of MD 2010, State of WV 2011, VA Water Control Board 2011",<=,,True,True,True
NCRN,MANA,Manassas,Manassas National Battlefield Park,NCRN_MANA_YOBR,NCRN_MANA_YOBR,Young's Branch,38.81870415,-77.51193434,Stream,DOper,DO Saturation,Dissolved oxygen saturation,DOper,Dissolved Oxygen,percent,,,numeric,,,,,,True,True,True
NCRN,MANA,Manassas,Manassas National Battlefield Park,NCRN_MANA_YOBR,NCRN_MANA_YOBR,Young's Branch,38.81870415,-77.51193434,Stream,ANC,ANC,Acid Neutralizing Capacity (ANC),ANC,Acid Neutralizing Capacity,µeq/L,200.0,,numeric,Acceptable acid neutralizing capacity is above 200 ueq/L for non-karst terrain.,,Weeks et al. 2007,<=,,True,True,True
NCRN,MANA,Manassas,Manassas National Battlefield Park,NCRN_MANA_YOBR,NCRN_MANA_YOBR,Young's Branch,38.81870415,-77.51193434,Stream,WetWidth,Wetted Width,Wetted Width,WetWidth,Wetted Width,ft,,,numeric,,,,,,True,True,True
NCRN,MANA,Manassas,Manassas National Battlefield Park,NCRN_MANA_YOBR,NCRN_MANA_YOBR,Young's Branch,38.81870415,-77.51193434,Stream,Velocity,Stream Velocity,Velocity - stream,Velocity,Velocity,ft/s,,,numeric,,,,,,True,True,True
NCRN,MANA,Manassas,Manassas National Battlefield Park,NCRN_MANA_YOBR,NCRN_MANA_YOBR,Young's Branch,38.81870415,-77.51193434,Stream,AirPress,Air Pressure,Barometric pressure,AirPress,Air Pressure,mm Hg,,,numeric,,,,,,True,True,True
NCRN,MANA,Manassas,Manassas National Battlefield Park,NCRN_MANA_YOBR,NCRN_MANA_YOBR,Young's Branch,38.81870415,-77.51193434,Stream,Conductivity,Conductivity,Conductivity,Conductivity,Conductivity,µS/cm,,,numeric,,,,,,True,True,True
NCRN,MANA,Manassas,Manassas National Battlefield Park,NCRN_MANA_YOBR,NCRN_MANA_YOBR,Young's Branch,38.81870415,-77.51193434,Stream,Salinity,Salinity,Salinity,Salinity,Salinity,ppt,,0.5,numeric,,Acceptable salinity is less than or equal to 0.5 ppt.,Ramasamy et al. 2014,,>,True,True,True
NCRN,MANA,Manassas,Manassas National Battlefield Park,NCRN_MANA_YOBR,NCRN_MANA_YOBR,Young's Branch,38.81870415,-77.51193434,Stream,TDS,Total Dissolved Solids,Total dissolved solids,TDS,Total Dissolved Solids,mg/L,,,numeric,,,,,,True,True,True
NCRN,MANA,Manassas,Manassas National Battlefield Park,NCRN_MANA_YOBR,NCRN_MANA_YOBR,Young's Branch,38.81870415,-77.51193434,Stream,TotalN,Total Nitrogen,"Total Nitrogen, mixed forms",TotalN,Total Nitrogen,mg/L,,0.69,numeric,,Acceptable total nitrogen is less than or equal to 0.69 mg/L in nutrient ecoregion IX.,EPA 2000,,>,True,True,True
NCRN,MANA,Manassas,Manassas National Battlefield Park,NCRN_MANA_YOBR,NCRN_MANA_YOBR,Young's Branch,38.81870415,-77.51193434,Stream,TotalP,Total Phosphorus,"Total Phosphorus, mixed forms",TotalP,Total Phosphorus,mg/L,,0.037,numeric,,Acceptable phosphorus is less than or equal to 0.037 mg/L in nutrient ecoregion IX.,EPA 2000,,>,True,False,False
NCRN,MANA,Manassas,Manassas National Battlefield Park,NCRN_MANA_YOBR,NCRN_MANA_YOBR,Young's Branch,38.81870415,-77.51193434,Stream,TotalDN,Total Dissolved Nitrogen,"Total Dissolved Nitrogen, mixed forms",TotalDN,Total Dissolved Nitrogen,mg/L,,,numeric,,,,,,True,False,False
NCRN,MANA,Manassas,Manassas National Battlefield Park,NCRN_MANA_YOBR,NCRN_MANA_YOBR,Young's Branch,38.81870415,-77.51193434,Stream,TotalDP,Total Dissolved Phosphorus,"Total Dissolved Phosphorus, mixed forms",TotalDP,Total Dissolved Phosphorus,mg/L,,,numeric,,,,,,True,False,False
NCRN,MANA,Manassas,Manassas National Battlefield Park,NCRN_MANA_YOBR,NCRN_MANA_YOBR,Young's Branch,38.81870415,-77.51193434,Stream,Ammonia,Ammonia,Ammonia,Ammonia,Ammonia,mg/L,,,numeric,,,,,,True,False,False
NCRN,MANA,Manassas,Manassas National Battlefield Park,NCRN_MANA_YOBR,NCRN_MANA_YOBR,Young's Branch,38.81870415,-77.51193434,Stream,Nitrate,Nitrate,Nitrate,Nitrate,Nitrate,mg/L,,0.69,numeric,,Acceptable nitrate is less than or equal to 2.0 mg/L in nutrient ecoregion IX.,EPA 2000,,>,True,False,False
NCRN,MANA,Manassas,Manassas National Battlefield Park,NCRN_MANA_YOBR,NCRN_MANA_YOBR,Young's Branch,38.81870415,-77.51193434,Stream,Weather,Weather,Weather condition (WMO code 4501) (choice list),Weather,Weather Conditions,,,,factor,,,,,,True,False,False
NCRN,MANA,Manassas,Manassas National Battlefield Park,NCRN_MANA_YOBR,NCRN_MANA_YOBR,Young's Branch,38.81870415,-77.51193434,Stream,Algae,Algae,"Substrate algae, % (choice list)",Algae,Algae,,,,factor,,,,,,True,False,False
NCRN,MANA,Manassas,Manassas National Battlefield Park,NCRN_MANA_YOBR,NCRN_MANA_YOBR,Young's Branch,38.81870415,-77.51193434,Stream,AlgaeColor,Algae Color,Substrate algae color,AlgaeColor,Algae Color,,,,factor,,,,,,True,False,False
NCRN,MANA,Manassas,Manassas National Battlefield Park,NCRN_MANA_YOBR,NCRN_MANA_YOBR,Young's Branch,38.81870415,-77.51193434,Stream,WaterAppearance,Water Appearance,Water appearance (text),WaterAppearance,Water Appearance,,,,factor,,,,,,True,False,False
NCRN,MANA,Manassas,Manassas National Battlefield Park,NCRN_MANA_YOBR,NCRN_MANA_YOBR,Young's Branch,38.81870415,-77.51193434,Stream,FlowCondition,Flow Condition,Stream flow (choice list),FlowCondition,Flow Condition,,,,factor,,,,,,True,False,False
NCRN,MANA,Manassas,Manassas National Battlefield Park,NCRN_MANA_YOBR,NCRN_MANA_YOBR,Young's Branch,38.81870415,-77.51193434,Stream,Orthophosphate,Orthophosphate,Orthophosphate,Orthophosphate,Orthophosphate,mg/L,,,numeric,,,,,,True,False,False
NCRN,MANA,Manassas,Manassas National Battlefield Park,NCRN_MANA_YOBR,NCRN_MANA_YOBR,Young's Branch,38.81870415,-77.51193434,Stream,Turbidity,Turbidity,Turbidity,Turbidity,Turbidity,ntu,,,numeric,,,,,,True,False,False
NCRN,PRWI,Prince William,Prince William Forest Park,NCRN_PRWI_BONE,NCRN_PRWI_BONE,Boneyard Run,38.566619,-77.364022,Stream,AirTemp,Air Temperature,"Temperature, air",AirTemp,Air Temperature,°C,,,numeric,,,,,,True,True,True
NCRN,PRWI,Prince William,Prince William Forest Park,NCRN_PRWI_BONE,NCRN_PRWI_BONE,Boneyard Run,38.566619,-77.364022,Stream,Discharge,Discharge,Base flow discharge,Discharge,Discharge,cfs,,,numeric,,,,,,True,True,True
NCRN,PRWI,Prince William,Prince William Forest Park,NCRN_PRWI_BONE,NCRN_PRWI_BONE,Boneyard Run,38.566619,-77.364022,Stream,Depth,Depth,Cross-Section Depth,Depth,Depth,ft,,,numeric,,,,,,True,True,True
NCRN,PRWI,Prince William,Prince William Forest Park,NCRN_PRWI_BONE,NCRN_PRWI_BONE,Boneyard Run,38.566619,-77.364022,Stream,WaterTemp,Water Temperature,"Temperature, water",WaterTemp,Water Temperature,°C,,32.0,numeric,,Acceptable water temperature is below 32 degrees C for warm water streams.,"District DOE, 2010, State of MD 2010, State of WV 2011, VA Water Control Board 2011",,>=,True,True,True
NCRN,PRWI,Prince William,Prince William Forest Park,NCRN_PRWI_BONE,NCRN_PRWI_BONE,Boneyard Run,38.566619,-77.364022,Stream,SC,Specific Conductance,Specific conductance,SC,Specific Conductance,µS/cm,,171.0,numeric,,Acceptable specific conductance is below 171 uS/cm.,Morgan et al. 2007,,>=,True,True,True
NCRN,PRWI,Prince William,Prince William Forest Park,NCRN_PRWI_BONE,NCRN_PRWI_BONE,Boneyard Run,38.566619,-77.364022,Stream,pH,pH,pH,pH,pH,pH Units,6.0,9.0,numeric,Acceptable pH is greater than or equal to 6.,Acceptable pH is less than or equal to 9.,"District DOE, 2010, State of MD 2010, State of WV 2011, VA Water Control Board 2011",<,>,True,True,True
NCRN,PRWI,Prince William,Prince William Forest Park,NCRN_PRWI_BONE,NCRN_PRWI_BONE,Boneyard Run,38.566619,-77.364022,Stream,DOmg,DO Concentration,Dissolved oxygen (DO),DOmg,Dissolved Oxygen,mg/L,5.0,,numeric,Acceptable dissolved oxygen is above 5.0 mg/L for warm water streams and above 6.0 mg/L for cold water streams.,,"District DOE, 2010, State of MD 2010, State of WV 2011, VA Water Control Board 2011",<=,,True,True,True
NCRN,PRWI,Prince William,Prince William Forest Park,NCRN_PRWI_BONE,NCRN_PRWI_BONE,Boneyard Run,38.566619,-77.364022,Stream,DOper,DO Saturation,Dissolved oxygen saturation,DOper,Dissolved Oxygen,percent,,,numeric,,,,,,True,True,True
NCRN,PRWI,Prince William,Prince William Forest Park,NCRN_PRWI_BONE,NCRN_PRWI_BONE,Boneyard Run,38.566619,-77.364022,Stream,ANC,ANC,Acid Neutralizing Capacity (ANC),ANC,Acid Neutralizing Capacity,µeq/L,200.0,,numeric,Acceptable acid neutralizing capacity is above 200 ueq/L for non-karst terrain.,,Weeks et al. 2007,<=,,True,True,True
NCRN,PRWI,Prince William,Prince William Forest Park,NCRN_PRWI_BONE,NCRN_PRWI_BONE,Boneyard Run,38.566619,-77.364022,Stream,WetWidth,Wetted Width,Wetted Width,WetWidth,Wetted Width,ft,,,numeric,,,,,,True,True,True
NCRN,PRWI,Prince William,Prince William Forest Park,NCRN_PRWI_BONE,NCRN_PRWI_BONE,Boneyard Run,38.566619,-77.364022,Stream,Velocity,Stream Velocity,Velocity - stream,Velocity,Velocity,ft/s,,,numeric,,,,,,True,True,True
NCRN,PRWI,Prince William,Prince William Forest Park,NCRN_PRWI_BONE,NCRN_PRWI_BONE,Boneyard Run,38.566619,-77.364022,Stream,AirPress,Air Pressure,Barometric pressure,AirPress,Air Pressure,mm Hg,,,numeric,,,,,,True,True,True
NCRN,PRWI,Prince William,Prince William Forest Park,NCRN_PRWI_BONE,NCRN_PRWI_BONE,Boneyard Run,38.566619,-77.364022,Stream,Conductivity,Conductivity,Conductivity,Conductivity,Conductivity,µS/cm,,,numeric,,,,,,True,True,True
NCRN,PRWI,Prince William,Prince William Forest Park,NCRN_PRWI_BONE,NCRN_PRWI_BONE,Boneyard Run,38.566619,-77.364022,Stream,Salinity,Salinity,Salinity,Salinity,Salinity,ppt,,0.5,numeric,,Acceptable salinity is less than or equal to 0.5 ppt.,Ramasamy et al. 2014,,>,True,True,True
NCRN,PRWI,Prince William,Prince William Forest Park,NCRN_PRWI_BONE,NCRN_PRWI_BONE,Boneyard Run,38.566619,-77.364022,Stream,TDS,Total Dissolved Solids,Total dissolved solids,TDS,Total Dissolved Solids,mg/L,,,numeric,,,,,,True,True,True
NCRN,PRWI,Prince William,Prince William Forest Park,NCRN_PRWI_BONE,NCRN_PRWI_BONE,Boneyard Run,38.566619,-77.364022,Stream,TotalN,Total Nitrogen,"Total Nitrogen, mixed forms",TotalN,Total Nitrogen,mg/L,,0.69,numeric,,Acceptable total nitrogen is less than or equal to 0.69 mg/L in nutrient ecoregion IX.,EPA 2000,,>,True,True,True
NCRN,PRWI,Prince William,Prince William Forest Park,NCRN_PRWI_BONE,NCRN_PRWI_BONE,Boneyard Run,38.566619,-77.364022,Stream,TotalP,Total Phosphorus,"Total Phosphorus, mixed forms",TotalP,Total Phosphorus,mg/L,,0.037,numeric,,Acceptable phosphorus is less than or equal to 0.037 mg/L in nutrient ecoregion IX.,EPA 2000,,>,True,False,False
NCRN,PRWI,Prince William,Prince William Forest Park,NCRN_PRWI_BONE,NCRN_PRWI_BONE,Boneyard Run,38.566619,-77.364022,Stream,TotalDN,Total Dissolved Nitrogen,"Total Dissolved Nitrogen, mixed forms",TotalDN,Total Dissolved Nitrogen,mg/L,,,numeric,,,,,,True,False,False
NCRN,PRWI,Prince William,Prince William Forest Park,NCRN_PRWI_BONE,NCRN_PRWI_BONE,Boneyard Run,38.566619,-77.364022,Stream,TotalDP,Total Dissolved Phosphorus,"Total Dissolved Phosphorus, mixed forms",TotalDP,Total Dissolved Phosphorus,mg/L,,,numeric,,,,,,True,False,False
NCRN,PRWI,Prince William,Prince William Forest Park,NCRN_PRWI_BONE,NCRN_PRWI_BONE,Boneyard Run,38.566619,-77.364022,Stream,Ammonia,Ammonia,Ammonia,Ammonia,Ammonia,mg/L,,,numeric,,,,,,True,False,False
NCRN,PRWI,Prince William,Prince William Forest Park,NCRN_PRWI_BONE,NCRN_PRWI_BONE,Boneyard Run,38.566619,-77.364022,Stream,Nitrate,Nitrate,Nitrate,Nitrate,Nitrate,mg/L,,2.0,numeric,,Acceptable nitrate is less than or equal to 2.0 mg/L in nutrient ecoregion IX.,EPA 2000,,>,True,False,False
NCRN,PRWI,Prince William,Prince William Forest Park,NCRN_PRWI_BONE,NCRN_PRWI_BONE,Boneyard Run,38.566619,-77.364022,Stream,Weather,Weather,Weather condition (WMO code 4501) (choice list),Weather,Weather Conditions,,,,factor,,,,,,True,False,False
NCRN,PRWI,Prince William,Prince William Forest Park,NCRN_PRWI_BONE,NCRN_PRWI_BONE,Boneyard Run,38.566619,-77.364022,Stream,Algae,Algae,"Substrate algae, % (choice list)",Algae,Algae,,,,factor,,,,,,True,False,False
NCRN,PRWI,Prince William,Prince William Forest Park,NCRN_PRWI_BONE,NCRN_PRWI_BONE,Boneyard Run,38.566619,-77.364022,Stream,AlgaeColor,Algae Color,Substrate algae color,AlgaeColor,Algae Color,,,,factor,,,,,,True,False,False
NCRN,PRWI,Prince William,Prince William Forest Park,NCRN_PRWI_BONE,NCRN_PRWI_BONE,Boneyard Run,38.566619,-77.364022,Stream,WaterAppearance,Water Appearance,Water appearance (text),WaterAppearance,Water Appearance,,,,factor,,,,,,True,False,False
NCRN,PRWI,Prince William,Prince William Forest Park,NCRN_PRWI_BONE,NCRN_PRWI_BONE,Boneyard Run,38.566619,-77.364022,Stream,FlowCondition,Flow Condition,Stream flow (choice list),FlowCondition,Flow Condition,,,,factor,,,,,,True,False,False
NCRN,PRWI,Prince William,Prince William Forest Park,NCRN_PRWI_BONE,NCRN_PRWI_BONE,Boneyard Run,38.566619,-77.364022,Stream,Orthophosphate,Orthophosphate,Orthophosphate,Orthophosphate,Orthophosphate,mg/L,,,numeric,,,,,,True,False,False
NCRN,PRWI,Prince William,Prince William Forest Park,NCRN_PRWI_BONE,NCRN_PRWI_BONE,Boneyard Run,38.566619,-77.364022,Stream,Turbidity,Turbidity,Turbidity,Turbidity,Turbidity,ntu,,,numeric,,,,,,True,False,False
NCRN,PRWI,Prince William,Prince William Forest Park,NCRN_PRWI_CARU,NCRN_PRWI_CARU,Carters Run,38.56654012,-77.3646249,Stream,AirTemp,Air Temperature,"Temperature, air",AirTemp,Air Temperature,°C,,,numeric,,,,,,True,True,True
NCRN,PRWI,Prince William,Prince William Forest Park,NCRN_PRWI_CARU,NCRN_PRWI_CARU,Carters Run,38.56654012,-77.3646249,Stream,Discharge,Discharge,Base flow discharge,Discharge,Discharge,cfs,,,numeric,,,,,,True,True,True
NCRN,PRWI,Prince William,Prince William Forest Park,NCRN_PRWI_CARU,NCRN_PRWI_CARU,Carters Run,38.56654012,-77.3646249,Stream,Depth,Depth,Cross-Section Depth,Depth,Depth,ft,,,numeric,,,,,,True,True,True
NCRN,PRWI,Prince William,Prince William Forest Park,NCRN_PRWI_CARU,NCRN_PRWI_CARU,Carters Run,38.56654012,-77.3646249,Stream,WaterTemp,Water Temperature,"Temperature, water",WaterTemp,Water Temperature,°C,,32.0,numeric,,Acceptable water temperature is below 32 degrees C for warm water streams.,"District DOE, 2010, State of MD 2010, State of WV 2011, VA Water Control Board 2011",,>=,True,True,True
NCRN,PRWI,Prince William,Prince William Forest Park,NCRN_PRWI_CARU,NCRN_PRWI_CARU,Carters Run,38.56654012,-77.3646249,Stream,SC,Specific Conductance,Specific conductance,SC,Specific Conductance,µS/cm,,171.0,numeric,,Acceptable specific conductance is below 171 uS/cm.,Morgan et al. 2007,,>=,True,True,True
NCRN,PRWI,Prince William,Prince William Forest Park,NCRN_PRWI_CARU,NCRN_PRWI_CARU,Carters Run,38.56654012,-77.3646249,Stream,pH,pH,pH,pH,pH,pH Units,6.0,9.0,numeric,Acceptable pH is greater than or equal to 6.,Acceptable pH is less than or equal to 9.,"District DOE, 2010, State of MD 2010, State of WV 2011, VA Water Control Board 2011",<,>,True,True,True
NCRN,PRWI,Prince William,Prince William Forest Park,NCRN_PRWI_CARU,NCRN_PRWI_CARU,Carters Run,38.56654012,-77.3646249,Stream,DOmg,DO Concentration,Dissolved oxygen (DO),DOmg,Dissolved Oxygen,mg/L,5.0,,numeric,Acceptable dissolved oxygen is above 5.0 mg/L for warm water streams and above 6.0 mg/L for cold water streams.,,"District DOE, 2010, State of MD 2010, State of WV 2011, VA Water Control Board 2011",<=,,True,True,True
NCRN,PRWI,Prince William,Prince William Forest Park,NCRN_PRWI_CARU,NCRN_PRWI_CARU,Carters Run,38.56654012,-77.3646249,Stream,DOper,DO Saturation,Dissolved oxygen saturation,DOper,Dissolved Oxygen,percent,,,numeric,,,,,,True,True,True
NCRN,PRWI,Prince William,Prince William Forest Park,NCRN_PRWI_CARU,NCRN_PRWI_CARU,Carters Run,38.56654012,-77.3646249,Stream,ANC,ANC,Acid Neutralizing Capacity (ANC),ANC,Acid Neutralizing Capacity,µeq/L,200.0,,numeric,Acceptable acid neutralizing capacity is above 200 ueq/L for non-karst terrain.,,Weeks et al. 2007,<=,,True,True,True
NCRN,PRWI,Prince William,Prince William Forest Park,NCRN_PRWI_CARU,NCRN_PRWI_CARU,Carters Run,38.56654012,-77.3646249,Stream,WetWidth,Wetted Width,Wetted Width,WetWidth,Wetted Width,ft,,,numeric,,,,,,True,True,True
NCRN,PRWI,Prince William,Prince William Forest Park,NCRN_PRWI_CARU,NCRN_PRWI_CARU,Carters Run,38.56654012,-77.3646249,Stream,Velocity,Stream Velocity,Velocity - stream,Velocity,Velocity,ft/s,,,numeric,,,,,,True,True,True
NCRN,PRWI,Prince William,Prince William Forest Park,NCRN_PRWI_CARU,NCRN_PRWI_CARU,Carters Run,38.56654012,-77.3646249,Stream,AirPress,Air Pressure,Barometric pressure,AirPress,Air Pressure,mm Hg,,,numeric,,,,,,True,True,True
NCRN,PRWI,Prince William,Prince William Forest Park,NCRN_PRWI_CARU,NCRN_PRWI_CARU,Carters Run,38.56654012,-77.3646249,Stream,Conductivity,Conductivity,Conductivity,Conductivity,Conductivity,µS/cm,,,numeric,,,,,,True,True,True
NCRN,PRWI,Prince William,Prince William Forest Park,NCRN_PRWI_CARU,NCRN_PRWI_CARU,Carters Run,38.56654012,-77.3646249,Stream,Salinity,Salinity,Salinity,Salinity,Salinity,ppt,,0.5,numeric,,Acceptable salinity is less than or equal to 0.5 ppt.,Ramasamy et al. 2014,,>,True,True,True
NCRN,PRWI,Prince William,Prince William Forest Park,NCRN_PRWI_CARU,NCRN_PRWI_CARU,Carters Run,38.56654012,-77.3646249,Stream,TDS,Total Dissolved Solids,Total dissolved solids,TDS,Total Dissolved Solids,mg/L,,,numeric,,,,,,True,True,True
NCRN,PRWI,Prince William,Prince William Forest Park,NCRN_PRWI_CARU,NCRN_PRWI_CARU,Carters Run,38.56654012,-77.3646249,Stream,TotalN,Total Nitrogen,"Total Nitrogen, mixed forms",TotalN,Total Nitrogen,mg/L,,0.69,numeric,,Acceptable total nitrogen is less than or equal to 0.69 mg/L in nutrient ecoregion IX.,EPA 2000,,>,True,True,True
NCRN,PRWI,Prince William,Prince William Forest Park,NCRN_PRWI_CARU,NCRN_PRWI_CARU,Carters Run,38.56654012,-77.3646249,Stream,TotalP,Total Phosphorus,"Total Phosphorus, mixed forms",TotalP,Total Phosphorus,mg/L,,0.037,numeric,,Acceptable phosphorus is less than or equal to 0.037 mg/L in nutrient ecoregion IX.,EPA 2000,,>,True,False,False
NCRN,PRWI,Prince William,Prince William Forest Park,NCRN_PRWI_CARU,NCRN_PRWI_CARU,Carters Run,38.56654012,-77.3646249,Stream,TotalDN,Total Dissolved Nitrogen,"Total Dissolved Nitrogen, mixed forms",TotalDN,Total Dissolved Nitrogen,mg/L,,,numeric,,,,,,True,False,False
NCRN,PRWI,Prince William,Prince William Forest Park,NCRN_PRWI_CARU,NCRN_PRWI_CARU,Carters Run,38.56654012,-77.3646249,Stream,TotalDP,Total Dissolved Phosphorus,"Total Dissolved Phosphorus, mixed forms",TotalDP,Total Dissolved Phosphorus,mg/L,,,numeric,,,,,,True,False,False
NCRN,PRWI,Prince William,Prince William Forest Park,NCRN_PRWI_CARU,NCRN_PRWI_CARU,Carters Run,38.56654012,-77.3646249,Stream,Ammonia,Ammonia,Ammonia,Ammonia,Ammonia,mg/L,,,numeric,,,,,,True,False,False
NCRN,PRWI,Prince William,Prince William Forest Park,NCRN_PRWI_CARU,NCRN_PRWI_CARU,Carters Run,38.56654012,-77.3646249,Stream,Nitrate,Nitrate,Nitrate,Nitrate,Nitrate,mg/L,,2.0,numeric,,Acceptable nitrate is less than or equal to 2.0 mg/L in nutrient ecoregion IX.,EPA 2000,,>,True,False,False
NCRN,PRWI,Prince William,Prince William Forest Park,NCRN_PRWI_CARU,NCRN_PRWI_CARU,Carters Run,38.56654012,-77.3646249,Stream,Weather,Weather,Weather condition (WMO code 4501) (choice list),Weather,Weather Conditions,,,,factor,,,,,,True,False,False
NCRN,PRWI,Prince William,Prince William Forest Park,NCRN_PRWI_CARU,NCRN_PRWI_CARU,Carters Run,38.56654012,-77.3646249,Stream,Algae,Algae,"Substrate algae, % (choice list)",Algae,Algae,,,,factor,,,,,,True,False,False
NCRN,PRWI,Prince William,Prince William Forest Park,NCRN_PRWI_CARU,NCRN_PRWI_CARU,Carters Run,38.56654012,-77.3646249,Stream,AlgaeColor,Algae Color,Substrate algae color,AlgaeColor,Algae Color,,,,factor,,,,,,True,False,False
NCRN,PRWI,Prince William,Prince William Forest Park,NCRN_PRWI_CARU,NCRN_PRWI_CARU,Carters Run,38.56654012,-77.3646249,Stream,WaterAppearance,Water Appearance,Water appearance (text),WaterAppearance,Water Appearance,,,,factor,,,,,,True,False,False
NCRN,PRWI,Prince William,Prince William Forest Park,NCRN_PRWI_CARU,NCRN_PRWI_CARU,Carters Run,38.56654012,-77.3646249,Stream,FlowCondition,Flow Condition,Stream flow (choice list),FlowCondition,Flow Condition,,,,factor,,,,,,True,False,False
NCRN,PRWI,Prince William,Prince William Forest Park,NCRN_PRWI_CARU,NCRN_PRWI_CARU,Carters Run,38.56654012,-77.3646249,Stream,Orthophosphate,Orthophosphate,Orthophosphate,Orthophosphate,Orthophosphate,mg/L,,,numeric,,,,,,True,False,False
NCRN,PRWI,Prince William,Prince William Forest Park,NCRN_PRWI_CARU,NCRN_PRWI_CARU,Carters Run,38.56654012,-77.3646249,Stream,Turbidity,Turbidity,Turbidity,Turbidity,Turbidity,ntu,,,numeric,,,,,,True,False,False
NCRN,PRWI,Prince William,Prince William Forest Park,NCRN_PRWI_MARU,NCRN_PRWI_MARU,Mawavi Run,38.577732,-77.417682,Stream,AirTemp,Air Temperature,"Temperature, air",AirTemp,Air Temperature,°C,,,numeric,,,,,,True,True,True
NCRN,PRWI,Prince William,Prince William Forest Park,NCRN_PRWI_MARU,NCRN_PRWI_MARU,Mawavi Run,38.577732,-77.417682,Stream,Discharge,Discharge,Base flow discharge,Discharge,Discharge,cfs,,,numeric,,,,,,True,True,True
NCRN,PRWI,Prince William,Prince William Forest Park,NCRN_PRWI_MARU,NCRN_PRWI_MARU,Mawavi Run,38.577732,-77.417682,Stream,Depth,Depth,Cross-Section Depth,Depth,Depth,ft,,,numeric,,,,,,True,True,True
NCRN,PRWI,Prince William,Prince William Forest Park,NCRN_PRWI_MARU,NCRN_PRWI_MARU,Mawavi Run,38.577732,-77.417682,Stream,WaterTemp,Water Temperature,"Temperature, water",WaterTemp,Water Temperature,°C,,32.0,numeric,,Acceptable water temperature is below 32 degrees C for warm water streams.,"District DOE, 2010, State of MD 2010, State of WV 2011, VA Water Control Board 2011",,>=,True,True,True
NCRN,PRWI,Prince William,Prince William Forest Park,NCRN_PRWI_MARU,NCRN_PRWI_MARU,Mawavi Run,38.577732,-77.417682,Stream,SC,Specific Conductance,Specific conductance,SC,Specific Conductance,µS/cm,,171.0,numeric,,Acceptable specific conductance is below 171 uS/cm.,Morgan et al. 2007,,>=,True,True,True
NCRN,PRWI,Prince William,Prince William Forest Park,NCRN_PRWI_MARU,NCRN_PRWI_MARU,Mawavi Run,38.577732,-77.417682,Stream,pH,pH,pH,pH,pH,pH Units,6.0,9.0,numeric,Acceptable pH is greater than or equal to 6.,Acceptable pH is less than or equal to 9.,"District DOE, 2010, State of MD 2010, State of WV 2011, VA Water Control Board 2011",<,>,True,True,True
NCRN,PRWI,Prince William,Prince William Forest Park,NCRN_PRWI_MARU,NCRN_PRWI_MARU,Mawavi Run,38.577732,-77.417682,Stream,DOmg,DO Concentration,Dissolved oxygen (DO),DOmg,Dissolved Oxygen,mg/L,5.0,,numeric,Acceptable dissolved oxygen is above 5.0 mg/L for warm water streams and above 6.0 mg/L for cold water streams.,,"District DOE, 2010, State of MD 2010, State of WV 2011, VA Water Control Board 2011",<=,,True,True,True
NCRN,PRWI,Prince William,Prince William Forest Park,NCRN_PRWI_MARU,NCRN_PRWI_MARU,Mawavi Run,38.577732,-77.417682,Stream,DOper,DO Saturation,Dissolved oxygen saturation,DOper,Dissolved Oxygen,percent,,,numeric,,,,,,True,True,True
NCRN,PRWI,Prince William,Prince William Forest Park,NCRN_PRWI_MARU,NCRN_PRWI_MARU,Mawavi Run,38.577732,-77.417682,Stream,ANC,ANC,Acid Neutralizing Capacity (ANC),ANC,Acid Neutralizing Capacity,µeq/L,200.0,,numeric,Acceptable acid neutralizing capacity is above 200 ueq/L for non-karst terrain.,,Weeks et al. 2007,<=,,True,True,True
NCRN,PRWI,Prince William,Prince William Forest Park,NCRN_PRWI_MARU,NCRN_PRWI_MARU,Mawavi Run,38.577732,-77.417682,Stream,WetWidth,Wetted Width,Wetted Width,WetWidth,Wetted Width,ft,,,numeric,,,,,,True,True,True
NCRN,PRWI,Prince William,Prince William Forest Park,NCRN_PRWI_MARU,NCRN_PRWI_MARU,Mawavi Run,38.577732,-77.417682,Stream,Velocity,Stream Velocity,Velocity - stream,Velocity,Velocity,ft/s,,,numeric,,,,,,True,True,True
NCRN,PRWI,Prince William,Prince William Forest Park,NCRN_PRWI_MARU,NCRN_PRWI_MARU,Mawavi Run,38.577732,-77.417682,Stream,AirPress,Air Pressure,Barometric pressure,AirPress,Air Pressure,mm Hg,,,numeric,,,,,,True,True,True
NCRN,PRWI,Prince William,Prince William Forest Park,NCRN_PRWI_MARU,NCRN_PRWI_MARU,Mawavi Run,38.577732,-77.417682,Stream,Conductivity,Conductivity,Conductivity,Conductivity,Conductivity,µS/cm,,,numeric,,,,,,True,True,True
NCRN,PRWI,Prince William,Prince William Forest Park,NCRN_PRWI_MARU,NCRN_PRWI_MARU,Mawavi Run,38.577732,-77.417682,Stream,Salinity,Salinity,Salinity,Salinity,Salinity,ppt,,0.5,numeric,,Acceptable salinity is less than or equal to 0.5 ppt.,Ramasamy et al. 2014,,>,True,True,True
NCRN,PRWI,Prince William,Prince William Forest Park,NCRN_PRWI_MARU,NCRN_PRWI_MARU,Mawavi Run,38.577732,-77.417682,Stream,TDS,Total Dissolved Solids,Total dissolved solids,TDS,Total Dissolved Solids,mg/L,,,numeric,,,,,,True,True,True
NCRN,PRWI,Prince William,Prince William Forest Park,NCRN_PRWI_MARU,NCRN_PRWI_MARU,Mawavi Run,38.577732,-77.417682,Stream,TotalN,Total Nitrogen,"Total Nitrogen, mixed forms",TotalN,Total Nitrogen,mg/L,,0.69,numeric,,Acceptable total nitrogen is less than or equal to 0.69 mg/L in nutrient ecoregion IX.,EPA 2000,,>,True,True,True
NCRN,PRWI,Prince William,Prince William Forest Park,NCRN_PRWI_MARU,NCRN_PRWI_MARU,Mawavi Run,38.577732,-77.417682,Stream,TotalP,Total Phosphorus,"Total Phosphorus, mixed forms",TotalP,Total Phosphorus,mg/L,,0.037,numeric,,Acceptable phosphorus is less than or equal to 0.037 mg/L in nutrient ecoregion IX.,EPA 2000,,>,True,False,False
NCRN,PRWI,Prince William,Prince William Forest Park,NCRN_PRWI_MARU,NCRN_PRWI_MARU,Mawavi Run,38.577732,-77.417682,Stream,TotalDN,Total Dissolved Nitrogen,"Total Dissolved Nitrogen, mixed forms",TotalDN,Total Dissolved Nitrogen,mg/L,,,numeric,,,,,,True,False,False
NCRN,PRWI,Prince William,Prince William Forest Park,NCRN_PRWI_MARU,NCRN_PRWI_MARU,Mawavi Run,38.577732,-77.417682,Stream,TotalDP,Total Dissolved Phosphorus,"Total Dissolved Phosphorus, mixed forms",TotalDP,Total Dissolved Phosphorus,mg/L,,,numeric,,,,,,True,False,False
NCRN,PRWI,Prince William,Prince William Forest Park,NCRN_PRWI_MARU,NCRN_PRWI_MARU,Mawavi Run,38.577732,-77.417682,Stream,Ammonia,Ammonia,Ammonia,Ammonia,Ammonia,mg/L,,,numeric,,,,,,True,False,False
NCRN,PRWI,Prince William,Prince William Forest Park,NCRN_PRWI_MARU,NCRN_PRWI_MARU,Mawavi Run,38.577732,-77.417682,Stream,Nitrate,Nitrate,Nitrate,Nitrate,Nitrate,mg/L,,2.0,numeric,,Acceptable nitrate is less than or equal to 2.0 mg/L in nutrient ecoregion IX.,EPA 2000,,>,True,False,False
NCRN,PRWI,Prince William,Prince William Forest Park,NCRN_PRWI_MARU,NCRN_PRWI_MARU,Mawavi Run,38.577732,-77.417682,Stream,Weather,Weather,Weather condition (WMO code 4501) (choice list),Weather,Weather Conditions,,,,factor,,,,,,True,False,False
NCRN,PRWI,Prince William,Prince William Forest Park,NCRN_PRWI_MARU,NCRN_PRWI_MARU,Mawavi Run,38.577732,-77.417682,Stream,Algae,Algae,"Substrate algae, % (choice list)",Algae,Algae,,,,factor,,,,,,True,False,False
NCRN,PRWI,Prince William,Prince William Forest Park,NCRN_PRWI_MARU,NCRN_PRWI_MARU,Mawavi Run,38.577732,-77.417682,Stream,AlgaeColor,Algae Color,Substrate algae color,AlgaeColor,Algae Color,,,,factor,,,,,,True,False,False
NCRN,PRWI,Prince William,Prince William Forest Park,NCRN_PRWI_MARU,NCRN_PRWI_MARU,Mawavi Run,38.577732,-77.417682,Stream,WaterAppearance,Water Appearance,Water appearance (text),WaterAppearance,Water Appearance,,,,factor,,,,,,True,False,False
NCRN,PRWI,Prince William,Prince William Forest Park,NCRN_PRWI_MARU,NCRN_PRWI_MARU,Mawavi Run,38.577732,-77.417682,Stream,FlowCondition,Flow Condition,Stream flow (choice list),FlowCondition,Flow Condition,,,,factor,,,,,,True,False,False
NCRN,PRWI,Prince William,Prince William Forest Park,NCRN_PRWI_MARU,NCRN_PRWI_MARU,Mawavi Run,38.577732,-77.417682,Stream,Orthophosphate,Orthophosphate,Orthophosphate,Orthophosphate,Orthophosphate,mg/L,,,numeric,,,,,,True,False,False
NCRN,PRWI,Prince William,Prince William Forest Park,NCRN_PRWI_MARU,NCRN_PRWI_MARU,Mawavi Run,38.577732,-77.417682,Stream,Turbidity,Turbidity,Turbidity,Turbidity,Turbidity,ntu,,,numeric,,,,,,True,False,False
NCRN,PRWI,Prince William,Prince William Forest Park,NCRN_PRWI_MBBR,NCRN_PRWI_MBBR,Mary Byrd Branch,38.56816089,-77.36068682,Stream,AirTemp,Air Temperature,"Temperature, air",AirTemp,Air Temperature,°C,,,numeric,,,,,,True,True,True
NCRN,PRWI,Prince William,Prince William Forest Park,NCRN_PRWI_MBBR,NCRN_PRWI_MBBR,Mary Byrd Branch,38.56816089,-77.36068682,Stream,Discharge,Discharge,Base flow discharge,Discharge,Discharge,cfs,,,numeric,,,,,,True,True,True
NCRN,PRWI,Prince William,Prince William Forest Park,NCRN_PRWI_MBBR,NCRN_PRWI_MBBR,Mary Byrd Branch,38.56816089,-77.36068682,Stream,Depth,Depth,Cross-Section Depth,Depth,Depth,ft,,,numeric,,,,,,True,True,True
NCRN,PRWI,Prince William,Prince William Forest Park,NCRN_PRWI_MBBR,NCRN_PRWI_MBBR,Mary Byrd Branch,38.56816089,-77.36068682,Stream,WaterTemp,Water Temperature,"Temperature, water",WaterTemp,Water Temperature,°C,,32.0,numeric,,Acceptable water temperature is below 32 degrees C for warm water streams.,"District DOE, 2010, State of MD 2010, State of WV 2011, VA Water Control Board 2011",,>=,True,True,True
NCRN,PRWI,Prince William,Prince William Forest Park,NCRN_PRWI_MBBR,NCRN_PRWI_MBBR,Mary Byrd Branch,38.56816089,-77.36068682,Stream,SC,Specific Conductance,Specific conductance,SC,Specific Conductance,µS/cm,,171.0,numeric,,Acceptable specific conductance is below 171 uS/cm.,Morgan et al. 2007,,>=,True,True,True
NCRN,PRWI,Prince William,Prince William Forest Park,NCRN_PRWI_MBBR,NCRN_PRWI_MBBR,Mary Byrd Branch,38.56816089,-77.36068682,Stream,pH,pH,pH,pH,pH,pH Units,6.0,9.0,numeric,Acceptable pH is greater than or equal to 6.,Acceptable pH is less than or equal to 9.,"District DOE, 2010, State of MD 2010, State of WV 2011, VA Water Control Board 2011",<,>,True,True,True
NCRN,PRWI,Prince William,Prince William Forest Park,NCRN_PRWI_MBBR,NCRN_PRWI_MBBR,Mary Byrd Branch,38.56816089,-77.36068682,Stream,DOmg,DO Concentration,Dissolved oxygen (DO),DOmg,Dissolved Oxygen,mg/L,5.0,,numeric,Acceptable dissolved oxygen is above 5.0 mg/L for warm water streams and above 6.0 mg/L for cold water streams.,,"District DOE, 2010, State of MD 2010, State of WV 2011, VA Water Control Board 2011",<=,,True,True,True
NCRN,PRWI,Prince William,Prince William Forest Park,NCRN_PRWI_MBBR,NCRN_PRWI_MBBR,Mary Byrd Branch,38.56816089,-77.36068682,Stream,DOper,DO Saturation,Dissolved oxygen saturation,DOper,Dissolved Oxygen,percent,,,numeric,,,,,,True,True,True
NCRN,PRWI,Prince William,Prince William Forest Park,NCRN_PRWI_MBBR,NCRN_PRWI_MBBR,Mary Byrd Branch,38.56816089,-77.36068682,Stream,ANC,ANC,Acid Neutralizing Capacity (ANC),ANC,Acid Neutralizing Capacity,µeq/L,200.0,,numeric,Acceptable acid neutralizing capacity is above 200 ueq/L for non-karst terrain.,,Weeks et al. 2007,<=,,True,True,True
NCRN,PRWI,Prince William,Prince William Forest Park,NCRN_PRWI_MBBR,NCRN_PRWI_MBBR,Mary Byrd Branch,38.56816089,-77.36068682,Stream,WetWidth,Wetted Width,Wetted Width,WetWidth,Wetted Width,ft,,,numeric,,,,,,True,True,True
NCRN,PRWI,Prince William,Prince William Forest Park,NCRN_PRWI_MBBR,NCRN_PRWI_MBBR,Mary Byrd Branch,38.56816089,-77.36068682,Stream,Velocity,Stream Velocity,Velocity - stream,Velocity,Velocity,ft/s,,,numeric,,,,,,True,True,True
NCRN,PRWI,Prince William,Prince William Forest Park,NCRN_PRWI_MBBR,NCRN_PRWI_MBBR,Mary Byrd Branch,38.56816089,-77.36068682,Stream,AirPress,Air Pressure,Barometric pressure,AirPress,Air Pressure,mm Hg,,,numeric,,,,,,True,True,True
NCRN,PRWI,Prince William,Prince William Forest Park,NCRN_PRWI_MBBR,NCRN_PRWI_MBBR,Mary Byrd Branch,38.56816089,-77.36068682,Stream,Conductivity,Conductivity,Conductivity,Conductivity,Conductivity,µS/cm,,,numeric,,,,,,True,True,True
NCRN,PRWI,Prince William,Prince William Forest Park,NCRN_PRWI_MBBR,NCRN_PRWI_MBBR,Mary Byrd Branch,38.56816089,-77.36068682,Stream,Salinity,Salinity,Salinity,Salinity,Salinity,ppt,,0.5,numeric,,Acceptable salinity is less than or equal to 0.5 ppt.,Ramasamy et al. 2014,,>,True,True,True
NCRN,PRWI,Prince William,Prince William Forest Park,NCRN_PRWI_MBBR,NCRN_PRWI_MBBR,Mary Byrd Branch,38.56816089,-77.36068682,Stream,TDS,Total Dissolved Solids,Total dissolved solids,TDS,Total Dissolved Solids,mg/L,,,numeric,,,,,,True,True,True
NCRN,PRWI,Prince William,Prince William Forest Park,NCRN_PRWI_MBBR,NCRN_PRWI_MBBR,Mary Byrd Branch,38.56816089,-77.36068682,Stream,TotalN,Total Nitrogen,"Total Nitrogen, mixed forms",TotalN,Total Nitrogen,mg/L,,0.69,numeric,,Acceptable total nitrogen is less than or equal to 0.69 mg/L in nutrient ecoregion IX.,EPA 2000,,>,True,True,True
NCRN,PRWI,Prince William,Prince William Forest Park,NCRN_PRWI_MBBR,NCRN_PRWI_MBBR,Mary Byrd Branch,38.56816089,-77.36068682,Stream,TotalP,Total Phosphorus,"Total Phosphorus, mixed forms",TotalP,Total Phosphorus,mg/L,,0.037,numeric,,Acceptable phosphorus is less than or equal to 0.037 mg/L in nutrient ecoregion IX.,EPA 2000,,>,True,False,False
NCRN,PRWI,Prince William,Prince William Forest Park,NCRN_PRWI_MBBR,NCRN_PRWI_MBBR,Mary Byrd Branch,38.56816089,-77.36068682,Stream,TotalDN,Total Dissolved Nitrogen,"Total Dissolved Nitrogen, mixed forms",TotalDN,Total Dissolved Nitrogen,mg/L,,,numeric,,,,,,True,False,False
NCRN,PRWI,Prince William,Prince William Forest Park,NCRN_PRWI_MBBR,NCRN_PRWI_MBBR,Mary Byrd Branch,38.56816089,-77.36068682,Stream,TotalDP,Total Dissolved Phosphorus,"Total Dissolved Phosphorus, mixed forms",TotalDP,Total Dissolved Phosphorus,mg/L,,,numeric,,,,,,True,False,False
NCRN,PRWI,Prince William,Prince William Forest Park,NCRN_PRWI_MBBR,NCRN_PRWI_MBBR,Mary Byrd Branch,38.56816089,-77.36068682,Stream,Ammonia,Ammonia,Ammonia,Ammonia,Ammonia,mg/L,,,numeric,,,,,,True,False,False
NCRN,PRWI,Prince William,Prince William Forest Park,NCRN_PRWI_MBBR,NCRN_PRWI_MBBR,Mary Byrd Branch,38.56816089,-77.36068682,Stream,Nitrate,Nitrate,Nitrate,Nitrate,Nitrate,mg/L,,2.0,numeric,,Acceptable nitrate is less than or equal to 2.0 mg/L in nutrient ecoregion IX.,EPA 2000,,>,True,False,False
NCRN,PRWI,Prince William,Prince William Forest Park,NCRN_PRWI_MBBR,NCRN_PRWI_MBBR,Mary Byrd Branch,38.56816089,-77.36068682,Stream,Weather,Weather,Weather condition (WMO code 4501) (choice list),Weather,Weather Conditions,,,,factor,,,,,,True,False,False
NCRN,PRWI,Prince William,Prince William Forest Park,NCRN_PRWI_MBBR,NCRN_PRWI_MBBR,Mary Byrd Branch,38.56816089,-77.36068682,Stream,Algae,Algae,"Substrate algae, % (choice list)",Algae,Algae,,,,factor,,,,,,True,False,False
NCRN,PRWI,Prince William,Prince William Forest Park,NCRN_PRWI_MBBR,NCRN_PRWI_MBBR,Mary Byrd Branch,38.56816089,-77.36068682,Stream,AlgaeColor,Algae Color,Substrate algae color,AlgaeColor,Algae Color,,,,factor,,,,,,True,False,False
NCRN,PRWI,Prince William,Prince William Forest Park,NCRN_PRWI_MBBR,NCRN_PRWI_MBBR,Mary Byrd Branch,38.56816089,-77.36068682,Stream,WaterAppearance,Water Appearance,Water appearance (text),WaterAppearance,Water Appearance,,,,factor,,,,,,True,False,False
NCRN,PRWI,Prince William,Prince William Forest Park,NCRN_PRWI_MBBR,NCRN_PRWI_MBBR,Mary Byrd Branch,38.56816089,-77.36068682,Stream,FlowCondition,Flow Condition,Stream flow (choice list),FlowCondition,Flow Condition,,,,factor,,,,,,True,False,False
NCRN,PRWI,Prince William,Prince William Forest Park,NCRN_PRWI_MBBR,NCRN_PRWI_MBBR,Mary Byrd Branch,38.56816089,-77.36068682,Stream,Orthophosphate,Orthophosphate,Orthophosphate,Orthophosphate,Orthophosphate,mg/L,,,numeric,,,,,,True,False,False
NCRN,PRWI,Prince William,Prince William Forest Park,NCRN_PRWI_MBBR,NCRN_PRWI_MBBR,Mary Byrd Branch,38.56816089,-77.36068682,Stream,Turbidity,Turbidity,Turbidity,Turbidity,Turbidity,ntu,,,numeric,,,,,,True,False,False
NCRN,PRWI,Prince William,Prince William Forest Park,NCRN_PRWI_NFQC,NCRN_PRWI_NFQC,North Fork Quantico Creek,38.57366071,-77.34719371,Stream,AirTemp,Air Temperature,"Temperature, air",AirTemp,Air Temperature,°C,,,numeric,,,,,,True,True,True
NCRN,PRWI,Prince William,Prince William Forest Park,NCRN_PRWI_NFQC,NCRN_PRWI_NFQC,North Fork Quantico Creek,38.57366071,-77.34719371,Stream,Discharge,Discharge,Base flow discharge,Discharge,Discharge,cfs,,,numeric,,,,,,True,True,True
NCRN,PRWI,Prince William,Prince William Forest Park,NCRN_PRWI_NFQC,NCRN_PRWI_NFQC,North Fork Quantico Creek,38.57366071,-77.34719371,Stream,Depth,Depth,Cross-Section Depth,Depth,Depth,ft,,,numeric,,,,,,True,True,True
NCRN,PRWI,Prince William,Prince William Forest Park,NCRN_PRWI_NFQC,NCRN_PRWI_NFQC,North Fork Quantico Creek,38.57366071,-77.34719371,Stream,WaterTemp,Water Temperature,"Temperature, water",WaterTemp,Water Temperature,°C,,32.0,numeric,,Acceptable water temperature is below 32 degrees C for warm water streams.,"District DOE, 2010, State of MD 2010, State of WV 2011, VA Water Control Board 2011",,>=,True,True,True
NCRN,PRWI,Prince William,Prince William Forest Park,NCRN_PRWI_NFQC,NCRN_PRWI_NFQC,North Fork Quantico Creek,38.57366071,-77.34719371,Stream,SC,Specific Conductance,Specific conductance,SC,Specific Conductance,µS/cm,,171.0,numeric,,Acceptable specific conductance is below 171 uS/cm.,Morgan et al. 2007,,>=,True,True,True
NCRN,PRWI,Prince William,Prince William Forest Park,NCRN_PRWI_NFQC,NCRN_PRWI_NFQC,North Fork Quantico Creek,38.57366071,-77.34719371,Stream,pH,pH,pH,pH,pH,pH Units,6.0,9.0,numeric,Acceptable pH is greater than or equal to 6.,Acceptable pH is less than or equal to 9.,"District DOE, 2010, State of MD 2010, State of WV 2011, VA Water Control Board 2011",<,>,True,True,True
NCRN,PRWI,Prince William,Prince William Forest Park,NCRN_PRWI_NFQC,NCRN_PRWI_NFQC,North Fork Quantico Creek,38.57366071,-77.34719371,Stream,DOmg,DO Concentration,Dissolved oxygen (DO),DOmg,Dissolved Oxygen,mg/L,5.0,,numeric,Acceptable dissolved oxygen is above 5.0 mg/L for warm water streams and above 6.0 mg/L for cold water streams.,,"District DOE, 2010, State of MD 2010, State of WV 2011, VA Water Control Board 2011",<=,,True,True,True
NCRN,PRWI,Prince William,Prince William Forest Park,NCRN_PRWI_NFQC,NCRN_PRWI_NFQC,North Fork Quantico Creek,38.57366071,-77.34719371,Stream,DOper,DO Saturation,Dissolved oxygen saturation,DOper,Dissolved Oxygen,percent,,,numeric,,,,,,True,True,True
NCRN,PRWI,Prince William,Prince William Forest Park,NCRN_PRWI_NFQC,NCRN_PRWI_NFQC,North Fork Quantico Creek,38.57366071,-77.34719371,Stream,ANC,ANC,Acid Neutralizing Capacity (ANC),ANC,Acid Neutralizing Capacity,µeq/L,200.0,,numeric,Acceptable acid neutralizing capacity is above 200 ueq/L for non-karst terrain.,,Weeks et al. 2007,<=,,True,True,True
NCRN,PRWI,Prince William,Prince William Forest Park,NCRN_PRWI_NFQC,NCRN_PRWI_NFQC,North Fork Quantico Creek,38.57366071,-77.34719371,Stream,WetWidth,Wetted Width,Wetted Width,WetWidth,Wetted Width,ft,,,numeric,,,,,,True,True,True
NCRN,PRWI,Prince William,Prince William Forest Park,NCRN_PRWI_NFQC,NCRN_PRWI_NFQC,North Fork Quantico Creek,38.57366071,-77.34719371,Stream,Velocity,Stream Velocity,Velocity - stream,Velocity,Velocity,ft/s,,,numeric,,,,,,True,True,True
NCRN,PRWI,Prince William,Prince William Forest Park,NCRN_PRWI_NFQC,NCRN_PRWI_NFQC,North Fork Quantico Creek,38.57366071,-77.34719371,Stream,AirPress,Air Pressure,Barometric pressure,AirPress,Air Pressure,mm Hg,,,numeric,,,,,,True,True,True
NCRN,PRWI,Prince William,Prince William Forest Park,NCRN_PRWI_NFQC,NCRN_PRWI_NFQC,North Fork Quantico Creek,38.57366071,-77.34719371,Stream,Conductivity,Conductivity,Conductivity,Conductivity,Conductivity,µS/cm,,,numeric,,,,,,True,True,True
NCRN,PRWI,Prince William,Prince William Forest Park,NCRN_PRWI_NFQC,NCRN_PRWI_NFQC,North Fork Quantico Creek,38.57366071,-77.34719371,Stream,Salinity,Salinity,Salinity,Salinity,Salinity,ppt,,0.5,numeric,,Acceptable salinity is less than or equal to 0.5 ppt.,Ramasamy et al. 2014,,>,True,True,True
NCRN,PRWI,Prince William,Prince William Forest Park,NCRN_PRWI_NFQC,NCRN_PRWI_NFQC,North Fork Quantico Creek,38.57366071,-77.34719371,Stream,TDS,Total Dissolved Solids,Total dissolved solids,TDS,Total Dissolved Solids,mg/L,,,numeric,,,,,,True,True,True
NCRN,PRWI,Prince William,Prince William Forest Park,NCRN_PRWI_NFQC,NCRN_PRWI_NFQC,North Fork Quantico Creek,38.57366071,-77.34719371,Stream,TotalN,Total Nitrogen,"Total Nitrogen, mixed forms",TotalN,Total Nitrogen,mg/L,,0.69,numeric,,Acceptable total nitrogen is less than or equal to 0.69 mg/L in nutrient ecoregion IX.,EPA 2000,,>,True,True,True
NCRN,PRWI,Prince William,Prince William Forest Park,NCRN_PRWI_NFQC,NCRN_PRWI_NFQC,North Fork Quantico Creek,38.57366071,-77.34719371,Stream,TotalP,Total Phosphorus,"Total Phosphorus, mixed forms",TotalP,Total Phosphorus,mg/L,,0.037,numeric,,Acceptable phosphorus is less than or equal to 0.037 mg/L in nutrient ecoregion IX.,EPA 2000,,>,True,False,False
NCRN,PRWI,Prince William,Prince William Forest Park,NCRN_PRWI_NFQC,NCRN_PRWI_NFQC,North Fork Quantico Creek,38.57366071,-77.34719371,Stream,TotalDN,Total Dissolved Nitrogen,"Total Dissolved Nitrogen, mixed forms",TotalDN,Total Dissolved Nitrogen,mg/L,,,numeric,,,,,,True,False,False
NCRN,PRWI,Prince William,Prince William Forest Park,NCRN_PRWI_NFQC,NCRN_PRWI_NFQC,North Fork Quantico Creek,38.57366071,-77.34719371,Stream,TotalDP,Total Dissolved Phosphorus,"Total Dissolved Phosphorus, mixed forms",TotalDP,Total Dissolved Phosphorus,mg/L,,,numeric,,,,,,True,False,False
NCRN,PRWI,Prince William,Prince William Forest Park,NCRN_PRWI_NFQC,NCRN_PRWI_NFQC,North Fork Quantico Creek,38.57366071,-77.34719371,Stream,Ammonia,Ammonia,Ammonia,Ammonia,Ammonia,mg/L,,,numeric,,,,,,True,False,False
NCRN,PRWI,Prince William,Prince William Forest Park,NCRN_PRWI_NFQC,NCRN_PRWI_NFQC,North Fork Quantico Creek,38.57366071,-77.34719371,Stream,Nitrate,Nitrate,Nitrate,Nitrate,Nitrate,mg/L,,2.0,numeric,,Acceptable nitrate is less than or equal to 2.0 mg/L in nutrient ecoregion IX.,EPA 2000,,>,True,False,False
NCRN,PRWI,Prince William,Prince William Forest Park,NCRN_PRWI_NFQC,NCRN_PRWI_NFQC,North Fork Quantico Creek,38.57366071,-77.34719371,Stream,Weather,Weather,Weather condition (WMO code 4501) (choice list),Weather,Weather Conditions,,,,factor,,,,,,True,False,False
NCRN,PRWI,Prince William,Prince William Forest Park,NCRN_PRWI_NFQC,NCRN_PRWI_NFQC,North Fork Quantico Creek,38.57366071,-77.34719371,Stream,Algae,Algae,"Substrate algae, % (choice list)",Algae,Algae,,,,factor,,,,,,True,False,False
NCRN,PRWI,Prince William,Prince William Forest Park,NCRN_PRWI_NFQC,NCRN_PRWI_NFQC,North Fork Quantico Creek,38.57366071,-77.34719371,Stream,AlgaeColor,Algae Color,Substrate algae color,AlgaeColor,Algae Color,,,,factor,,,,,,True,False,False
NCRN,PRWI,Prince William,Prince William Forest Park,NCRN_PRWI_NFQC,NCRN_PRWI_NFQC,North Fork Quantico Creek,38.57366071,-77.34719371,Stream,WaterAppearance,Water Appearance,Water appearance (text),WaterAppearance,Water Appearance,,,,factor,,,,,,True,False,False
NCRN,PRWI,Prince William,Prince William Forest Park,NCRN_PRWI_NFQC,NCRN_PRWI_NFQC,North Fork Quantico Creek,38.57366071,-77.34719371,Stream,FlowCondition,Flow Condition,Stream flow (choice list),FlowCondition,Flow Condition,,,,factor,,,,,,True,False,False
NCRN,PRWI,Prince William,Prince William Forest Park,NCRN_PRWI_NFQC,NCRN_PRWI_NFQC,North Fork Quantico Creek,38.57366071,-77.34719371,Stream,Orthophosphate,Orthophosphate,Orthophosphate,Orthophosphate,Orthophosphate,mg/L,,,numeric,,,,,,True,False,False
NCRN,PRWI,Prince William,Prince William Forest Park,NCRN_PRWI_NFQC,NCRN_PRWI_NFQC,North Fork Quantico Creek,38.57366071,-77.34719371,Stream,Turbidity,Turbidity,Turbidity,Turbidity,Turbidity,ntu,,,numeric,,,,,,True,False,False
NCRN,PRWI,Prince William,Prince William Forest Park,NCRN_PRWI_ORRU,NCRN_PRWI_ORRU,Orenda Run,38.56345843,-77.35708687,Stream,AirTemp,Air Temperature,"Temperature, air",AirTemp,Air Temperature,°C,,,numeric,,,,,,True,True,True
NCRN,PRWI,Prince William,Prince William Forest Park,NCRN_PRWI_ORRU,NCRN_PRWI_ORRU,Orenda Run,38.56345843,-77.35708687,Stream,Discharge,Discharge,Base flow discharge,Discharge,Discharge,cfs,,,numeric,,,,,,True,True,True
NCRN,PRWI,Prince William,Prince William Forest Park,NCRN_PRWI_ORRU,NCRN_PRWI_ORRU,Orenda Run,38.56345843,-77.35708687,Stream,Depth,Depth,Cross-Section Depth,Depth,Depth,ft,,,numeric,,,,,,True,True,True
NCRN,PRWI,Prince William,Prince William Forest Park,NCRN_PRWI_ORRU,NCRN_PRWI_ORRU,Orenda Run,38.56345843,-77.35708687,Stream,WaterTemp,Water Temperature,"Temperature, water",WaterTemp,Water Temperature,°C,,32.0,numeric,,Acceptable water temperature is below 32 degrees C for warm water streams.,"District DOE, 2010, State of MD 2010, State of WV 2011, VA Water Control Board 2011",,>=,True,True,True
NCRN,PRWI,Prince William,Prince William Forest Park,NCRN_PRWI_ORRU,NCRN_PRWI_ORRU,Orenda Run,38.56345843,-77.35708687,Stream,SC,Specific Conductance,Specific conductance,SC,Specific Conductance,µS/cm,,171.0,numeric,,Acceptable specific conductance is below 171 uS/cm.,Morgan et al. 2007,,>=,True,True,True
NCRN,PRWI,Prince William,Prince William Forest Park,NCRN_PRWI_ORRU,NCRN_PRWI_ORRU,Orenda Run,38.56345843,-77.35708687,Stream,pH,pH,pH,pH,pH,pH Units,6.0,9.0,numeric,Acceptable pH is greater than or equal to 6.,Acceptable pH is less than or equal to 9.,"District DOE, 2010, State of MD 2010, State of WV 2011, VA Water Control Board 2011",<,>,True,True,True
NCRN,PRWI,Prince William,Prince William Forest Park,NCRN_PRWI_ORRU,NCRN_PRWI_ORRU,Orenda Run,38.56345843,-77.35708687,Stream,DOmg,DO Concentration,Dissolved oxygen (DO),DOmg,Dissolved Oxygen,mg/L,5.0,,numeric,Acceptable dissolved oxygen is above 5.0 mg/L for warm water streams and above 6.0 mg/L for cold water streams.,,"District DOE, 2010, State of MD 2010, State of WV 2011, VA Water Control Board 2011",<=,,True,True,True
NCRN,PRWI,Prince William,Prince William Forest Park,NCRN_PRWI_ORRU,NCRN_PRWI_ORRU,Orenda Run,38.56345843,-77.35708687,Stream,DOper,DO Saturation,Dissolved oxygen saturation,DOper,Dissolved Oxygen,percent,,,numeric,,,,,,True,True,True
NCRN,PRWI,Prince William,Prince William Forest Park,NCRN_PRWI_ORRU,NCRN_PRWI_ORRU,Orenda Run,38.56345843,-77.35708687,Stream,ANC,ANC,Acid Neutralizing Capacity (ANC),ANC,Acid Neutralizing Capacity,µeq/L,200.0,,numeric,Acceptable acid neutralizing capacity is above 200 ueq/L for non-karst terrain.,,Weeks et al. 2007,<=,,True,True,True
NCRN,PRWI,Prince William,Prince William Forest Park,NCRN_PRWI_ORRU,NCRN_PRWI_ORRU,Orenda Run,38.56345843,-77.35708687,Stream,WetWidth,Wetted Width,Wetted Width,WetWidth,Wetted Width,ft,,,numeric,,,,,,True,True,True
NCRN,PRWI,Prince William,Prince William Forest Park,NCRN_PRWI_ORRU,NCRN_PRWI_ORRU,Orenda Run,38.56345843,-77.35708687,Stream,Velocity,Stream Velocity,Velocity - stream,Velocity,Velocity,ft/s,,,numeric,,,,,,True,True,True
NCRN,PRWI,Prince William,Prince William Forest Park,NCRN_PRWI_ORRU,NCRN_PRWI_ORRU,Orenda Run,38.56345843,-77.35708687,Stream,AirPress,Air Pressure,Barometric pressure,AirPress,Air Pressure,mm Hg,,,numeric,,,,,,True,True,True
NCRN,PRWI,Prince William,Prince William Forest Park,NCRN_PRWI_ORRU,NCRN_PRWI_ORRU,Orenda Run,38.56345843,-77.35708687,Stream,Conductivity,Conductivity,Conductivity,Conductivity,Conductivity,µS/cm,,,numeric,,,,,,True,True,True
NCRN,PRWI,Prince William,Prince William Forest Park,NCRN_PRWI_ORRU,NCRN_PRWI_ORRU,Orenda Run,38.56345843,-77.35708687,Stream,Salinity,Salinity,Salinity,Salinity,Salinity,ppt,,0.5,numeric,,Acceptable salinity is less than or equal to 0.5 ppt.,Ramasamy et al. 2014,,>,True,True,True
NCRN,PRWI,Prince William,Prince William Forest Park,NCRN_PRWI_ORRU,NCRN_PRWI_ORRU,Orenda Run,38.56345843,-77.35708687,Stream,TDS,Total Dissolved Solids,Total dissolved solids,TDS,Total Dissolved Solids,mg/L,,,numeric,,,,,,True,True,True
NCRN,PRWI,Prince William,Prince William Forest Park,NCRN_PRWI_ORRU,NCRN_PRWI_ORRU,Orenda Run,38.56345843,-77.35708687,Stream,TotalN,Total Nitrogen,"Total Nitrogen, mixed forms",TotalN,Total Nitrogen,mg/L,,0.69,numeric,,Acceptable total nitrogen is less than or equal to 0.69 mg/L in nutrient ecoregion IX.,EPA 2000,,>,True,True,True
NCRN,PRWI,Prince William,Prince William Forest Park,NCRN_PRWI_ORRU,NCRN_PRWI_ORRU,Orenda Run,38.56345843,-77.35708687,Stream,TotalP,Total Phosphorus,"Total Phosphorus, mixed forms",TotalP,Total Phosphorus,mg/L,,0.037,numeric,,Acceptable phosphorus is less than or equal to 0.037 mg/L in nutrient ecoregion IX.,EPA 2000,,>,True,False,False
NCRN,PRWI,Prince William,Prince William Forest Park,NCRN_PRWI_ORRU,NCRN_PRWI_ORRU,Orenda Run,38.56345843,-77.35708687,Stream,TotalDN,Total Dissolved Nitrogen,"Total Dissolved Nitrogen, mixed forms",TotalDN,Total Dissolved Nitrogen,mg/L,,,numeric,,,,,,True,False,False
NCRN,PRWI,Prince William,Prince William Forest Park,NCRN_PRWI_ORRU,NCRN_PRWI_ORRU,Orenda Run,38.56345843,-77.35708687,Stream,TotalDP,Total Dissolved Phosphorus,"Total Dissolved Phosphorus, mixed forms",TotalDP,Total Dissolved Phosphorus,mg/L,,,numeric,,,,,,True,False,False
NCRN,PRWI,Prince William,Prince William Forest Park,NCRN_PRWI_ORRU,NCRN_PRWI_ORRU,Orenda Run,38.56345843,-77.35708687,Stream,Ammonia,Ammonia,Ammonia,Ammonia,Ammonia,mg/L,,,numeric,,,,,,True,False,False
NCRN,PRWI,Prince William,Prince William Forest Park,NCRN_PRWI_ORRU,NCRN_PRWI_ORRU,Orenda Run,38.56345843,-77.35708687,Stream,Nitrate,Nitrate,Nitrate,Nitrate,Nitrate,mg/L,,2.0,numeric,,Acceptable nitrate is less than or equal to 2.0 mg/L in nutrient ecoregion IX.,EPA 2000,,>,True,False,False
NCRN,PRWI,Prince William,Prince William Forest Park,NCRN_PRWI_ORRU,NCRN_PRWI_ORRU,Orenda Run,38.56345843,-77.35708687,Stream,Weather,Weather,Weather condition (WMO code 4501) (choice list),Weather,Weather Conditions,,,,factor,,,,,,True,False,False
NCRN,PRWI,Prince William,Prince William Forest Park,NCRN_PRWI_ORRU,NCRN_PRWI_ORRU,Orenda Run,38.56345843,-77.35708687,Stream,Algae,Algae,"Substrate algae, % (choice list)",Algae,Algae,,,,factor,,,,,,True,False,False
NCRN,PRWI,Prince William,Prince William Forest Park,NCRN_PRWI_ORRU,NCRN_PRWI_ORRU,Orenda Run,38.56345843,-77.35708687,Stream,AlgaeColor,Algae Color,Substrate algae color,AlgaeColor,Algae Color,,,,factor,,,,,,True,False,False
NCRN,PRWI,Prince William,Prince William Forest Park,NCRN_PRWI_ORRU,NCRN_PRWI_ORRU,Orenda Run,38.56345843,-77.35708687,Stream,WaterAppearance,Water Appearance,Water appearance (text),WaterAppearance,Water Appearance,,,,factor,,,,,,True,False,False
NCRN,PRWI,Prince William,Prince William Forest Park,NCRN_PRWI_ORRU,NCRN_PRWI_ORRU,Orenda Run,38.56345843,-77.35708687,Stream,FlowCondition,Flow Condition,Stream flow (choice list),FlowCondition,Flow Condition,,,,factor,,,,,,True,False,False
NCRN,PRWI,Prince William,Prince William Forest Park,NCRN_PRWI_ORRU,NCRN_PRWI_ORRU,Orenda Run,38.56345843,-77.35708687,Stream,Orthophosphate,Orthophosphate,Orthophosphate,Orthophosphate,Orthophosphate,mg/L,,,numeric,,,,,,True,False,False
NCRN,PRWI,Prince William,Prince William Forest Park,NCRN_PRWI_ORRU,NCRN_PRWI_ORRU,Orenda Run,38.56345843,-77.35708687,Stream,Turbidity,Turbidity,Turbidity,Turbidity,Turbidity,ntu,,,numeric,,,,,,True,False,False
NCRN,PRWI,Prince William,Prince William Forest Park,NCRN_PRWI_SFQC,NCRN_PRWI_SFQC,South Fork Quantico Creek,38.57265558,-77.34745795,Stream,AirTemp,Air Temperature,"Temperature, air",AirTemp,Air Temperature,°C,,,numeric,,,,,,True,True,True
NCRN,PRWI,Prince William,Prince William Forest Park,NCRN_PRWI_SFQC,NCRN_PRWI_SFQC,South Fork Quantico Creek,38.57265558,-77.34745795,Stream,Discharge,Discharge,Base flow discharge,Discharge,Discharge,cfs,,,numeric,,,,,,True,True,True
NCRN,PRWI,Prince William,Prince William Forest Park,NCRN_PRWI_SFQC,NCRN_PRWI_SFQC,South Fork Quantico Creek,38.57265558,-77.34745795,Stream,Depth,Depth,Cross-Section Depth,Depth,Depth,ft,,,numeric,,,,,,True,True,True
NCRN,PRWI,Prince William,Prince William Forest Park,NCRN_PRWI_SFQC,NCRN_PRWI_SFQC,South Fork Quantico Creek,38.57265558,-77.34745795,Stream,WaterTemp,Water Temperature,"Temperature, water",WaterTemp,Water Temperature,°C,,32.0,numeric,,Acceptable water temperature is below 32 degrees C for warm water streams.,"District DOE, 2010, State of MD 2010, State of WV 2011, VA Water Control Board 2011",,>=,True,True,True
NCRN,PRWI,Prince William,Prince William Forest Park,NCRN_PRWI_SFQC,NCRN_PRWI_SFQC,South Fork Quantico Creek,38.57265558,-77.34745795,Stream,SC,Specific Conductance,Specific conductance,SC,Specific Conductance,µS/cm,,171.0,numeric,,Acceptable specific conductance is below 171 uS/cm.,Morgan et al. 2007,,>=,True,True,True
NCRN,PRWI,Prince William,Prince William Forest Park,NCRN_PRWI_SFQC,NCRN_PRWI_SFQC,South Fork Quantico Creek,38.57265558,-77.34745795,Stream,pH,pH,pH,pH,pH,pH Units,6.0,9.0,numeric,Acceptable pH is greater than or equal to 6.,Acceptable pH is less than or equal to 9.,"District DOE, 2010, State of MD 2010, State of WV 2011, VA Water Control Board 2011",<,>,True,True,True
NCRN,PRWI,Prince William,Prince William Forest Park,NCRN_PRWI_SFQC,NCRN_PRWI_SFQC,South Fork Quantico Creek,38.57265558,-77.34745795,Stream,DOmg,DO Concentration,Dissolved oxygen (DO),DOmg,Dissolved Oxygen,mg/L,5.0,,numeric,Acceptable dissolved oxygen is above 5.0 mg/L for warm water streams and above 6.0 mg/L for cold water streams.,,"District DOE, 2010, State of MD 2010, State of WV 2011, VA Water Control Board 2011",<=,,True,True,True
NCRN,PRWI,Prince William,Prince William Forest Park,NCRN_PRWI_SFQC,NCRN_PRWI_SFQC,South Fork Quantico Creek,38.57265558,-77.34745795,Stream,DOper,DO Saturation,Dissolved oxygen saturation,DOper,Dissolved Oxygen,percent,,,numeric,,,,,,True,True,True
NCRN,PRWI,Prince William,Prince William Forest Park,NCRN_PRWI_SFQC,NCRN_PRWI_SFQC,South Fork Quantico Creek,38.57265558,-77.34745795,Stream,ANC,ANC,Acid Neutralizing Capacity (ANC),ANC,Acid Neutralizing Capacity,µeq/L,200.0,,numeric,Acceptable acid neutralizing capacity is above 200 ueq/L for non-karst terrain.,,Weeks et al. 2007,<=,,True,True,True
NCRN,PRWI,Prince William,Prince William Forest Park,NCRN_PRWI_SFQC,NCRN_PRWI_SFQC,South Fork Quantico Creek,38.57265558,-77.34745795,Stream,WetWidth,Wetted Width,Wetted Width,WetWidth,Wetted Width,ft,,,numeric,,,,,,True,True,True
NCRN,PRWI,Prince William,Prince William Forest Park,NCRN_PRWI_SFQC,NCRN_PRWI_SFQC,South Fork Quantico Creek,38.57265558,-77.34745795,Stream,Velocity,Stream Velocity,Velocity - stream,Velocity,Velocity,ft/s,,,numeric,,,,,,True,True,True
NCRN,PRWI,Prince William,Prince William Forest Park,NCRN_PRWI_SFQC,NCRN_PRWI_SFQC,South Fork Quantico Creek,38.57265558,-77.34745795,Stream,AirPress,Air Pressure,Barometric pressure,AirPress,Air Pressure,mm Hg,,,numeric,,,,,,True,True,True
NCRN,PRWI,Prince William,Prince William Forest Park,NCRN_PRWI_SFQC,NCRN_PRWI_SFQC,South Fork Quantico Creek,38.57265558,-77.34745795,Stream,Conductivity,Conductivity,Conductivity,Conductivity,Conductivity,µS/cm,,,numeric,,,,,,True,True,True
NCRN,PRWI,Prince William,Prince William Forest Park,NCRN_PRWI_SFQC,NCRN_PRWI_SFQC,South Fork Quantico Creek,38.57265558,-77.34745795,Stream,Salinity,Salinity,Salinity,Salinity,Salinity,ppt,,0.5,numeric,,Acceptable salinity is less than or equal to 0.5 ppt.,Ramasamy et al. 2014,,>,True,True,True
NCRN,PRWI,Prince William,Prince William Forest Park,NCRN_PRWI_SFQC,NCRN_PRWI_SFQC,South Fork Quantico Creek,38.57265558,-77.34745795,Stream,TDS,Total Dissolved Solids,Total dissolved solids,TDS,Total Dissolved Solids,mg/L,,,numeric,,,,,,True,True,True
NCRN,PRWI,Prince William,Prince William Forest Park,NCRN_PRWI_SFQC,NCRN_PRWI_SFQC,South Fork Quantico Creek,38.57265558,-77.34745795,Stream,TotalN,Total Nitrogen,"Total Nitrogen, mixed forms",TotalN,Total Nitrogen,mg/L,,0.69,numeric,,Acceptable total nitrogen is less than or equal to 0.69 mg/L in nutrient ecoregion IX.,EPA 2000,,>,True,True,True
NCRN,PRWI,Prince William,Prince William Forest Park,NCRN_PRWI_SFQC,NCRN_PRWI_SFQC,South Fork Quantico Creek,38.57265558,-77.34745795,Stream,TotalP,Total Phosphorus,"Total Phosphorus, mixed forms",TotalP,Total Phosphorus,mg/L,,0.037,numeric,,Acceptable phosphorus is less than or equal to 0.037 mg/L in nutrient ecoregion IX.,EPA 2000,,>,True,False,False
NCRN,PRWI,Prince William,Prince William Forest Park,NCRN_PRWI_SFQC,NCRN_PRWI_SFQC,South Fork Quantico Creek,38.57265558,-77.34745795,Stream,TotalDN,Total Dissolved Nitrogen,"Total Dissolved Nitrogen, mixed forms",TotalDN,Total Dissolved Nitrogen,mg/L,,,numeric,,,,,,True,False,False
NCRN,PRWI,Prince William,Prince William Forest Park,NCRN_PRWI_SFQC,NCRN_PRWI_SFQC,South Fork Quantico Creek,38.57265558,-77.34745795,Stream,TotalDP,Total Dissolved Phosphorus,"Total Dissolved Phosphorus, mixed forms",TotalDP,Total Dissolved Phosphorus,mg/L,,,numeric,,,,,,True,False,False
NCRN,PRWI,Prince William,Prince William Forest Park,NCRN_PRWI_SFQC,NCRN_PRWI_SFQC,South Fork Quantico Creek,38.57265558,-77.34745795,Stream,Ammonia,Ammonia,Ammonia,Ammonia,Ammonia,mg/L,,,numeric,,,,,,True,False,False
NCRN,PRWI,Prince William,Prince William Forest Park,NCRN_PRWI_SFQC,NCRN_PRWI_SFQC,South Fork Quantico Creek,38.57265558,-77.34745795,Stream,Nitrate,Nitrate,Nitrate,Nitrate,Nitrate,mg/L,,2.0,numeric,,Acceptable nitrate is less than or equal to 2.0 mg/L in nutrient ecoregion IX.,EPA 2000,,>,True,False,False
NCRN,PRWI,Prince William,Prince William Forest Park,NCRN_PRWI_SFQC,NCRN_PRWI_SFQC,South Fork Quantico Creek,38.57265558,-77.34745795,Stream,Weather,Weather,Weather condition (WMO code 4501) (choice list),Weather,Weather Conditions,,,,factor,,,,,,True,False,False
NCRN,PRWI,Prince William,Prince William Forest Park,NCRN_PRWI_SFQC,NCRN_PRWI_SFQC,South Fork Quantico Creek,38.57265558,-77.34745795,Stream,Algae,Algae,"Substrate algae, % (choice list)",Algae,Algae,,,,factor,,,,,,True,False,False
NCRN,PRWI,Prince William,Prince William Forest Park,NCRN_PRWI_SFQC,NCRN_PRWI_SFQC,South Fork Quantico Creek,38.57265558,-77.34745795,Stream,AlgaeColor,Algae Color,Substrate algae color,AlgaeColor,Algae Color,,,,factor,,,,,,True,False,False
NCRN,PRWI,Prince William,Prince William Forest Park,NCRN_PRWI_SFQC,NCRN_PRWI_SFQC,South Fork Quantico Creek,38.57265558,-77.34745795,Stream,WaterAppearance,Water Appearance,Water appearance (text),WaterAppearance,Water Appearance,,,,factor,,,,,,True,False,False
NCRN,PRWI,Prince William,Prince William Forest Park,NCRN_PRWI_SFQC,NCRN_PRWI_SFQC,South Fork Quantico Creek,38.57265558,-77.34745795,Stream,FlowCondition,Flow Condition,Stream flow (choice list),FlowCondition,Flow Condition,,,,factor,,,,,,True,False,False
NCRN,PRWI,Prince William,Prince William Forest Park,NCRN_PRWI_SFQC,NCRN_PRWI_SFQC,South Fork Quantico Creek,38.57265558,-77.34745795,Stream,Orthophosphate,Orthophosphate,Orthophosphate,Orthophosphate,Orthophosphate,mg/L,,,numeric,,,,,,True,False,False
NCRN,PRWI,Prince William,Prince William Forest Park,NCRN_PRWI_SFQC,NCRN_PRWI_SFQC,South Fork Quantico Creek,38.57265558,-77.34745795,Stream,Turbidity,Turbidity,Turbidity,Turbidity,Turbidity,ntu,,,numeric,,,,,,True,False,False
NCRN,PRWI,Prince William,Prince William Forest Park,NCRN_PRWI_SORU,NCRN_PRWI_SORU,Sow Run,38.57650941,-77.38164145,Stream,AirTemp,Air Temperature,"Temperature, air",AirTemp,Air Temperature,°C,,,numeric,,,,,,True,True,True
NCRN,PRWI,Prince William,Prince William Forest Park,NCRN_PRWI_SORU,NCRN_PRWI_SORU,Sow Run,38.57650941,-77.38164145,Stream,Discharge,Discharge,Base flow discharge,Discharge,Discharge,cfs,,,numeric,,,,,,True,True,True
NCRN,PRWI,Prince William,Prince William Forest Park,NCRN_PRWI_SORU,NCRN_PRWI_SORU,Sow Run,38.57650941,-77.38164145,Stream,Depth,Depth,Cross-Section Depth,Depth,Depth,ft,,,numeric,,,,,,True,True,True
NCRN,PRWI,Prince William,Prince William Forest Park,NCRN_PRWI_SORU,NCRN_PRWI_SORU,Sow Run,38.57650941,-77.38164145,Stream,WaterTemp,Water Temperature,"Temperature, water",WaterTemp,Water Temperature,°C,,32.0,numeric,,Acceptable water temperature is below 32 degrees C for warm water streams.,"District DOE, 2010, State of MD 2010, State of WV 2011, VA Water Control Board 2011",,>=,True,True,True
NCRN,PRWI,Prince William,Prince William Forest Park,NCRN_PRWI_SORU,NCRN_PRWI_SORU,Sow Run,38.57650941,-77.38164145,Stream,SC,Specific Conductance,Specific conductance,SC,Specific Conductance,µS/cm,,171.0,numeric,,Acceptable specific conductance is below 171 uS/cm.,Morgan et al. 2007,,>=,True,True,True
NCRN,PRWI,Prince William,Prince William Forest Park,NCRN_PRWI_SORU,NCRN_PRWI_SORU,Sow Run,38.57650941,-77.38164145,Stream,pH,pH,pH,pH,pH,pH Units,6.0,9.0,numeric,Acceptable pH is greater than or equal to 6.,Acceptable pH is less than or equal to 9.,"District DOE, 2010, State of MD 2010, State of WV 2011, VA Water Control Board 2011",<,>,True,True,True
NCRN,PRWI,Prince William,Prince William Forest Park,NCRN_PRWI_SORU,NCRN_PRWI_SORU,Sow Run,38.57650941,-77.38164145,Stream,DOmg,DO Concentration,Dissolved oxygen (DO),DOmg,Dissolved Oxygen,mg/L,5.0,,numeric,Acceptable dissolved oxygen is above 5.0 mg/L for warm water streams and above 6.0 mg/L for cold water streams.,,"District DOE, 2010, State of MD 2010, State of WV 2011, VA Water Control Board 2011",<=,,True,True,True
NCRN,PRWI,Prince William,Prince William Forest Park,NCRN_PRWI_SORU,NCRN_PRWI_SORU,Sow Run,38.57650941,-77.38164145,Stream,DOper,DO Saturation,Dissolved oxygen saturation,DOper,Dissolved Oxygen,percent,,,numeric,,,,,,True,True,True
NCRN,PRWI,Prince William,Prince William Forest Park,NCRN_PRWI_SORU,NCRN_PRWI_SORU,Sow Run,38.57650941,-77.38164145,Stream,ANC,ANC,Acid Neutralizing Capacity (ANC),ANC,Acid Neutralizing Capacity,µeq/L,200.0,,numeric,Acceptable acid neutralizing capacity is above 200 ueq/L for non-karst terrain.,,Weeks et al. 2007,<=,,True,True,True
NCRN,PRWI,Prince William,Prince William Forest Park,NCRN_PRWI_SORU,NCRN_PRWI_SORU,Sow Run,38.57650941,-77.38164145,Stream,WetWidth,Wetted Width,Wetted Width,WetWidth,Wetted Width,ft,,,numeric,,,,,,True,True,True
NCRN,PRWI,Prince William,Prince William Forest Park,NCRN_PRWI_SORU,NCRN_PRWI_SORU,Sow Run,38.57650941,-77.38164145,Stream,Velocity,Stream Velocity,Velocity - stream,Velocity,Velocity,ft/s,,,numeric,,,,,,True,True,True
NCRN,PRWI,Prince William,Prince William Forest Park,NCRN_PRWI_SORU,NCRN_PRWI_SORU,Sow Run,38.57650941,-77.38164145,Stream,AirPress,Air Pressure,Barometric pressure,AirPress,Air Pressure,mm Hg,,,numeric,,,,,,True,True,True
NCRN,PRWI,Prince William,Prince William Forest Park,NCRN_PRWI_SORU,NCRN_PRWI_SORU,Sow Run,38.57650941,-77.38164145,Stream,Conductivity,Conductivity,Conductivity,Conductivity,Conductivity,µS/cm,,,numeric,,,,,,True,True,True
NCRN,PRWI,Prince William,Prince William Forest Park,NCRN_PRWI_SORU,NCRN_PRWI_SORU,Sow Run,38.57650941,-77.38164145,Stream,Salinity,Salinity,Salinity,Salinity,Salinity,ppt,,0.5,numeric,,Acceptable salinity is less than or equal to 0.5 ppt.,Ramasamy et al. 2014,,>,True,True,True
NCRN,PRWI,Prince William,Prince William Forest Park,NCRN_PRWI_SORU,NCRN_PRWI_SORU,Sow Run,38.57650941,-77.38164145,Stream,TDS,Total Dissolved Solids,Total dissolved solids,TDS,Total Dissolved Solids,mg/L,,,numeric,,,,,,True,True,True
NCRN,PRWI,Prince William,Prince William Forest Park,NCRN_PRWI_SORU,NCRN_PRWI_SORU,Sow Run,38.57650941,-77.38164145,Stream,TotalN,Total Nitrogen,"Total Nitrogen, mixed forms",TotalN,Total Nitrogen,mg/L,,0.69,numeric,,Acceptable total nitrogen is less than or equal to 0.69 mg/L in nutrient ecoregion IX.,EPA 2000,,>,True,True,True
NCRN,PRWI,Prince William,Prince William Forest Park,NCRN_PRWI_SORU,NCRN_PRWI_SORU,Sow Run,38.57650941,-77.38164145,Stream,TotalP,Total Phosphorus,"Total Phosphorus, mixed forms",TotalP,Total Phosphorus,mg/L,,0.037,numeric,,Acceptable phosphorus is less than or equal to 0.037 mg/L in nutrient ecoregion IX.,EPA 2000,,>,True,False,False
NCRN,PRWI,Prince William,Prince William Forest Park,NCRN_PRWI_SORU,NCRN_PRWI_SORU,Sow Run,38.57650941,-77.38164145,Stream,TotalDN,Total Dissolved Nitrogen,"Total Dissolved Nitrogen, mixed forms",TotalDN,Total Dissolved Nitrogen,mg/L,,,numeric,,,,,,True,False,False
NCRN,PRWI,Prince William,Prince William Forest Park,NCRN_PRWI_SORU,NCRN_PRWI_SORU,Sow Run,38.57650941,-77.38164145,Stream,TotalDP,Total Dissolved Phosphorus,"Total Dissolved Phosphorus, mixed forms",TotalDP,Total Dissolved Phosphorus,mg/L,,,numeric,,,,,,True,False,False
NCRN,PRWI,Prince William,Prince William Forest Park,NCRN_PRWI_SORU,NCRN_PRWI_SORU,Sow Run,38.57650941,-77.38164145,Stream,Ammonia,Ammonia,Ammonia,Ammonia,Ammonia,mg/L,,,numeric,,,,,,True,False,False
NCRN,PRWI,Prince William,Prince William Forest Park,NCRN_PRWI_SORU,NCRN_PRWI_SORU,Sow Run,38.57650941,-77.38164145,Stream,Nitrate,Nitrate,Nitrate,Nitrate,Nitrate,mg/L,,2.0,numeric,,Acceptable nitrate is less than or equal to 2.0 mg/L in nutrient ecoregion IX.,EPA 2000,,>,True,False,False
NCRN,PRWI,Prince William,Prince William Forest Park,NCRN_PRWI_SORU,NCRN_PRWI_SORU,Sow Run,38.57650941,-77.38164145,Stream,Weather,Weather,Weather condition (WMO code 4501) (choice list),Weather,Weather Conditions,,,,factor,,,,,,True,False,False
NCRN,PRWI,Prince William,Prince William Forest Park,NCRN_PRWI_SORU,NCRN_PRWI_SORU,Sow Run,38.57650941,-77.38164145,Stream,Algae,Algae,"Substrate algae, % (choice list)",Algae,Algae,,,,factor,,,,,,True,False,False
NCRN,PRWI,Prince William,Prince William Forest Park,NCRN_PRWI_SORU,NCRN_PRWI_SORU,Sow Run,38.57650941,-77.38164145,Stream,AlgaeColor,Algae Color,Substrate algae color,AlgaeColor,Algae Color,,,,factor,,,,,,True,False,False
NCRN,PRWI,Prince William,Prince William Forest Park,NCRN_PRWI_SORU,NCRN_PRWI_SORU,Sow Run,38.57650941,-77.38164145,Stream,WaterAppearance,Water Appearance,Water appearance (text),WaterAppearance,Water Appearance,,,,factor,,,,,,True,False,False
NCRN,PRWI,Prince William,Prince William Forest Park,NCRN_PRWI_SORU,NCRN_PRWI_SORU,Sow Run,38.57650941,-77.38164145,Stream,FlowCondition,Flow Condition,Stream flow (choice list),FlowCondition,Flow Condition,,,,factor,,,,,,True,False,False
NCRN,PRWI,Prince William,Prince William Forest Park,NCRN_PRWI_SORU,NCRN_PRWI_SORU,Sow Run,38.57650941,-77.38164145,Stream,Orthophosphate,Orthophosphate,Orthophosphate,Orthophosphate,Orthophosphate,mg/L,,,numeric,,,,,,True,False,False
NCRN,PRWI,Prince William,Prince William Forest Park,NCRN_PRWI_SORU,NCRN_PRWI_SORU,Sow Run,38.57650941,-77.38164145,Stream,Turbidity,Turbidity,Turbidity,Turbidity,Turbidity,ntu,,,numeric,,,,,,True,False,False
NCRN,PRWI,Prince William,Prince William Forest Park,NCRN_PRWI_TARU,NCRN_PRWI_TARU,Taylor Run,38.57576233,-77.37502789,Stream,AirTemp,Air Temperature,"Temperature, air",AirTemp,Air Temperature,°C,,,numeric,,,,,,True,True,True
NCRN,PRWI,Prince William,Prince William Forest Park,NCRN_PRWI_TARU,NCRN_PRWI_TARU,Taylor Run,38.57576233,-77.37502789,Stream,Discharge,Discharge,Base flow discharge,Discharge,Discharge,cfs,,,numeric,,,,,,True,True,True
NCRN,PRWI,Prince William,Prince William Forest Park,NCRN_PRWI_TARU,NCRN_PRWI_TARU,Taylor Run,38.57576233,-77.37502789,Stream,Depth,Depth,Cross-Section Depth,Depth,Depth,ft,,,numeric,,,,,,True,True,True
NCRN,PRWI,Prince William,Prince William Forest Park,NCRN_PRWI_TARU,NCRN_PRWI_TARU,Taylor Run,38.57576233,-77.37502789,Stream,WaterTemp,Water Temperature,"Temperature, water",WaterTemp,Water Temperature,°C,,32.0,numeric,,Acceptable water temperature is below 32 degrees C for warm water streams.,"District DOE, 2010, State of MD 2010, State of WV 2011, VA Water Control Board 2011",,>=,True,True,True
NCRN,PRWI,Prince William,Prince William Forest Park,NCRN_PRWI_TARU,NCRN_PRWI_TARU,Taylor Run,38.57576233,-77.37502789,Stream,SC,Specific Conductance,Specific conductance,SC,Specific Conductance,µS/cm,,171.0,numeric,,Acceptable specific conductance is below 171 uS/cm.,Morgan et al. 2007,,>=,True,True,True
NCRN,PRWI,Prince William,Prince William Forest Park,NCRN_PRWI_TARU,NCRN_PRWI_TARU,Taylor Run,38.57576233,-77.37502789,Stream,pH,pH,pH,pH,pH,pH Units,6.0,9.0,numeric,Acceptable pH is greater than or equal to 6.,Acceptable pH is less than or equal to 9.,"District DOE, 2010, State of MD 2010, State of WV 2011, VA Water Control Board 2011",<,>,True,True,True
NCRN,PRWI,Prince William,Prince William Forest Park,NCRN_PRWI_TARU,NCRN_PRWI_TARU,Taylor Run,38.57576233,-77.37502789,Stream,DOmg,DO Concentration,Dissolved oxygen (DO),DOmg,Dissolved Oxygen,mg/L,5.0,,numeric,Acceptable dissolved oxygen is above 5.0 mg/L for warm water streams and above 6.0 mg/L for cold water streams.,,"District DOE, 2010, State of MD 2010, State of WV 2011, VA Water Control Board 2011",<=,,True,True,True
NCRN,PRWI,Prince William,Prince William Forest Park,NCRN_PRWI_TARU,NCRN_PRWI_TARU,Taylor Run,38.57576233,-77.37502789,Stream,DOper,DO Saturation,Dissolved oxygen saturation,DOper,Dissolved Oxygen,percent,,,numeric,,,,,,True,True,True
NCRN,PRWI,Prince William,Prince William Forest Park,NCRN_PRWI_TARU,NCRN_PRWI_TARU,Taylor Run,38.57576233,-77.37502789,Stream,ANC,ANC,Acid Neutralizing Capacity (ANC),ANC,Acid Neutralizing Capacity,µeq/L,200.0,,numeric,Acceptable acid neutralizing capacity is above 200 ueq/L for non-karst terrain.,,Weeks et al. 2007,<=,,True,True,True
NCRN,PRWI,Prince William,Prince William Forest Park,NCRN_PRWI_TARU,NCRN_PRWI_TARU,Taylor Run,38.57576233,-77.37502789,Stream,WetWidth,Wetted Width,Wetted Width,WetWidth,Wetted Width,ft,,,numeric,,,,,,True,True,True
NCRN,PRWI,Prince William,Prince William Forest Park,NCRN_PRWI_TARU,NCRN_PRWI_TARU,Taylor Run,38.57576233,-77.37502789,Stream,Velocity,Stream Velocity,Velocity - stream,Velocity,Velocity,ft/s,,,numeric,,,,,,True,True,True
NCRN,PRWI,Prince William,Prince William Forest Park,NCRN_PRWI_TARU,NCRN_PRWI_TARU,Taylor Run,38.57576233,-77.37502789,Stream,AirPress,Air Pressure,Barometric pressure,AirPress,Air Pressure,mm Hg,,,numeric,,,,,,True,True,True
NCRN,PRWI,Prince William,Prince William Forest Park,NCRN_PRWI_TARU,NCRN_PRWI_TARU,Taylor Run,38.57576233,-77.37502789,Stream,Conductivity,Conductivity,Conductivity,Conductivity,Conductivity,µS/cm,,,numeric,,,,,,True,True,True
NCRN,PRWI,Prince William,Prince William Forest Park,NCRN_PRWI_TARU,NCRN_PRWI_TARU,Taylor Run,38.57576233,-77.37502789,Stream,Salinity,Salinity,Salinity,Salinity,Salinity,ppt,,0.5,numeric,,Acceptable salinity is less than or equal to 0.5 ppt.,Ramasamy et al. 2014,,>,True,True,True
NCRN,PRWI,Prince William,Prince William Forest Park,NCRN_PRWI_TARU,NCRN_PRWI_TARU,Taylor Run,38.57576233,-77.37502789,Stream,TDS,Total Dissolved Solids,Total dissolved solids,TDS,Total Dissolved Solids,mg/L,,,numeric,,,,,,True,True,True
NCRN,PRWI,Prince William,Prince William Forest Park,NCRN_PRWI_TARU,NCRN_PRWI_TARU,Taylor Run,38.57576233,-77.37502789,Stream,TotalN,Total Nitrogen,"Total Nitrogen, mixed forms",TotalN,Total Nitrogen,mg/L,,0.69,numeric,,Acceptable total nitrogen is less than or equal to 0.69 mg/L in nutrient ecoregion IX.,EPA 2000,,>,True,True,True
NCRN,PRWI,Prince William,Prince William Forest Park,NCRN_PRWI_TARU,NCRN_PRWI_TARU,Taylor Run,38.57576233,-77.37502789,Stream,TotalP,Total Phosphorus,"Total Phosphorus, mixed forms",TotalP,Total Phosphorus,mg/L,,0.037,numeric,,Acceptable phosphorus is less than or equal to 0.037 mg/L in nutrient ecoregion IX.,EPA 2000,,>,True,False,False
NCRN,PRWI,Prince William,Prince William Forest Park,NCRN_PRWI_TARU,NCRN_PRWI_TARU,Taylor Run,38.57576233,-77.37502789,Stream,TotalDN,Total Dissolved Nitrogen,"Total Dissolved Nitrogen, mixed forms",TotalDN,Total Dissolved Nitrogen,mg/L,,,numeric,,,,,,True,False,False
NCRN,PRWI,Prince William,Prince William Forest Park,NCRN_PRWI_TARU,NCRN_PRWI_TARU,Taylor Run,38.57576233,-77.37502789,Stream,TotalDP,Total Dissolved Phosphorus,"Total Dissolved Phosphorus, mixed forms",TotalDP,Total Dissolved Phosphorus,mg/L,,,numeric,,,,,,True,False,False
NCRN,PRWI,Prince William,Prince William Forest Park,NCRN_PRWI_TARU,NCRN_PRWI_TARU,Taylor Run,38.57576233,-77.37502789,Stream,Ammonia,Ammonia,Ammonia,Ammonia,Ammonia,mg/L,,,numeric,,,,,,True,False,False
NCRN,PRWI,Prince William,Prince William Forest Park,NCRN_PRWI_TARU,NCRN_PRWI_TARU,Taylor Run,38.57576233,-77.37502789,Stream,Nitrate,Nitrate,Nitrate,Nitrate,Nitrate,mg/L,,2.0,numeric,,Acceptable nitrate is less than or equal to 2.0 mg/L in nutrient ecoregion IX.,EPA 2000,,>,True,False,False
NCRN,PRWI,Prince William,Prince William Forest Park,NCRN_PRWI_TARU,NCRN_PRWI_TARU,Taylor Run,38.57576233,-77.37502789,Stream,Weather,Weather,Weather condition (WMO code 4501) (choice list),Weather,Weather Conditions,,,,factor,,,,,,True,False,False
NCRN,PRWI,Prince William,Prince William Forest Park,NCRN_PRWI_TARU,NCRN_PRWI_TARU,Taylor Run,38.57576233,-77.37502789,Stream,Algae,Algae,"Substrate algae, % (choice list)",Algae,Algae,,,,factor,,,,,,True,False,False
NCRN,PRWI,Prince William,Prince William Forest Park,NCRN_PRWI_TARU,NCRN_PRWI_TARU,Taylor Run,38.57576233,-77.37502789,Stream,AlgaeColor,Algae Color,Substrate algae color,AlgaeColor,Algae Color,,,,factor,,,,,,True,False,False
NCRN,PRWI,Prince William,Prince William Forest Park,NCRN_PRWI_TARU,NCRN_PRWI_TARU,Taylor Run,38.57576233,-77.37502789,Stream,WaterAppearance,Water Appearance,Water appearance (text),WaterAppearance,Water Appearance,,,,factor,,,,,,True,False,False
NCRN,PRWI,Prince William,Prince William Forest Park,NCRN_PRWI_TARU,NCRN_PRWI_TARU,Taylor Run,38.57576233,-77.37502789,Stream,FlowCondition,Flow Condition,Stream flow (choice list),FlowCondition,Flow Condition,,,,factor,,,,,,True,False,False
NCRN,PRWI,Prince William,Prince William Forest Park,NCRN_PRWI_TARU,NCRN_PRWI_TARU,Taylor Run,38.57576233,-77.37502789,Stream,Orthophosphate,Orthophosphate,Orthophosphate,Orthophosphate,Orthophosphate,mg/L,,,numeric,,,,,,True,False,False
NCRN,PRWI,Prince William,Prince William Forest Park,NCRN_PRWI_TARU,NCRN_PRWI_TARU,Taylor Run,38.57576233,-77.37502789,Stream,Turbidity,Turbidity,Turbidity,Turbidity,Turbidity,ntu,,,numeric,,,,,,True,False,False
NCRN,ROCR,Rock Creek,Rock Creek Park,NCRN_ROCR_ROC3,NCRN_ROCR_ROC3,Rock Creek Downstream of Dumbarton Oaks,38.91563964,-77.05886877,Stream,AirTemp,Air Temperature,"Temperature, air",AirTemp,Air Temperature,°C,,,numeric,,,,,,True,True,True
NCRN,ROCR,Rock Creek,Rock Creek Park,NCRN_ROCR_ROC3,NCRN_ROCR_ROC3,Rock Creek Downstream of Dumbarton Oaks,38.91563964,-77.05886877,Stream,Discharge,Discharge,Base flow discharge,Discharge,Discharge,cfs,,,numeric,,,,,,True,True,True
NCRN,ROCR,Rock Creek,Rock Creek Park,NCRN_ROCR_ROC3,NCRN_ROCR_ROC3,Rock Creek Downstream of Dumbarton Oaks,38.91563964,-77.05886877,Stream,Depth,Depth,Cross-Section Depth,Depth,Depth,ft,,,numeric,,,,,,True,True,True
NCRN,ROCR,Rock Creek,Rock Creek Park,NCRN_ROCR_ROC3,NCRN_ROCR_ROC3,Rock Creek Downstream of Dumbarton Oaks,38.91563964,-77.05886877,Stream,WaterTemp,Water Temperature,"Temperature, water",WaterTemp,Water Temperature,°C,,32.0,numeric,,Acceptable water temperature is below 32 degrees C for warm water streams.,"District DOE, 2010, State of MD 2010, State of WV 2011, VA Water Control Board 2011",,>=,True,True,True
NCRN,ROCR,Rock Creek,Rock Creek Park,NCRN_ROCR_ROC3,NCRN_ROCR_ROC3,Rock Creek Downstream of Dumbarton Oaks,38.91563964,-77.05886877,Stream,SC,Specific Conductance,Specific conductance,SC,Specific Conductance,µS/cm,,171.0,numeric,,Acceptable specific conductance is below 171 uS/cm.,Morgan et al. 2007,,>=,True,True,True
NCRN,ROCR,Rock Creek,Rock Creek Park,NCRN_ROCR_ROC3,NCRN_ROCR_ROC3,Rock Creek Downstream of Dumbarton Oaks,38.91563964,-77.05886877,Stream,pH,pH,pH,pH,pH,pH Units,6.0,9.0,numeric,Acceptable pH is greater than or equal to 6.,Acceptable pH is less than or equal to 9.,"District DOE, 2010, State of MD 2010, State of WV 2011, VA Water Control Board 2011",<,>,True,True,True
NCRN,ROCR,Rock Creek,Rock Creek Park,NCRN_ROCR_ROC3,NCRN_ROCR_ROC3,Rock Creek Downstream of Dumbarton Oaks,38.91563964,-77.05886877,Stream,DOmg,DO Concentration,Dissolved oxygen (DO),DOmg,Dissolved Oxygen,mg/L,5.0,,numeric,Acceptable dissolved oxygen is above 5.0 mg/L for warm water streams and above 6.0 mg/L for cold water streams.,,"District DOE, 2010, State of MD 2010, State of WV 2011, VA Water Control Board 2011",<=,,True,True,True
NCRN,ROCR,Rock Creek,Rock Creek Park,NCRN_ROCR_ROC3,NCRN_ROCR_ROC3,Rock Creek Downstream of Dumbarton Oaks,38.91563964,-77.05886877,Stream,DOper,DO Saturation,Dissolved oxygen saturation,DOper,Dissolved Oxygen,percent,,,numeric,,,,,,True,True,True
NCRN,ROCR,Rock Creek,Rock Creek Park,NCRN_ROCR_ROC3,NCRN_ROCR_ROC3,Rock Creek Downstream of Dumbarton Oaks,38.91563964,-77.05886877,Stream,ANC,ANC,Acid Neutralizing Capacity (ANC),ANC,Acid Neutralizing Capacity,µeq/L,200.0,,numeric,Acceptable acid neutralizing capacity is above 200 ueq/L for non-karst terrain.,,Weeks et al. 2007,<=,,True,True,True
NCRN,ROCR,Rock Creek,Rock Creek Park,NCRN_ROCR_ROC3,NCRN_ROCR_ROC3,Rock Creek Downstream of Dumbarton Oaks,38.91563964,-77.05886877,Stream,WetWidth,Wetted Width,Wetted Width,WetWidth,Wetted Width,ft,,,numeric,,,,,,True,True,True
NCRN,ROCR,Rock Creek,Rock Creek Park,NCRN_ROCR_ROC3,NCRN_ROCR_ROC3,Rock Creek Downstream of Dumbarton Oaks,38.91563964,-77.05886877,Stream,Velocity,Stream Velocity,Velocity - stream,Velocity,Velocity,ft/s,,,numeric,,,,,,True,True,True
NCRN,ROCR,Rock Creek,Rock Creek Park,NCRN_ROCR_ROC3,NCRN_ROCR_ROC3,Rock Creek Downstream of Dumbarton Oaks,38.91563964,-77.05886877,Stream,AirPress,Air Pressure,Barometric pressure,AirPress,Air Pressure,mm Hg,,,numeric,,,,,,True,True,True
NCRN,ROCR,Rock Creek,Rock Creek Park,NCRN_ROCR_ROC3,NCRN_ROCR_ROC3,Rock Creek Downstream of Dumbarton Oaks,38.91563964,-77.05886877,Stream,Conductivity,Conductivity,Conductivity,Conductivity,Conductivity,µS/cm,,,numeric,,,,,,True,True,True
NCRN,ROCR,Rock Creek,Rock Creek Park,NCRN_ROCR_ROC3,NCRN_ROCR_ROC3,Rock Creek Downstream of Dumbarton Oaks,38.91563964,-77.05886877,Stream,Salinity,Salinity,Salinity,Salinity,Salinity,ppt,,0.5,numeric,,Acceptable salinity is less than or equal to 0.5 ppt.,Ramasamy et al. 2014,,>,True,True,True
NCRN,ROCR,Rock Creek,Rock Creek Park,NCRN_ROCR_ROC3,NCRN_ROCR_ROC3,Rock Creek Downstream of Dumbarton Oaks,38.91563964,-77.05886877,Stream,TDS,Total Dissolved Solids,Total dissolved solids,TDS,Total Dissolved Solids,mg/L,,,numeric,,,,,,True,True,True
NCRN,ROCR,Rock Creek,Rock Creek Park,NCRN_ROCR_ROC3,NCRN_ROCR_ROC3,Rock Creek Downstream of Dumbarton Oaks,38.91563964,-77.05886877,Stream,TotalN,Total Nitrogen,"Total Nitrogen, mixed forms",TotalN,Total Nitrogen,mg/L,,0.69,numeric,,Acceptable total nitrogen is less than or equal to 0.69 mg/L in nutrient ecoregion IX.,EPA 2000,,>,True,True,True
NCRN,ROCR,Rock Creek,Rock Creek Park,NCRN_ROCR_ROC3,NCRN_ROCR_ROC3,Rock Creek Downstream of Dumbarton Oaks,38.91563964,-77.05886877,Stream,TotalP,Total Phosphorus,"Total Phosphorus, mixed forms",TotalP,Total Phosphorus,mg/L,,0.037,numeric,,Acceptable phosphorus is less than or equal to 0.037 mg/L in nutrient ecoregion IX.,EPA 2000,,>,True,False,False
NCRN,ROCR,Rock Creek,Rock Creek Park,NCRN_ROCR_ROC3,NCRN_ROCR_ROC3,Rock Creek Downstream of Dumbarton Oaks,38.91563964,-77.05886877,Stream,TotalDN,Total Dissolved Nitrogen,"Total Dissolved Nitrogen, mixed forms",TotalDN,Total Dissolved Nitrogen,mg/L,,,numeric,,,,,,True,False,False
NCRN,ROCR,Rock Creek,Rock Creek Park,NCRN_ROCR_ROC3,NCRN_ROCR_ROC3,Rock Creek Downstream of Dumbarton Oaks,38.91563964,-77.05886877,Stream,TotalDP,Total Dissolved Phosphorus,"Total Dissolved Phosphorus, mixed forms",TotalDP,Total Dissolved Phosphorus,mg/L,,,numeric,,,,,,True,False,False
NCRN,ROCR,Rock Creek,Rock Creek Park,NCRN_ROCR_ROC3,NCRN_ROCR_ROC3,Rock Creek Downstream of Dumbarton Oaks,38.91563964,-77.05886877,Stream,Ammonia,Ammonia,Ammonia,Ammonia,Ammonia,mg/L,,,numeric,,,,,,True,False,False
NCRN,ROCR,Rock Creek,Rock Creek Park,NCRN_ROCR_ROC3,NCRN_ROCR_ROC3,Rock Creek Downstream of Dumbarton Oaks,38.91563964,-77.05886877,Stream,Nitrate,Nitrate,Nitrate,Nitrate,Nitrate,mg/L,,2.0,numeric,,Acceptable nitrate is less than or equal to 2.0 mg/L in nutrient ecoregion IX.,EPA 2000,,>,True,False,False
NCRN,ROCR,Rock Creek,Rock Creek Park,NCRN_ROCR_ROC3,NCRN_ROCR_ROC3,Rock Creek Downstream of Dumbarton Oaks,38.91563964,-77.05886877,Stream,Weather,Weather,Weather condition (WMO code 4501) (choice list),Weather,Weather Conditions,,,,factor,,,,,,True,False,False
NCRN,ROCR,Rock Creek,Rock Creek Park,NCRN_ROCR_ROC3,NCRN_ROCR_ROC3,Rock Creek Downstream of Dumbarton Oaks,38.91563964,-77.05886877,Stream,Algae,Algae,"Substrate algae, % (choice list)",Algae,Algae,,,,factor,,,,,,True,False,False
NCRN,ROCR,Rock Creek,Rock Creek Park,NCRN_ROCR_ROC3,NCRN_ROCR_ROC3,Rock Creek Downstream of Dumbarton Oaks,38.91563964,-77.05886877,Stream,AlgaeColor,Algae Color,Substrate algae color,AlgaeColor,Algae Color,,,,factor,,,,,,True,False,False
NCRN,ROCR,Rock Creek,Rock Creek Park,NCRN_ROCR_ROC3,NCRN_ROCR_ROC3,Rock Creek Downstream of Dumbarton Oaks,38.91563964,-77.05886877,Stream,WaterAppearance,Water Appearance,Water appearance (text),WaterAppearance,Water Appearance,,,,factor,,,,,,True,False,False
NCRN,ROCR,Rock Creek,Rock Creek Park,NCRN_ROCR_ROC3,NCRN_ROCR_ROC3,Rock Creek Downstream of Dumbarton Oaks,38.91563964,-77.05886877,Stream,FlowCondition,Flow Condition,Stream flow (choice list),FlowCondition,Flow Condition,,,,factor,,,,,,True,False,False
NCRN,ROCR,Rock Creek,Rock Creek Park,NCRN_ROCR_ROC3,NCRN_ROCR_ROC3,Rock Creek Downstream of Dumbarton Oaks,38.91563964,-77.05886877,Stream,Orthophosphate,Orthophosphate,Orthophosphate,Orthophosphate,Orthophosphate,mg/L,,,numeric,,,,,,True,False,False
NCRN,ROCR,Rock Creek,Rock Creek Park,NCRN_ROCR_ROC3,NCRN_ROCR_ROC3,Rock Creek Downstream of Dumbarton Oaks,38.91563964,-77.05886877,Stream,Turbidity,Turbidity,Turbidity,Turbidity,Turbidity,ntu,,,numeric,,,,,,True,False,False
NCRN,ANTI,Antietam,Antietam National Battlefield,NCRN_ANTI_ANCR,NCRN_ANTI_ANCR,Antietam Creek,39.449778,-77.730194,Stream,AirTemp,Air Temperature,"Temperature, air",AirTemp,Air Temperature,°C,,,numeric,,,,,,False,True,False
NCRN,ANTI,Antietam,Antietam National Battlefield,NCRN_ANTI_ANCR,NCRN_ANTI_ANCR,Antietam Creek,39.449778,-77.730194,Stream,Discharge,Discharge,Base flow discharge,Discharge,Discharge,cfs,,,numeric,,,,,,False,True,False
NCRN,ANTI,Antietam,Antietam National Battlefield,NCRN_ANTI_ANCR,NCRN_ANTI_ANCR,Antietam Creek,39.449778,-77.730194,Stream,Depth,Depth,Cross-Section Depth,Depth,Depth,ft,,,numeric,,,,,,False,True,False
NCRN,ANTI,Antietam,Antietam National Battlefield,NCRN_ANTI_ANCR,NCRN_ANTI_ANCR,Antietam Creek,39.449778,-77.730194,Stream,WaterTemp,Water Temperature,"Temperature, water",WaterTemp,Water Temperature,°C,,32.0,numeric,,Acceptable water temperature is below 32 degrees C for warm water streams.,"District DOE, 2010, State of MD 2010, State of WV 2011, VA Water Control Board 2011",,>=,False,True,False
NCRN,ANTI,Antietam,Antietam National Battlefield,NCRN_ANTI_ANCR,NCRN_ANTI_ANCR,Antietam Creek,39.449778,-77.730194,Stream,SC,Specific Conductance,Specific conductance,SC,Specific Conductance,µS/cm,,171.0,numeric,,Acceptable specific conductance is below 171 uS/cm.,Morgan et al. 2007,,>=,False,True,False
NCRN,ANTI,Antietam,Antietam National Battlefield,NCRN_ANTI_ANCR,NCRN_ANTI_ANCR,Antietam Creek,39.449778,-77.730194,Stream,pH,pH,pH,pH,pH,pH Units,6.0,9.0,numeric,Acceptable pH is greater than or equal to 6.,Acceptable pH is less than or equal to 9.,"District DOE, 2010, State of MD 2010, State of WV 2011, VA Water Control Board 2011",<,>,False,True,False
NCRN,ANTI,Antietam,Antietam National Battlefield,NCRN_ANTI_ANCR,NCRN_ANTI_ANCR,Antietam Creek,39.449778,-77.730194,Stream,DOmg,DO Concentration,Dissolved oxygen (DO),DOmg,Dissolved Oxygen,mg/L,5.0,,numeric,Acceptable dissolved oxygen is above 5.0 mg/L for warm water streams.,,"District DOE, 2010, State of MD 2010, State of WV 2011, VA Water Control Board 2011",<=,,False,True,False
NCRN,ANTI,Antietam,Antietam National Battlefield,NCRN_ANTI_ANCR,NCRN_ANTI_ANCR,Antietam Creek,39.449778,-77.730194,Stream,DOper,DO Saturation,Dissolved oxygen saturation,DOper,Dissolved Oxygen,percent,,,numeric,,,,,,False,True,False
NCRN,ANTI,Antietam,Antietam National Battlefield,NCRN_ANTI_ANCR,NCRN_ANTI_ANCR,Antietam Creek,39.449778,-77.730194,Stream,ANC,ANC,Acid Neutralizing Capacity (ANC),ANC,Acid Neutralizing Capacity,µeq/L,600.0,,numeric,Acceptable acid neutralizing capacity is above 600 ueq/L for karst terrain.,,Weeks et al. 2007,<=,,False,True,False
NCRN,ANTI,Antietam,Antietam National Battlefield,NCRN_ANTI_ANCR,NCRN_ANTI_ANCR,Antietam Creek,39.449778,-77.730194,Stream,WetWidth,Wetted Width,Wetted Width,WetWidth,Wetted Width,ft,,,numeric,,,,,,False,True,False
NCRN,ANTI,Antietam,Antietam National Battlefield,NCRN_ANTI_ANCR,NCRN_ANTI_ANCR,Antietam Creek,39.449778,-77.730194,Stream,Velocity,Stream Velocity,Velocity - stream,Velocity,Velocity,ft/s,,,numeric,,,,,,False,True,False
NCRN,ANTI,Antietam,Antietam National Battlefield,NCRN_ANTI_ANCR,NCRN_ANTI_ANCR,Antietam Creek,39.449778,-77.730194,Stream,AirPress,Air Pressure,Barometric pressure,AirPress,Air Pressure,mm Hg,,,numeric,,,,,,False,True,False
NCRN,ANTI,Antietam,Antietam National Battlefield,NCRN_ANTI_ANCR,NCRN_ANTI_ANCR,Antietam Creek,39.449778,-77.730194,Stream,Conductivity,Conductivity,Conductivity,Conductivity,Conductivity,µS/cm,,,numeric,,,,,,False,True,False
NCRN,ANTI,Antietam,Antietam National Battlefield,NCRN_ANTI_ANCR,NCRN_ANTI_ANCR,Antietam Creek,39.449778,-77.730194,Stream,Salinity,Salinity,Salinity,Salinity,Salinity,ppt,,0.5,numeric,,Acceptable salinity is less than or equal to 0.5 ppt.,Ramasamy et al. 2014,,>,False,True,False
NCRN,ANTI,Antietam,Antietam National Battlefield,NCRN_ANTI_ANCR,NCRN_ANTI_ANCR,Antietam Creek,39.449778,-77.730194,Stream,TDS,Total Dissolved Solids,Total dissolved solids,TDS,Total Dissolved Solids,mg/L,,,numeric,,,,,,False,True,False
NCRN,ANTI,Antietam,Antietam National Battlefield,NCRN_ANTI_ANCR,NCRN_ANTI_ANCR,Antietam Creek,39.449778,-77.730194,Stream,TotalN,Total Nitrogen,"Total Nitrogen, mixed forms",TotalN,Total Nitrogen,mg/L,,0.31,numeric,,Acceptable total nitrogen is less than or equal to 0.31 mg/L in nutrient ecoregion XI.,EPA 2000,,>,False,True,False
NCRN,ANTI,Antietam,Antietam National Battlefield,NCRN_ANTI_ANCR,NCRN_ANTI_ANCR,Antietam Creek,39.449778,-77.730194,Stream,TotalP,Total Phosphorus,"Total Phosphorus, mixed forms",TotalP,Total Phosphorus,mg/L,,0.01,numeric,,Acceptable total phosphorus is less than or equal to 0.01 mg/L in nutrient ecoregion XI.,EPA 2000,,>,False,False,False
NCRN,ANTI,Antietam,Antietam National Battlefield,NCRN_ANTI_ANCR,NCRN_ANTI_ANCR,Antietam Creek,39.449778,-77.730194,Stream,TotalDN,Total Dissolved Nitrogen,"Total Dissolved Nitrogen, mixed forms",TotalDN,Total Dissolved Nitrogen,mg/L,,,numeric,,,,,,False,False,False
NCRN,ANTI,Antietam,Antietam National Battlefield,NCRN_ANTI_ANCR,NCRN_ANTI_ANCR,Antietam Creek,39.449778,-77.730194,Stream,TotalDP,Total Dissolved Phosphorus,"Total Dissolved Phosphorus, mixed forms",TotalDP,Total Dissolved Phosphorus,mg/L,,,numeric,,,,,,False,False,False
NCRN,ANTI,Antietam,Antietam National Battlefield,NCRN_ANTI_ANCR,NCRN_ANTI_ANCR,Antietam Creek,39.449778,-77.730194,Stream,Ammonia,Ammonia,Ammonia,Ammonia,Ammonia,mg/L,,,numeric,,,,,,False,False,False
NCRN,ANTI,Antietam,Antietam National Battlefield,NCRN_ANTI_ANCR,NCRN_ANTI_ANCR,Antietam Creek,39.449778,-77.730194,Stream,Nitrate,Nitrate,Nitrate,Nitrate,Nitrate,mg/L,,0.31,numeric,,Acceptable nitrate is less than or equal to 0.31 mg/L in nutrient ecoregion XI.,EPA 2000,,>,False,False,False
NCRN,ANTI,Antietam,Antietam National Battlefield,NCRN_ANTI_ANCR,NCRN_ANTI_ANCR,Antietam Creek,39.449778,-77.730194,Stream,Weather,Weather,Weather condition (WMO code 4501) (choice list),Weather,Weather Conditions,,,,factor,,,,,,False,False,False
NCRN,ANTI,Antietam,Antietam National Battlefield,NCRN_ANTI_ANCR,NCRN_ANTI_ANCR,Antietam Creek,39.449778,-77.730194,Stream,Algae,Algae,"Substrate algae, % (choice list)",Algae,Algae,,,,factor,,,,,,False,False,False
NCRN,ANTI,Antietam,Antietam National Battlefield,NCRN_ANTI_ANCR,NCRN_ANTI_ANCR,Antietam Creek,39.449778,-77.730194,Stream,AlgaeColor,Algae Color,Substrate algae color,AlgaeColor,Algae Color,,,,factor,,,,,,False,False,False
NCRN,ANTI,Antietam,Antietam National Battlefield,NCRN_ANTI_ANCR,NCRN_ANTI_ANCR,Antietam Creek,39.449778,-77.730194,Stream,WaterAppearance,Water Appearance,Water appearance (text),WaterAppearance,Water Appearance,,,,factor,,,,,,False,False,False
NCRN,ANTI,Antietam,Antietam National Battlefield,NCRN_ANTI_ANCR,NCRN_ANTI_ANCR,Antietam Creek,39.449778,-77.730194,Stream,FlowCondition,Flow Condition,Stream flow (choice list),FlowCondition,Flow Condition,,,,factor,,,,,,False,False,False
NCRN,ANTI,Antietam,Antietam National Battlefield,NCRN_ANTI_ANCR,NCRN_ANTI_ANCR,Antietam Creek,39.449778,-77.730194,Stream,Orthophosphate,Orthophosphate,Orthophosphate,Orthophosphate,Orthophosphate,mg/L,,,numeric,,,,,,False,False,False
NCRN,ANTI,Antietam,Antietam National Battlefield,NCRN_ANTI_ANCR,NCRN_ANTI_ANCR,Antietam Creek,39.449778,-77.730194,Stream,Turbidity,Turbidity,Turbidity,Turbidity,Turbidity,ntu,,,numeric,,,,,,False,False,False
NCRN,CATO,Catoctin,Catoctin Mountain Park,NCRN_CATO_BGHC,NCRN_CATO_BGHC,Big Hunting Creek,39.62618879,-77.44036798,Stream,AirTemp,Air Temperature,"Temperature, air",AirTemp,Air Temperature,°C,,,numeric,,,,,,True,True,True
NCRN,CATO,Catoctin,Catoctin Mountain Park,NCRN_CATO_BGHC,NCRN_CATO_BGHC,Big Hunting Creek,39.62618879,-77.44036798,Stream,Discharge,Discharge,Base flow discharge,Discharge,Discharge,cfs,,,numeric,,,,,,True,True,True
NCRN,CATO,Catoctin,Catoctin Mountain Park,NCRN_CATO_BGHC,NCRN_CATO_BGHC,Big Hunting Creek,39.62618879,-77.44036798,Stream,Depth,Depth,Cross-Section Depth,Depth,Depth,ft,,,numeric,,,,,,True,True,True
NCRN,CATO,Catoctin,Catoctin Mountain Park,NCRN_CATO_BGHC,NCRN_CATO_BGHC,Big Hunting Creek,39.62618879,-77.44036798,Stream,WaterTemp,Water Temperature,"Temperature, water",WaterTemp,Water Temperature,°C,,20.0,numeric,,Acceptable water temperature is below 20 degrees C for cold water streams.,"District DOE, 2010, State of MD 2010, State of WV 2011, VA Water Control Board 2011",,>=,True,True,True
NCRN,CATO,Catoctin,Catoctin Mountain Park,NCRN_CATO_BGHC,NCRN_CATO_BGHC,Big Hunting Creek,39.62618879,-77.44036798,Stream,SC,Specific Conductance,Specific conductance,SC,Specific Conductance,µS/cm,,171.0,numeric,,Acceptable specific conductance is below 171 uS/cm.,Morgan et al. 2007,,>=,True,True,True
NCRN,CATO,Catoctin,Catoctin Mountain Park,NCRN_CATO_BGHC,NCRN_CATO_BGHC,Big Hunting Creek,39.62618879,-77.44036798,Stream,pH,pH,pH,pH,pH,pH Units,6.0,9.0,numeric,Acceptable pH is greater than or equal to 6.,Acceptable pH is less than or equal to 9.,"District DOE, 2010, State of MD 2010, State of WV 2011, VA Water Control Board 2011",<,>,True,True,True
NCRN,CATO,Catoctin,Catoctin Mountain Park,NCRN_CATO_BGHC,NCRN_CATO_BGHC,Big Hunting Creek,39.62618879,-77.44036798,Stream,DOmg,DO Concentration,Dissolved oxygen (DO),DOmg,Dissolved Oxygen,mg/L,6.0,,numeric,Acceptable dissolved oxygen is above 6.0 mg/L for cold water streams.,,"District DOE, 2010, State of MD 2010, State of WV 2011, VA Water Control Board 2011",<=,,True,True,True
NCRN,CATO,Catoctin,Catoctin Mountain Park,NCRN_CATO_BGHC,NCRN_CATO_BGHC,Big Hunting Creek,39.62618879,-77.44036798,Stream,DOper,DO Saturation,Dissolved oxygen saturation,DOper,Dissolved Oxygen,percent,,,numeric,,,,,,True,True,True
NCRN,CATO,Catoctin,Catoctin Mountain Park,NCRN_CATO_BGHC,NCRN_CATO_BGHC,Big Hunting Creek,39.62618879,-77.44036798,Stream,ANC,ANC,Acid Neutralizing Capacity (ANC),ANC,Acid Neutralizing Capacity,µeq/L,200.0,,numeric,Acceptable acid neutralizing capacity is above 200 ueq/L for non-karst terrain.,,Weeks et al. 2007,<=,,True,True,True
NCRN,CATO,Catoctin,Catoctin Mountain Park,NCRN_CATO_BGHC,NCRN_CATO_BGHC,Big Hunting Creek,39.62618879,-77.44036798,Stream,WetWidth,Wetted Width,Wetted Width,WetWidth,Wetted Width,ft,,,numeric,,,,,,True,True,True
NCRN,CATO,Catoctin,Catoctin Mountain Park,NCRN_CATO_BGHC,NCRN_CATO_BGHC,Big Hunting Creek,39.62618879,-77.44036798,Stream,Velocity,Stream Velocity,Velocity - stream,Velocity,Velocity,ft/s,,,numeric,,,,,,True,True,True
NCRN,CATO,Catoctin,Catoctin Mountain Park,NCRN_CATO_BGHC,NCRN_CATO_BGHC,Big Hunting Creek,39.62618879,-77.44036798,Stream,AirPress,Air Pressure,Barometric pressure,AirPress,Air Pressure,mm Hg,,,numeric,,,,,,True,True,True
NCRN,CATO,Catoctin,Catoctin Mountain Park,NCRN_CATO_BGHC,NCRN_CATO_BGHC,Big Hunting Creek,39.62618879,-77.44036798,Stream,Conductivity,Conductivity,Conductivity,Conductivity,Conductivity,µS/cm,,,numeric,,,,,,True,True,True
NCRN,CATO,Catoctin,Catoctin Mountain Park,NCRN_CATO_BGHC,NCRN_CATO_BGHC,Big Hunting Creek,39.62618879,-77.44036798,Stream,Salinity,Salinity,Salinity,Salinity,Salinity,ppt,,0.5,numeric,,Acceptable salinity is less than or equal to 0.5 ppt.,Ramasamy et al. 2014,,>,True,True,True
NCRN,CATO,Catoctin,Catoctin Mountain Park,NCRN_CATO_BGHC,NCRN_CATO_BGHC,Big Hunting Creek,39.62618879,-77.44036798,Stream,TDS,Total Dissolved Solids,Total dissolved solids,TDS,Total Dissolved Solids,mg/L,,,numeric,,,,,,True,True,True
NCRN,CATO,Catoctin,Catoctin Mountain Park,NCRN_CATO_BGHC,NCRN_CATO_BGHC,Big Hunting Creek,39.62618879,-77.44036798,Stream,TotalN,Total Nitrogen,"Total Nitrogen, mixed forms",TotalN,Total Nitrogen,mg/L,,0.31,numeric,,Acceptable total nitrogen is less than or equal to 0.31 mg/L in nutrient ecoregion XI.,EPA 2000,,>,True,True,True
NCRN,CATO,Catoctin,Catoctin Mountain Park,NCRN_CATO_BGHC,NCRN_CATO_BGHC,Big Hunting Creek,39.62618879,-77.44036798,Stream,TotalP,Total Phosphorus,"Total Phosphorus, mixed forms",TotalP,Total Phosphorus,mg/L,,0.01,numeric,,Acceptable total phosphorus is less than or equal to 0.01 mg/L in nutrient ecoregion XI.,EPA 2000,,>,True,False,False
NCRN,CATO,Catoctin,Catoctin Mountain Park,NCRN_CATO_BGHC,NCRN_CATO_BGHC,Big Hunting Creek,39.62618879,-77.44036798,Stream,TotalDN,Total Dissolved Nitrogen,"Total Dissolved Nitrogen, mixed forms",TotalDN,Total Dissolved Nitrogen,mg/L,,,numeric,,,,,,True,False,False
NCRN,CATO,Catoctin,Catoctin Mountain Park,NCRN_CATO_BGHC,NCRN_CATO_BGHC,Big Hunting Creek,39.62618879,-77.44036798,Stream,TotalDP,Total Dissolved Phosphorus,"Total Dissolved Phosphorus, mixed forms",TotalDP,Total Dissolved Phosphorus,mg/L,,,numeric,,,,,,True,False,False
NCRN,CATO,Catoctin,Catoctin Mountain Park,NCRN_CATO_BGHC,NCRN_CATO_BGHC,Big Hunting Creek,39.62618879,-77.44036798,Stream,Ammonia,Ammonia,Ammonia,Ammonia,Ammonia,mg/L,,,numeric,,,,,,True,False,False
NCRN,CATO,Catoctin,Catoctin Mountain Park,NCRN_CATO_BGHC,NCRN_CATO_BGHC,Big Hunting Creek,39.62618879,-77.44036798,Stream,Nitrate,Nitrate,Nitrate,Nitrate,Nitrate,mg/L,,0.31,numeric,,Acceptable nitrate is less than or equal to 0.31 mg/L in nutrient ecoregion XI.,EPA 2000,,>,True,False,False
NCRN,CATO,Catoctin,Catoctin Mountain Park,NCRN_CATO_BGHC,NCRN_CATO_BGHC,Big Hunting Creek,39.62618879,-77.44036798,Stream,Weather,Weather,Weather condition (WMO code 4501) (choice list),Weather,Weather Conditions,,,,factor,,,,,,True,False,False
NCRN,CATO,Catoctin,Catoctin Mountain Park,NCRN_CATO_BGHC,NCRN_CATO_BGHC,Big Hunting Creek,39.62618879,-77.44036798,Stream,Algae,Algae,"Substrate algae, % (choice list)",Algae,Algae,,,,factor,,,,,,True,False,False
NCRN,CATO,Catoctin,Catoctin Mountain Park,NCRN_CATO_BGHC,NCRN_CATO_BGHC,Big Hunting Creek,39.62618879,-77.44036798,Stream,AlgaeColor,Algae Color,Substrate algae color,AlgaeColor,Algae Color,,,,factor,,,,,,True,False,False
NCRN,CATO,Catoctin,Catoctin Mountain Park,NCRN_CATO_BGHC,NCRN_CATO_BGHC,Big Hunting Creek,39.62618879,-77.44036798,Stream,WaterAppearance,Water Appearance,Water appearance (text),WaterAppearance,Water Appearance,,,,factor,,,,,,True,False,False
NCRN,CATO,Catoctin,Catoctin Mountain Park,NCRN_CATO_BGHC,NCRN_CATO_BGHC,Big Hunting Creek,39.62618879,-77.44036798,Stream,FlowCondition,Flow Condition,Stream flow (choice list),FlowCondition,Flow Condition,,,,factor,,,,,,True,False,False
NCRN,CATO,Catoctin,Catoctin Mountain Park,NCRN_CATO_BGHC,NCRN_CATO_BGHC,Big Hunting Creek,39.62618879,-77.44036798,Stream,Orthophosphate,Orthophosphate,Orthophosphate,Orthophosphate,Orthophosphate,mg/L,,,numeric,,,,,,True,False,False
NCRN,CATO,Catoctin,Catoctin Mountain Park,NCRN_CATO_BGHC,NCRN_CATO_BGHC,Big Hunting Creek,39.62618879,-77.44036798,Stream,Turbidity,Turbidity,Turbidity,Turbidity,Turbidity,ntu,,,numeric,,,,,,True,False,False
NCRN,CATO,Catoctin,Catoctin Mountain Park,NCRN_CATO_BLBZ,NCRN_CATO_BLBZ,Blue Blazes Creek,39.63440595,-77.45090091,Stream,AirTemp,Air Temperature,"Temperature, air",AirTemp,Air Temperature,°C,,,numeric,,,,,,True,True,True
NCRN,CATO,Catoctin,Catoctin Mountain Park,NCRN_CATO_BLBZ,NCRN_CATO_BLBZ,Blue Blazes Creek,39.63440595,-77.45090091,Stream,Discharge,Discharge,Base flow discharge,Discharge,Discharge,cfs,,,numeric,,,,,,True,True,True
NCRN,CATO,Catoctin,Catoctin Mountain Park,NCRN_CATO_BLBZ,NCRN_CATO_BLBZ,Blue Blazes Creek,39.63440595,-77.45090091,Stream,Depth,Depth,Cross-Section Depth,Depth,Depth,ft,,,numeric,,,,,,True,True,True
NCRN,CATO,Catoctin,Catoctin Mountain Park,NCRN_CATO_BLBZ,NCRN_CATO_BLBZ,Blue Blazes Creek,39.63440595,-77.45090091,Stream,WaterTemp,Water Temperature,"Temperature, water",WaterTemp,Water Temperature,°C,,20.0,numeric,,Acceptable water temperature is below 20 degrees C for cold water streams.,"District DOE, 2010, State of MD 2010, State of WV 2011, VA Water Control Board 2011",,>=,True,True,True
NCRN,CATO,Catoctin,Catoctin Mountain Park,NCRN_CATO_BLBZ,NCRN_CATO_BLBZ,Blue Blazes Creek,39.63440595,-77.45090091,Stream,SC,Specific Conductance,Specific conductance,SC,Specific Conductance,µS/cm,,171.0,numeric,,Acceptable specific conductance is below 171 uS/cm.,Morgan et al. 2007,,>=,True,True,True
NCRN,CATO,Catoctin,Catoctin Mountain Park,NCRN_CATO_BLBZ,NCRN_CATO_BLBZ,Blue Blazes Creek,39.63440595,-77.45090091,Stream,pH,pH,pH,pH,pH,pH Units,6.0,9.0,numeric,Acceptable pH is greater than or equal to 6.,Acceptable pH is less than or equal to 9.,"District DOE, 2010, State of MD 2010, State of WV 2011, VA Water Control Board 2011",<,>,True,True,True
NCRN,CATO,Catoctin,Catoctin Mountain Park,NCRN_CATO_BLBZ,NCRN_CATO_BLBZ,Blue Blazes Creek,39.63440595,-77.45090091,Stream,DOmg,DO Concentration,Dissolved oxygen (DO),DOmg,Dissolved Oxygen,mg/L,6.0,,numeric,Acceptable dissolved oxygen is above 6.0 mg/L for cold water streams.,,"District DOE, 2010, State of MD 2010, State of WV 2011, VA Water Control Board 2011",<=,,True,True,True
NCRN,CATO,Catoctin,Catoctin Mountain Park,NCRN_CATO_BLBZ,NCRN_CATO_BLBZ,Blue Blazes Creek,39.63440595,-77.45090091,Stream,DOper,DO Saturation,Dissolved oxygen saturation,DOper,Dissolved Oxygen,percent,,,numeric,,,,,,True,True,True
NCRN,CATO,Catoctin,Catoctin Mountain Park,NCRN_CATO_BLBZ,NCRN_CATO_BLBZ,Blue Blazes Creek,39.63440595,-77.45090091,Stream,ANC,ANC,Acid Neutralizing Capacity (ANC),ANC,Acid Neutralizing Capacity,µeq/L,200.0,,numeric,Acceptable acid neutralizing capacity is above 200 ueq/L for non-karst terrain.,,Weeks et al. 2007,<=,,True,True,True
NCRN,CATO,Catoctin,Catoctin Mountain Park,NCRN_CATO_BLBZ,NCRN_CATO_BLBZ,Blue Blazes Creek,39.63440595,-77.45090091,Stream,WetWidth,Wetted Width,Wetted Width,WetWidth,Wetted Width,ft,,,numeric,,,,,,True,True,True
NCRN,CATO,Catoctin,Catoctin Mountain Park,NCRN_CATO_BLBZ,NCRN_CATO_BLBZ,Blue Blazes Creek,39.63440595,-77.45090091,Stream,Velocity,Stream Velocity,Velocity - stream,Velocity,Velocity,ft/s,,,numeric,,,,,,True,True,True
NCRN,CATO,Catoctin,Catoctin Mountain Park,NCRN_CATO_BLBZ,NCRN_CATO_BLBZ,Blue Blazes Creek,39.63440595,-77.45090091,Stream,AirPress,Air Pressure,Barometric pressure,AirPress,Air Pressure,mm Hg,,,numeric,,,,,,True,True,True
NCRN,CATO,Catoctin,Catoctin Mountain Park,NCRN_CATO_BLBZ,NCRN_CATO_BLBZ,Blue Blazes Creek,39.63440595,-77.45090091,Stream,Conductivity,Conductivity,Conductivity,Conductivity,Conductivity,µS/cm,,,numeric,,,,,,True,True,True
NCRN,CATO,Catoctin,Catoctin Mountain Park,NCRN_CATO_BLBZ,NCRN_CATO_BLBZ,Blue Blazes Creek,39.63440595,-77.45090091,Stream,Salinity,Salinity,Salinity,Salinity,Salinity,ppt,,0.5,numeric,,Acceptable salinity is less than or equal to 0.5 ppt.,Ramasamy et al. 2014,,>,True,True,True
NCRN,CATO,Catoctin,Catoctin Mountain Park,NCRN_CATO_BLBZ,NCRN_CATO_BLBZ,Blue Blazes Creek,39.63440595,-77.45090091,Stream,TDS,Total Dissolved Solids,Total dissolved solids,TDS,Total Dissolved Solids,mg/L,,,numeric,,,,,,True,True,True
NCRN,CATO,Catoctin,Catoctin Mountain Park,NCRN_CATO_BLBZ,NCRN_CATO_BLBZ,Blue Blazes Creek,39.63440595,-77.45090091,Stream,TotalN,Total Nitrogen,"Total Nitrogen, mixed forms",TotalN,Total Nitrogen,mg/L,,0.31,numeric,,Acceptable total nitrogen is less than or equal to 0.31 mg/L in nutrient ecoregion XI.,EPA 2000,,>,True,True,True
NCRN,CATO,Catoctin,Catoctin Mountain Park,NCRN_CATO_BLBZ,NCRN_CATO_BLBZ,Blue Blazes Creek,39.63440595,-77.45090091,Stream,TotalP,Total Phosphorus,"Total Phosphorus, mixed forms",TotalP,Total Phosphorus,mg/L,,0.01,numeric,,Acceptable total phosphorus is less than or equal to 0.01 mg/L in nutrient ecoregion XI.,EPA 2000,,>,True,False,False
NCRN,CATO,Catoctin,Catoctin Mountain Park,NCRN_CATO_BLBZ,NCRN_CATO_BLBZ,Blue Blazes Creek,39.63440595,-77.45090091,Stream,TotalDN,Total Dissolved Nitrogen,"Total Dissolved Nitrogen, mixed forms",TotalDN,Total Dissolved Nitrogen,mg/L,,,numeric,,,,,,True,False,False
NCRN,CATO,Catoctin,Catoctin Mountain Park,NCRN_CATO_BLBZ,NCRN_CATO_BLBZ,Blue Blazes Creek,39.63440595,-77.45090091,Stream,TotalDP,Total Dissolved Phosphorus,"Total Dissolved Phosphorus, mixed forms",TotalDP,Total Dissolved Phosphorus,mg/L,,,numeric,,,,,,True,False,False
NCRN,CATO,Catoctin,Catoctin Mountain Park,NCRN_CATO_BLBZ,NCRN_CATO_BLBZ,Blue Blazes Creek,39.63440595,-77.45090091,Stream,Ammonia,Ammonia,Ammonia,Ammonia,Ammonia,mg/L,,,numeric,,,,,,True,False,False
NCRN,CATO,Catoctin,Catoctin Mountain Park,NCRN_CATO_BLBZ,NCRN_CATO_BLBZ,Blue Blazes Creek,39.63440595,-77.45090091,Stream,Nitrate,Nitrate,Nitrate,Nitrate,Nitrate,mg/L,,0.31,numeric,,Acceptable nitrate is less than or equal to 0.31 mg/L in nutrient ecoregion XI.,EPA 2000,,>,True,False,False
NCRN,CATO,Catoctin,Catoctin Mountain Park,NCRN_CATO_BLBZ,NCRN_CATO_BLBZ,Blue Blazes Creek,39.63440595,-77.45090091,Stream,Weather,Weather,Weather condition (WMO code 4501) (choice list),Weather,Weather Conditions,,,,factor,,,,,,True,False,False
NCRN,CATO,Catoctin,Catoctin Mountain Park,NCRN_CATO_BLBZ,NCRN_CATO_BLBZ,Blue Blazes Creek,39.63440595,-77.45090091,Stream,Algae,Algae,"Substrate algae, % (choice list)",Algae,Algae,,,,factor,,,,,,True,False,False
NCRN,CATO,Catoctin,Catoctin Mountain Park,NCRN_CATO_BLBZ,NCRN_CATO_BLBZ,Blue Blazes Creek,39.63440595,-77.45090091,Stream,AlgaeColor,Algae Color,Substrate algae color,AlgaeColor,Algae Color,,,,factor,,,,,,True,False,False
NCRN,CATO,Catoctin,Catoctin Mountain Park,NCRN_CATO_BLBZ,NCRN_CATO_BLBZ,Blue Blazes Creek,39.63440595,-77.45090091,Stream,WaterAppearance,Water Appearance,Water appearance (text),WaterAppearance,Water Appearance,,,,factor,,,,,,True,False,False
NCRN,CATO,Catoctin,Catoctin Mountain Park,NCRN_CATO_BLBZ,NCRN_CATO_BLBZ,Blue Blazes Creek,39.63440595,-77.45090091,Stream,FlowCondition,Flow Condition,Stream flow (choice list),FlowCondition,Flow Condition,,,,factor,,,,,,True,False,False
NCRN,CATO,Catoctin,Catoctin Mountain Park,NCRN_CATO_BLBZ,NCRN_CATO_BLBZ,Blue Blazes Creek,39.63440595,-77.45090091,Stream,Orthophosphate,Orthophosphate,Orthophosphate,Orthophosphate,Orthophosphate,mg/L,,,numeric,,,,,,True,False,False
NCRN,CATO,Catoctin,Catoctin Mountain Park,NCRN_CATO_BLBZ,NCRN_CATO_BLBZ,Blue Blazes Creek,39.63440595,-77.45090091,Stream,Turbidity,Turbidity,Turbidity,Turbidity,Turbidity,ntu,,,numeric,,,,,,True,False,False
NCRN,GWMP,GW Parkway,George Washington Memorial Parkway,NCRN_GWMP_DIRU,NCRN_GWMP_DIRU,Difficult Run,38.97660863,-77.24437545,Stream,AirTemp,Air Temperature,"Temperature, air",AirTemp,Air Temperature,°C,,,numeric,,,,,,False,True,False
NCRN,GWMP,GW Parkway,George Washington Memorial Parkway,NCRN_GWMP_DIRU,NCRN_GWMP_DIRU,Difficult Run,38.97660863,-77.24437545,Stream,Discharge,Discharge,Base flow discharge,Discharge,Discharge,cfs,,,numeric,,,,,,False,True,False
NCRN,GWMP,GW Parkway,George Washington Memorial Parkway,NCRN_GWMP_DIRU,NCRN_GWMP_DIRU,Difficult Run,38.97660863,-77.24437545,Stream,Depth,Depth,Cross-Section Depth,Depth,Depth,ft,,,numeric,,,,,,False,True,False
NCRN,GWMP,GW Parkway,George Washington Memorial Parkway,NCRN_GWMP_DIRU,NCRN_GWMP_DIRU,Difficult Run,38.97660863,-77.24437545,Stream,WaterTemp,Water Temperature,"Temperature, water",WaterTemp,Water Temperature,°C,,32.0,numeric,,Acceptable water temperature is below 32 degrees C for warm water streams.,"District DOE, 2010, State of MD 2010, State of WV 2011, VA Water Control Board 2011",,>=,False,True,False
NCRN,GWMP,GW Parkway,George Washington Memorial Parkway,NCRN_GWMP_DIRU,NCRN_GWMP_DIRU,Difficult Run,38.97660863,-77.24437545,Stream,SC,Specific Conductance,Specific conductance,SC,Specific Conductance,µS/cm,,171.0,numeric,,Acceptable specific conductance is below 171 uS/cm.,Morgan et al. 2007,,>=,False,True,False
NCRN,GWMP,GW Parkway,George Washington Memorial Parkway,NCRN_GWMP_DIRU,NCRN_GWMP_DIRU,Difficult Run,38.97660863,-77.24437545,Stream,pH,pH,pH,pH,pH,pH Units,6.0,9.0,numeric,Acceptable pH is greater than or equal to 6.,Acceptable pH is less than or equal to 9.,"District DOE, 2010, State of MD 2010, State of WV 2011, VA Water Control Board 2011",<,>,False,True,False
NCRN,GWMP,GW Parkway,George Washington Memorial Parkway,NCRN_GWMP_DIRU,NCRN_GWMP_DIRU,Difficult Run,38.97660863,-77.24437545,Stream,DOmg,DO Concentration,Dissolved oxygen (DO),DOmg,Dissolved Oxygen,mg/L,5.0,,numeric,Acceptable dissolved oxygen is above 5.0 mg/L for warm water streams and above 6.0 mg/L for cold water streams.,,"District DOE, 2010, State of MD 2010, State of WV 2011, VA Water Control Board 2011",<=,,False,True,False
NCRN,GWMP,GW Parkway,George Washington Memorial Parkway,NCRN_GWMP_DIRU,NCRN_GWMP_DIRU,Difficult Run,38.97660863,-77.24437545,Stream,DOper,DO Saturation,Dissolved oxygen saturation,DOper,Dissolved Oxygen,percent,,,numeric,,,,,,False,True,False
NCRN,GWMP,GW Parkway,George Washington Memorial Parkway,NCRN_GWMP_DIRU,NCRN_GWMP_DIRU,Difficult Run,38.97660863,-77.24437545,Stream,ANC,ANC,Acid Neutralizing Capacity (ANC),ANC,Acid Neutralizing Capacity,µeq/L,200.0,,numeric,Acceptable acid neutralizing capacity is above 200 ueq/L for non-karst terrain.,,Weeks et al. 2007,<=,,False,True,False
NCRN,GWMP,GW Parkway,George Washington Memorial Parkway,NCRN_GWMP_DIRU,NCRN_GWMP_DIRU,Difficult Run,38.97660863,-77.24437545,Stream,WetWidth,Wetted Width,Wetted Width,WetWidth,Wetted Width,ft,,,numeric,,,,,,False,True,False
NCRN,GWMP,GW Parkway,George Washington Memorial Parkway,NCRN_GWMP_DIRU,NCRN_GWMP_DIRU,Difficult Run,38.97660863,-77.24437545,Stream,Velocity,Stream Velocity,Velocity - stream,Velocity,Velocity,ft/s,,,numeric,,,,,,False,True,False
NCRN,GWMP,GW Parkway,George Washington Memorial Parkway,NCRN_GWMP_DIRU,NCRN_GWMP_DIRU,Difficult Run,38.97660863,-77.24437545,Stream,AirPress,Air Pressure,Barometric pressure,AirPress,Air Pressure,mm Hg,,,numeric,,,,,,False,True,False
NCRN,GWMP,GW Parkway,George Washington Memorial Parkway,NCRN_GWMP_DIRU,NCRN_GWMP_DIRU,Difficult Run,38.97660863,-77.24437545,Stream,Conductivity,Conductivity,Conductivity,Conductivity,Conductivity,µS/cm,,,numeric,,,,,,False,True,False
NCRN,GWMP,GW Parkway,George Washington Memorial Parkway,NCRN_GWMP_DIRU,NCRN_GWMP_DIRU,Difficult Run,38.97660863,-77.24437545,Stream,Salinity,Salinity,Salinity,Salinity,Salinity,ppt,,0.5,numeric,,Acceptable salinity is less than or equal to 0.5 ppt.,Ramasamy et al. 2014,,>,False,True,False
NCRN,GWMP,GW Parkway,George Washington Memorial Parkway,NCRN_GWMP_DIRU,NCRN_GWMP_DIRU,Difficult Run,38.97660863,-77.24437545,Stream,TDS,Total Dissolved Solids,Total dissolved solids,TDS,Total Dissolved Solids,mg/L,,,numeric,,,,,,False,True,False
NCRN,GWMP,GW Parkway,George Washington Memorial Parkway,NCRN_GWMP_DIRU,NCRN_GWMP_DIRU,Difficult Run,38.97660863,-77.24437545,Stream,TotalN,Total Nitrogen,"Total Nitrogen, mixed forms",TotalN,Total Nitrogen,mg/L,,0.69,numeric,,Acceptable total nitrogen is less than or equal to 0.69 mg/L in nutrient ecoregion IX.,EPA 2000,,>,False,True,False
NCRN,GWMP,GW Parkway,George Washington Memorial Parkway,NCRN_GWMP_DIRU,NCRN_GWMP_DIRU,Difficult Run,38.97660863,-77.24437545,Stream,TotalP,Total Phosphorus,"Total Phosphorus, mixed forms",TotalP,Total Phosphorus,mg/L,,0.037,numeric,,Acceptable total phosphorus is less than or equal to 0.037 mg/L in nutrient ecoregion IX.,EPA 2000,,>,False,False,False
NCRN,GWMP,GW Parkway,George Washington Memorial Parkway,NCRN_GWMP_DIRU,NCRN_GWMP_DIRU,Difficult Run,38.97660863,-77.24437545,Stream,TotalDN,Total Dissolved Nitrogen,"Total Dissolved Nitrogen, mixed forms",TotalDN,Total Dissolved Nitrogen,mg/L,,,numeric,,,,,,False,False,False
NCRN,GWMP,GW Parkway,George Washington Memorial Parkway,NCRN_GWMP_DIRU,NCRN_GWMP_DIRU,Difficult Run,38.97660863,-77.24437545,Stream,TotalDP,Total Dissolved Phosphorus,"Total Dissolved Phosphorus, mixed forms",TotalDP,Total Dissolved Phosphorus,mg/L,,,numeric,,,,,,False,False,False
NCRN,GWMP,GW Parkway,George Washington Memorial Parkway,NCRN_GWMP_DIRU,NCRN_GWMP_DIRU,Difficult Run,38.97660863,-77.24437545,Stream,Ammonia,Ammonia,Ammonia,Ammonia,Ammonia,mg/L,,,numeric,,,,,,False,False,False
NCRN,GWMP,GW Parkway,George Washington Memorial Parkway,NCRN_GWMP_DIRU,NCRN_GWMP_DIRU,Difficult Run,38.97660863,-77.24437545,Stream,Nitrate,Nitrate,Nitrate,Nitrate,Nitrate,mg/L,,2.0,numeric,,Acceptable nitrate is less than or equal to 2.0 mg/L in nutrient ecoregion IX.,EPA 2000,,>,False,False,False
NCRN,GWMP,GW Parkway,George Washington Memorial Parkway,NCRN_GWMP_DIRU,NCRN_GWMP_DIRU,Difficult Run,38.97660863,-77.24437545,Stream,Weather,Weather,Weather condition (WMO code 4501) (choice list),Weather,Weather Conditions,,,,factor,,,,,,False,False,False
NCRN,GWMP,GW Parkway,George Washington Memorial Parkway,NCRN_GWMP_DIRU,NCRN_GWMP_DIRU,Difficult Run,38.97660863,-77.24437545,Stream,Algae,Algae,"Substrate algae, % (choice list)",Algae,Algae,,,,factor,,,,,,False,False,False
NCRN,GWMP,GW Parkway,George Washington Memorial Parkway,NCRN_GWMP_DIRU,NCRN_GWMP_DIRU,Difficult Run,38.97660863,-77.24437545,Stream,AlgaeColor,Algae Color,Substrate algae color,AlgaeColor,Algae Color,,,,factor,,,,,,False,False,False
NCRN,GWMP,GW Parkway,George Washington Memorial Parkway,NCRN_GWMP_DIRU,NCRN_GWMP_DIRU,Difficult Run,38.97660863,-77.24437545,Stream,WaterAppearance,Water Appearance,Water appearance (text),WaterAppearance,Water Appearance,,,,factor,,,,,,False,False,False
NCRN,GWMP,GW Parkway,George Washington Memorial Parkway,NCRN_GWMP_DIRU,NCRN_GWMP_DIRU,Difficult Run,38.97660863,-77.24437545,Stream,FlowCondition,Flow Condition,Stream flow (choice list),FlowCondition,Flow Condition,,,,factor,,,,,,False,False,False
NCRN,GWMP,GW Parkway,George Washington Memorial Parkway,NCRN_GWMP_DIRU,NCRN_GWMP_DIRU,Difficult Run,38.97660863,-77.24437545,Stream,Orthophosphate,Orthophosphate,Orthophosphate,Orthophosphate,Orthophosphate,mg/L,,,numeric,,,,,,False,False,False
NCRN,GWMP,GW Parkway,George Washington Memorial Parkway,NCRN_GWMP_DIRU,NCRN_GWMP_DIRU,Difficult Run,38.97660863,-77.24437545,Stream,Turbidity,Turbidity,Turbidity,Turbidity,Turbidity,ntu,,,numeric,,,,,,False,False,False
NCRN,GWMP,GW Parkway,George Washington Memorial Parkway,NCRN_GWMP_DORU,NCRN_GWMP_DORU,Donaldson Run,38.9195,-77.10833333,Stream,AirTemp,Air Temperature,"Temperature, air",AirTemp,Air Temperature,°C,,,numeric,,,,,,False,True,False
NCRN,GWMP,GW Parkway,George Washington Memorial Parkway,NCRN_GWMP_DORU,NCRN_GWMP_DORU,Donaldson Run,38.9195,-77.10833333,Stream,Discharge,Discharge,Base flow discharge,Discharge,Discharge,cfs,,,numeric,,,,,,False,True,False
NCRN,GWMP,GW Parkway,George Washington Memorial Parkway,NCRN_GWMP_DORU,NCRN_GWMP_DORU,Donaldson Run,38.9195,-77.10833333,Stream,Depth,Depth,Cross-Section Depth,Depth,Depth,ft,,,numeric,,,,,,False,True,False
NCRN,GWMP,GW Parkway,George Washington Memorial Parkway,NCRN_GWMP_DORU,NCRN_GWMP_DORU,Donaldson Run,38.9195,-77.10833333,Stream,WaterTemp,Water Temperature,"Temperature, water",WaterTemp,Water Temperature,°C,,32.0,numeric,,Acceptable water temperature is below 32 degrees C for warm water streams.,"District DOE, 2010, State of MD 2010, State of WV 2011, VA Water Control Board 2011",,>=,False,True,False
NCRN,GWMP,GW Parkway,George Washington Memorial Parkway,NCRN_GWMP_DORU,NCRN_GWMP_DORU,Donaldson Run,38.9195,-77.10833333,Stream,SC,Specific Conductance,Specific conductance,SC,Specific Conductance,µS/cm,,171.0,numeric,,Acceptable specific conductance is below 171 uS/cm.,Morgan et al. 2007,,>=,False,True,False
NCRN,GWMP,GW Parkway,George Washington Memorial Parkway,NCRN_GWMP_DORU,NCRN_GWMP_DORU,Donaldson Run,38.9195,-77.10833333,Stream,pH,pH,pH,pH,pH,pH Units,6.0,9.0,numeric,Acceptable pH is greater than or equal to 6.,Acceptable pH is less than or equal to 9.,"District DOE, 2010, State of MD 2010, State of WV 2011, VA Water Control Board 2011",<,>,False,True,False
NCRN,GWMP,GW Parkway,George Washington Memorial Parkway,NCRN_GWMP_DORU,NCRN_GWMP_DORU,Donaldson Run,38.9195,-77.10833333,Stream,DOmg,DO Concentration,Dissolved oxygen (DO),DOmg,Dissolved Oxygen,mg/L,5.0,,numeric,Acceptable dissolved oxygen is above 5.0 mg/L for warm water streams and above 6.0 mg/L for cold water streams.,,"District DOE, 2010, State of MD 2010, State of WV 2011, VA Water Control Board 2011",<=,,False,True,False
NCRN,GWMP,GW Parkway,George Washington Memorial Parkway,NCRN_GWMP_DORU,NCRN_GWMP_DORU,Donaldson Run,38.9195,-77.10833333,Stream,DOper,DO Saturation,Dissolved oxygen saturation,DOper,Dissolved Oxygen,percent,,,numeric,,,,,,False,True,False
NCRN,GWMP,GW Parkway,George Washington Memorial Parkway,NCRN_GWMP_DORU,NCRN_GWMP_DORU,Donaldson Run,38.9195,-77.10833333,Stream,ANC,ANC,Acid Neutralizing Capacity (ANC),ANC,Acid Neutralizing Capacity,µeq/L,200.0,,numeric,Acceptable acid neutralizing capacity is above 200 ueq/L for non-karst terrain.,,Weeks et al. 2007,<=,,False,True,False
NCRN,GWMP,GW Parkway,George Washington Memorial Parkway,NCRN_GWMP_DORU,NCRN_GWMP_DORU,Donaldson Run,38.9195,-77.10833333,Stream,WetWidth,Wetted Width,Wetted Width,WetWidth,Wetted Width,ft,,,numeric,,,,,,False,True,False
NCRN,GWMP,GW Parkway,George Washington Memorial Parkway,NCRN_GWMP_DORU,NCRN_GWMP_DORU,Donaldson Run,38.9195,-77.10833333,Stream,Velocity,Stream Velocity,Velocity - stream,Velocity,Velocity,ft/s,,,numeric,,,,,,False,True,False
NCRN,GWMP,GW Parkway,George Washington Memorial Parkway,NCRN_GWMP_DORU,NCRN_GWMP_DORU,Donaldson Run,38.9195,-77.10833333,Stream,AirPress,Air Pressure,Barometric pressure,AirPress,Air Pressure,mm Hg,,,numeric,,,,,,False,True,False
NCRN,GWMP,GW Parkway,George Washington Memorial Parkway,NCRN_GWMP_DORU,NCRN_GWMP_DORU,Donaldson Run,38.9195,-77.10833333,Stream,Conductivity,Conductivity,Conductivity,Conductivity,Conductivity,µS/cm,,,numeric,,,,,,False,True,False
NCRN,GWMP,GW Parkway,George Washington Memorial Parkway,NCRN_GWMP_DORU,NCRN_GWMP_DORU,Donaldson Run,38.9195,-77.10833333,Stream,Salinity,Salinity,Salinity,Salinity,Salinity,ppt,,0.5,numeric,,Acceptable salinity is less than or equal to 0.5 ppt.,Ramasamy et al. 2014,,>,False,True,False
NCRN,GWMP,GW Parkway,George Washington Memorial Parkway,NCRN_GWMP_DORU,NCRN_GWMP_DORU,Donaldson Run,38.9195,-77.10833333,Stream,TDS,Total Dissolved Solids,Total dissolved solids,TDS,Total Dissolved Solids,mg/L,,,numeric,,,,,,False,True,False
NCRN,GWMP,GW Parkway,George Washington Memorial Parkway,NCRN_GWMP_DORU,NCRN_GWMP_DORU,Donaldson Run,38.9195,-77.10833333,Stream,TotalN,Total Nitrogen,"Total Nitrogen, mixed forms",TotalN,Total Nitrogen,mg/L,,0.69,numeric,,Acceptable total nitrogen is less than or equal to 0.69 mg/L in nutrient ecoregion IX.,EPA 2000,,>,False,True,False
NCRN,GWMP,GW Parkway,George Washington Memorial Parkway,NCRN_GWMP_DORU,NCRN_GWMP_DORU,Donaldson Run,38.9195,-77.10833333,Stream,TotalP,Total Phosphorus,"Total Phosphorus, mixed forms",TotalP,Total Phosphorus,mg/L,,0.037,numeric,,Acceptable total phosphorus is less than or equal to 0.037 mg/L in nutrient ecoregion IX.,EPA 2000,,>,False,False,False
NCRN,GWMP,GW Parkway,George Washington Memorial Parkway,NCRN_GWMP_DORU,NCRN_GWMP_DORU,Donaldson Run,38.9195,-77.10833333,Stream,TotalDN,Total Dissolved Nitrogen,"Total Dissolved Nitrogen, mixed forms",TotalDN,Total Dissolved Nitrogen,mg/L,,,numeric,,,,,,False,False,False
NCRN,GWMP,GW Parkway,George Washington Memorial Parkway,NCRN_GWMP_DORU,NCRN_GWMP_DORU,Donaldson Run,38.9195,-77.10833333,Stream,TotalDP,Total Dissolved Phosphorus,"Total Dissolved Phosphorus, mixed forms",TotalDP,Total Dissolved Phosphorus,mg/L,,,numeric,,,,,,False,False,False
NCRN,GWMP,GW Parkway,George Washington Memorial Parkway,NCRN_GWMP_DORU,NCRN_GWMP_DORU,Donaldson Run,38.9195,-77.10833333,Stream,Ammonia,Ammonia,Ammonia,Ammonia,Ammonia,mg/L,,,numeric,,,,,,False,False,False
NCRN,GWMP,GW Parkway,George Washington Memorial Parkway,NCRN_GWMP_DORU,NCRN_GWMP_DORU,Donaldson Run,38.9195,-77.10833333,Stream,Nitrate,Nitrate,Nitrate,Nitrate,Nitrate,mg/L,,2.0,numeric,,Acceptable nitrate is less than or equal to 2.0 mg/L in nutrient ecoregion IX.,EPA 2000,,>,False,False,False
NCRN,GWMP,GW Parkway,George Washington Memorial Parkway,NCRN_GWMP_DORU,NCRN_GWMP_DORU,Donaldson Run,38.9195,-77.10833333,Stream,Weather,Weather,Weather condition (WMO code 4501) (choice list),Weather,Weather Conditions,,,,factor,,,,,,False,False,False
NCRN,GWMP,GW Parkway,George Washington Memorial Parkway,NCRN_GWMP_DORU,NCRN_GWMP_DORU,Donaldson Run,38.9195,-77.10833333,Stream,Algae,Algae,"Substrate algae, % (choice list)",Algae,Algae,,,,factor,,,,,,False,False,False
NCRN,GWMP,GW Parkway,George Washington Memorial Parkway,NCRN_GWMP_DORU,NCRN_GWMP_DORU,Donaldson Run,38.9195,-77.10833333,Stream,AlgaeColor,Algae Color,Substrate algae color,AlgaeColor,Algae Color,,,,factor,,,,,,False,False,False
NCRN,GWMP,GW Parkway,George Washington Memorial Parkway,NCRN_GWMP_DORU,NCRN_GWMP_DORU,Donaldson Run,38.9195,-77.10833333,Stream,WaterAppearance,Water Appearance,Water appearance (text),WaterAppearance,Water Appearance,,,,factor,,,,,,False,False,False
NCRN,GWMP,GW Parkway,George Washington Memorial Parkway,NCRN_GWMP_DORU,NCRN_GWMP_DORU,Donaldson Run,38.9195,-77.10833333,Stream,FlowCondition,Flow Condition,Stream flow (choice list),FlowCondition,Flow Condition,,,,factor,,,,,,False,False,False
NCRN,GWMP,GW Parkway,George Washington Memorial Parkway,NCRN_GWMP_DORU,NCRN_GWMP_DORU,Donaldson Run,38.9195,-77.10833333,Stream,Orthophosphate,Orthophosphate,Orthophosphate,Orthophosphate,Orthophosphate,mg/L,,,numeric,,,,,,False,False,False
NCRN,GWMP,GW Parkway,George Washington Memorial Parkway,NCRN_GWMP_DORU,NCRN_GWMP_DORU,Donaldson Run,38.9195,-77.10833333,Stream,Turbidity,Turbidity,Turbidity,Turbidity,Turbidity,ntu,,,numeric,,,,,,False,False,False
NCRN,GWMP,GW Parkway,George Washington Memorial Parkway,NCRN_GWMP_GUBR,NCRN_GWMP_GUBR,Gulf Branch,38.925,-77.11416667,Stream,AirTemp,Air Temperature,"Temperature, air",AirTemp,Air Temperature,°C,,,numeric,,,,,,False,True,False
NCRN,GWMP,GW Parkway,George Washington Memorial Parkway,NCRN_GWMP_GUBR,NCRN_GWMP_GUBR,Gulf Branch,38.925,-77.11416667,Stream,Discharge,Discharge,Base flow discharge,Discharge,Discharge,cfs,,,numeric,,,,,,False,True,False
NCRN,GWMP,GW Parkway,George Washington Memorial Parkway,NCRN_GWMP_GUBR,NCRN_GWMP_GUBR,Gulf Branch,38.925,-77.11416667,Stream,Depth,Depth,Cross-Section Depth,Depth,Depth,ft,,,numeric,,,,,,False,True,False
NCRN,GWMP,GW Parkway,George Washington Memorial Parkway,NCRN_GWMP_GUBR,NCRN_GWMP_GUBR,Gulf Branch,38.925,-77.11416667,Stream,WaterTemp,Water Temperature,"Temperature, water",WaterTemp,Water Temperature,°C,,32.0,numeric,,Acceptable water temperature is below 32 degrees C for warm water streams.,"District DOE, 2010, State of MD 2010, State of WV 2011, VA Water Control Board 2011",,>=,False,True,False
NCRN,GWMP,GW Parkway,George Washington Memorial Parkway,NCRN_GWMP_GUBR,NCRN_GWMP_GUBR,Gulf Branch,38.925,-77.11416667,Stream,SC,Specific Conductance,Specific conductance,SC,Specific Conductance,µS/cm,,171.0,numeric,,Acceptable specific conductance is below 171 uS/cm.,Morgan et al. 2007,,>=,False,True,False
NCRN,GWMP,GW Parkway,George Washington Memorial Parkway,NCRN_GWMP_GUBR,NCRN_GWMP_GUBR,Gulf Branch,38.925,-77.11416667,Stream,pH,pH,pH,pH,pH,pH Units,6.0,9.0,numeric,Acceptable pH is greater than or equal to 6.,Acceptable pH is less than or equal to 9.,"District DOE, 2010, State of MD 2010, State of WV 2011, VA Water Control Board 2011",<,>,False,True,False
NCRN,GWMP,GW Parkway,George Washington Memorial Parkway,NCRN_GWMP_GUBR,NCRN_GWMP_GUBR,Gulf Branch,38.925,-77.11416667,Stream,DOmg,DO Concentration,Dissolved oxygen (DO),DOmg,Dissolved Oxygen,mg/L,5.0,,numeric,Acceptable dissolved oxygen is above 5.0 mg/L for warm water streams and above 6.0 mg/L for cold water streams.,,"District DOE, 2010, State of MD 2010, State of WV 2011, VA Water Control Board 2011",<=,,False,True,False
NCRN,GWMP,GW Parkway,George Washington Memorial Parkway,NCRN_GWMP_GUBR,NCRN_GWMP_GUBR,Gulf Branch,38.925,-77.11416667,Stream,DOper,DO Saturation,Dissolved oxygen saturation,DOper,Dissolved Oxygen,percent,,,numeric,,,,,,False,True,False
NCRN,GWMP,GW Parkway,George Washington Memorial Parkway,NCRN_GWMP_GUBR,NCRN_GWMP_GUBR,Gulf Branch,38.925,-77.11416667,Stream,ANC,ANC,Acid Neutralizing Capacity (ANC),ANC,Acid Neutralizing Capacity,µeq/L,200.0,,numeric,Acceptable acid neutralizing capacity is above 200 ueq/L for non-karst terrain.,,Weeks et al. 2007,<=,,False,True,False
NCRN,GWMP,GW Parkway,George Washington Memorial Parkway,NCRN_GWMP_GUBR,NCRN_GWMP_GUBR,Gulf Branch,38.925,-77.11416667,Stream,WetWidth,Wetted Width,Wetted Width,WetWidth,Wetted Width,ft,,,numeric,,,,,,False,True,False
NCRN,GWMP,GW Parkway,George Washington Memorial Parkway,NCRN_GWMP_GUBR,NCRN_GWMP_GUBR,Gulf Branch,38.925,-77.11416667,Stream,Velocity,Stream Velocity,Velocity - stream,Velocity,Velocity,ft/s,,,numeric,,,,,,False,True,False
NCRN,GWMP,GW Parkway,George Washington Memorial Parkway,NCRN_GWMP_GUBR,NCRN_GWMP_GUBR,Gulf Branch,38.925,-77.11416667,Stream,AirPress,Air Pressure,Barometric pressure,AirPress,Air Pressure,mm Hg,,,numeric,,,,,,False,True,False
NCRN,GWMP,GW Parkway,George Washington Memorial Parkway,NCRN_GWMP_GUBR,NCRN_GWMP_GUBR,Gulf Branch,38.925,-77.11416667,Stream,Conductivity,Conductivity,Conductivity,Conductivity,Conductivity,µS/cm,,,numeric,,,,,,False,True,False
NCRN,GWMP,GW Parkway,George Washington Memorial Parkway,NCRN_GWMP_GUBR,NCRN_GWMP_GUBR,Gulf Branch,38.925,-77.11416667,Stream,Salinity,Salinity,Salinity,Salinity,Salinity,ppt,,0.5,numeric,,Acceptable salinity is less than or equal to 0.5 ppt.,Ramasamy et al. 2014,,>,False,True,False
NCRN,GWMP,GW Parkway,George Washington Memorial Parkway,NCRN_GWMP_GUBR,NCRN_GWMP_GUBR,Gulf Branch,38.925,-77.11416667,Stream,TDS,Total Dissolved Solids,Total dissolved solids,TDS,Total Dissolved Solids,mg/L,,,numeric,,,,,,False,True,False
NCRN,GWMP,GW Parkway,George Washington Memorial Parkway,NCRN_GWMP_GUBR,NCRN_GWMP_GUBR,Gulf Branch,38.925,-77.11416667,Stream,TotalN,Total Nitrogen,"Total Nitrogen, mixed forms",TotalN,Total Nitrogen,mg/L,,0.69,numeric,,Acceptable total nitrogen is less than or equal to 0.69 mg/L in nutrient ecoregion IX.,EPA 2000,,>,False,True,False
NCRN,GWMP,GW Parkway,George Washington Memorial Parkway,NCRN_GWMP_GUBR,NCRN_GWMP_GUBR,Gulf Branch,38.925,-77.11416667,Stream,TotalP,Total Phosphorus,"Total Phosphorus, mixed forms",TotalP,Total Phosphorus,mg/L,,0.037,numeric,,Acceptable total phosphorus is less than or equal to 0.037 mg/L in nutrient ecoregion IX.,EPA 2000,,>,False,False,False
NCRN,GWMP,GW Parkway,George Washington Memorial Parkway,NCRN_GWMP_GUBR,NCRN_GWMP_GUBR,Gulf Branch,38.925,-77.11416667,Stream,TotalDN,Total Dissolved Nitrogen,"Total Dissolved Nitrogen, mixed forms",TotalDN,Total Dissolved Nitrogen,mg/L,,,numeric,,,,,,False,False,False
NCRN,GWMP,GW Parkway,George Washington Memorial Parkway,NCRN_GWMP_GUBR,NCRN_GWMP_GUBR,Gulf Branch,38.925,-77.11416667,Stream,TotalDP,Total Dissolved Phosphorus,"Total Dissolved Phosphorus, mixed forms",TotalDP,Total Dissolved Phosphorus,mg/L,,,numeric,,,,,,False,False,False
NCRN,GWMP,GW Parkway,George Washington Memorial Parkway,NCRN_GWMP_GUBR,NCRN_GWMP_GUBR,Gulf Branch,38.925,-77.11416667,Stream,Ammonia,Ammonia,Ammonia,Ammonia,Ammonia,mg/L,,,numeric,,,,,,False,False,False
NCRN,GWMP,GW Parkway,George Washington Memorial Parkway,NCRN_GWMP_GUBR,NCRN_GWMP_GUBR,Gulf Branch,38.925,-77.11416667,Stream,Nitrate,Nitrate,Nitrate,Nitrate,Nitrate,mg/L,,2.0,numeric,,Acceptable nitrate is less than or equal to 2.0 mg/L in nutrient ecoregion IX.,EPA 2000,,>,False,False,False
NCRN,GWMP,GW Parkway,George Washington Memorial Parkway,NCRN_GWMP_GUBR,NCRN_GWMP_GUBR,Gulf Branch,38.925,-77.11416667,Stream,Weather,Weather,Weather condition (WMO code 4501) (choice list),Weather,Weather Conditions,,,,factor,,,,,,False,False,False
NCRN,GWMP,GW Parkway,George Washington Memorial Parkway,NCRN_GWMP_GUBR,NCRN_GWMP_GUBR,Gulf Branch,38.925,-77.11416667,Stream,Algae,Algae,"Substrate algae, % (choice list)",Algae,Algae,,,,factor,,,,,,False,False,False
NCRN,GWMP,GW Parkway,George Washington Memorial Parkway,NCRN_GWMP_GUBR,NCRN_GWMP_GUBR,Gulf Branch,38.925,-77.11416667,Stream,AlgaeColor,Algae Color,Substrate algae color,AlgaeColor,Algae Color,,,,factor,,,,,,False,False,False
NCRN,GWMP,GW Parkway,George Washington Memorial Parkway,NCRN_GWMP_GUBR,NCRN_GWMP_GUBR,Gulf Branch,38.925,-77.11416667,Stream,WaterAppearance,Water Appearance,Water appearance (text),WaterAppearance,Water Appearance,,,,factor,,,,,,False,False,False
NCRN,GWMP,GW Parkway,George Washington Memorial Parkway,NCRN_GWMP_GUBR,NCRN_GWMP_GUBR,Gulf Branch,38.925,-77.11416667,Stream,FlowCondition,Flow Condition,Stream flow (choice list),FlowCondition,Flow Condition,,,,factor,,,,,,False,False,False
NCRN,GWMP,GW Parkway,George Washington Memorial Parkway,NCRN_GWMP_GUBR,NCRN_GWMP_GUBR,Gulf Branch,38.925,-77.11416667,Stream,Orthophosphate,Orthophosphate,Orthophosphate,Orthophosphate,Orthophosphate,mg/L,,,numeric,,,,,,False,False,False
NCRN,GWMP,GW Parkway,George Washington Memorial Parkway,NCRN_GWMP_GUBR,NCRN_GWMP_GUBR,Gulf Branch,38.925,-77.11416667,Stream,Turbidity,Turbidity,Turbidity,Turbidity,Turbidity,ntu,,,numeric,,,,,,False,False,False
NCRN,GWMP,GW Parkway,George Washington Memorial Parkway,NCRN_GWMP_MICR,NCRN_GWMP_MICR,Minnehaha Creek,38.96800872,-77.13913394,Stream,AirTemp,Air Temperature,"Temperature, air",AirTemp,Air Temperature,°C,,,numeric,,,,,,True,True,True
NCRN,GWMP,GW Parkway,George Washington Memorial Parkway,NCRN_GWMP_MICR,NCRN_GWMP_MICR,Minnehaha Creek,38.96800872,-77.13913394,Stream,Discharge,Discharge,Base flow discharge,Discharge,Discharge,cfs,,,numeric,,,,,,True,True,True
NCRN,GWMP,GW Parkway,George Washington Memorial Parkway,NCRN_GWMP_MICR,NCRN_GWMP_MICR,Minnehaha Creek,38.96800872,-77.13913394,Stream,Depth,Depth,Cross-Section Depth,Depth,Depth,ft,,,numeric,,,,,,True,True,True
NCRN,GWMP,GW Parkway,George Washington Memorial Parkway,NCRN_GWMP_MICR,NCRN_GWMP_MICR,Minnehaha Creek,38.96800872,-77.13913394,Stream,WaterTemp,Water Temperature,"Temperature, water",WaterTemp,Water Temperature,°C,,32.0,numeric,,Acceptable water temperature is below 32 degrees C for warm water streams.,"District DOE, 2010, State of MD 2010, State of WV 2011, VA Water Control Board 2011",,>=,True,True,True
NCRN,GWMP,GW Parkway,George Washington Memorial Parkway,NCRN_GWMP_MICR,NCRN_GWMP_MICR,Minnehaha Creek,38.96800872,-77.13913394,Stream,SC,Specific Conductance,Specific conductance,SC,Specific Conductance,µS/cm,,171.0,numeric,,Acceptable specific conductance is below 171 uS/cm.,Morgan et al. 2007,,>=,True,True,True
NCRN,GWMP,GW Parkway,George Washington Memorial Parkway,NCRN_GWMP_MICR,NCRN_GWMP_MICR,Minnehaha Creek,38.96800872,-77.13913394,Stream,pH,pH,pH,pH,pH,pH Units,6.0,9.0,numeric,Acceptable pH is greater than or equal to 6.,Acceptable pH is less than or equal to 9.,"District DOE, 2010, State of MD 2010, State of WV 2011, VA Water Control Board 2011",<,>,True,True,True
NCRN,GWMP,GW Parkway,George Washington Memorial Parkway,NCRN_GWMP_MICR,NCRN_GWMP_MICR,Minnehaha Creek,38.96800872,-77.13913394,Stream,DOmg,DO Concentration,Dissolved oxygen (DO),DOmg,Dissolved Oxygen,mg/L,5.0,,numeric,Acceptable dissolved oxygen is above 5.0 mg/L for warm water streams and above 6.0 mg/L for cold water streams.,,"District DOE, 2010, State of MD 2010, State of WV 2011, VA Water Control Board 2011",<=,,True,True,True
NCRN,GWMP,GW Parkway,George Washington Memorial Parkway,NCRN_GWMP_MICR,NCRN_GWMP_MICR,Minnehaha Creek,38.96800872,-77.13913394,Stream,DOper,DO Saturation,Dissolved oxygen saturation,DOper,Dissolved Oxygen,percent,,,numeric,,,,,,True,True,True
NCRN,GWMP,GW Parkway,George Washington Memorial Parkway,NCRN_GWMP_MICR,NCRN_GWMP_MICR,Minnehaha Creek,38.96800872,-77.13913394,Stream,ANC,ANC,Acid Neutralizing Capacity (ANC),ANC,Acid Neutralizing Capacity,µeq/L,200.0,,numeric,Acceptable acid neutralizing capacity is above 200 ueq/L for non-karst terrain.,,Weeks et al. 2007,<=,,True,True,True
NCRN,GWMP,GW Parkway,George Washington Memorial Parkway,NCRN_GWMP_MICR,NCRN_GWMP_MICR,Minnehaha Creek,38.96800872,-77.13913394,Stream,WetWidth,Wetted Width,Wetted Width,WetWidth,Wetted Width,ft,,,numeric,,,,,,True,True,True
NCRN,GWMP,GW Parkway,George Washington Memorial Parkway,NCRN_GWMP_MICR,NCRN_GWMP_MICR,Minnehaha Creek,38.96800872,-77.13913394,Stream,Velocity,Stream Velocity,Velocity - stream,Velocity,Velocity,ft/s,,,numeric,,,,,,True,True,True
NCRN,GWMP,GW Parkway,George Washington Memorial Parkway,NCRN_GWMP_MICR,NCRN_GWMP_MICR,Minnehaha Creek,38.96800872,-77.13913394,Stream,AirPress,Air Pressure,Barometric pressure,AirPress,Air Pressure,mm Hg,,,numeric,,,,,,True,True,True
NCRN,GWMP,GW Parkway,George Washington Memorial Parkway,NCRN_GWMP_MICR,NCRN_GWMP_MICR,Minnehaha Creek,38.96800872,-77.13913394,Stream,Conductivity,Conductivity,Conductivity,Conductivity,Conductivity,µS/cm,,,numeric,,,,,,True,True,True
NCRN,GWMP,GW Parkway,George Washington Memorial Parkway,NCRN_GWMP_MICR,NCRN_GWMP_MICR,Minnehaha Creek,38.96800872,-77.13913394,Stream,Salinity,Salinity,Salinity,Salinity,Salinity,ppt,,0.5,numeric,,Acceptable salinity is less than or equal to 0.5 ppt.,Ramasamy et al. 2014,,>,True,True,True
NCRN,GWMP,GW Parkway,George Washington Memorial Parkway,NCRN_GWMP_MICR,NCRN_GWMP_MICR,Minnehaha Creek,38.96800872,-77.13913394,Stream,TDS,Total Dissolved Solids,Total dissolved solids,TDS,Total Dissolved Solids,mg/L,,,numeric,,,,,,True,True,True
NCRN,GWMP,GW Parkway,George Washington Memorial Parkway,NCRN_GWMP_MICR,NCRN_GWMP_MICR,Minnehaha Creek,38.96800872,-77.13913394,Stream,TotalN,Total Nitrogen,"Total Nitrogen, mixed forms",TotalN,Total Nitrogen,mg/L,,0.69,numeric,,Acceptable total nitrogen is less than or equal to 0.69 mg/L in nutrient ecoregion IX.,EPA 2000,,>,True,True,True
NCRN,GWMP,GW Parkway,George Washington Memorial Parkway,NCRN_GWMP_MICR,NCRN_GWMP_MICR,Minnehaha Creek,38.96800872,-77.13913394,Stream,TotalP,Total Phosphorus,"Total Phosphorus, mixed forms",TotalP,Total Phosphorus,mg/L,,0.037,numeric,,Acceptable total phosphorus is less than or equal to 0.037 mg/L in nutrient ecoregion IX.,EPA 2000,,>,True,False,False
NCRN,GWMP,GW Parkway,George Washington Memorial Parkway,NCRN_GWMP_MICR,NCRN_GWMP_MICR,Minnehaha Creek,38.96800872,-77.13913394,Stream,TotalDN,Total Dissolved Nitrogen,"Total Dissolved Nitrogen, mixed forms",TotalDN,Total Dissolved Nitrogen,mg/L,,,numeric,,,,,,True,False,False
NCRN,GWMP,GW Parkway,George Washington Memorial Parkway,NCRN_GWMP_MICR,NCRN_GWMP_MICR,Minnehaha Creek,38.96800872,-77.13913394,Stream,TotalDP,Total Dissolved Phosphorus,"Total Dissolved Phosphorus, mixed forms",TotalDP,Total Dissolved Phosphorus,mg/L,,,numeric,,,,,,True,False,False
NCRN,GWMP,GW Parkway,George Washington Memorial Parkway,NCRN_GWMP_MICR,NCRN_GWMP_MICR,Minnehaha Creek,38.96800872,-77.13913394,Stream,Ammonia,Ammonia,Ammonia,Ammonia,Ammonia,mg/L,,,numeric,,,,,,True,False,False
NCRN,GWMP,GW Parkway,George Washington Memorial Parkway,NCRN_GWMP_MICR,NCRN_GWMP_MICR,Minnehaha Creek,38.96800872,-77.13913394,Stream,Nitrate,Nitrate,Nitrate,Nitrate,Nitrate,mg/L,,2.0,numeric,,Acceptable nitrate is less than or equal to 2.0 mg/L in nutrient ecoregion IX.,EPA 2000,,>,True,False,False
NCRN,GWMP,GW Parkway,George Washington Memorial Parkway,NCRN_GWMP_MICR,NCRN_GWMP_MICR,Minnehaha Creek,38.96800872,-77.13913394,Stream,Weather,Weather,Weather condition (WMO code 4501) (choice list),Weather,Weather Conditions,,,,factor,,,,,,True,False,False
NCRN,GWMP,GW Parkway,George Washington Memorial Parkway,NCRN_GWMP_MICR,NCRN_GWMP_MICR,Minnehaha Creek,38.96800872,-77.13913394,Stream,Algae,Algae,"Substrate algae, % (choice list)",Algae,Algae,,,,factor,,,,,,True,False,False
NCRN,GWMP,GW Parkway,George Washington Memorial Parkway,NCRN_GWMP_MICR,NCRN_GWMP_MICR,Minnehaha Creek,38.96800872,-77.13913394,Stream,AlgaeColor,Algae Color,Substrate algae color,AlgaeColor,Algae Color,,,,factor,,,,,,True,False,False
NCRN,GWMP,GW Parkway,George Washington Memorial Parkway,NCRN_GWMP_MICR,NCRN_GWMP_MICR,Minnehaha Creek,38.96800872,-77.13913394,Stream,WaterAppearance,Water Appearance,Water appearance (text),WaterAppearance,Water Appearance,,,,factor,,,,,,True,False,False
NCRN,GWMP,GW Parkway,George Washington Memorial Parkway,NCRN_GWMP_MICR,NCRN_GWMP_MICR,Minnehaha Creek,38.96800872,-77.13913394,Stream,FlowCondition,Flow Condition,Stream flow (choice list),FlowCondition,Flow Condition,,,,factor,,,,,,True,False,False
NCRN,GWMP,GW Parkway,George Washington Memorial Parkway,NCRN_GWMP_MICR,NCRN_GWMP_MICR,Minnehaha Creek,38.96800872,-77.13913394,Stream,Orthophosphate,Orthophosphate,Orthophosphate,Orthophosphate,Orthophosphate,mg/L,,,numeric,,,,,,True,False,False
NCRN,GWMP,GW Parkway,George Washington Memorial Parkway,NCRN_GWMP_MICR,NCRN_GWMP_MICR,Minnehaha Creek,38.96800872,-77.13913394,Stream,Turbidity,Turbidity,Turbidity,Turbidity,Turbidity,ntu,,,numeric,,,,,,True,False,False
NCRN,GWMP,GW Parkway,George Washington Memorial Parkway,NCRN_GWMP_PIRU,NCRN_GWMP_PIRU,Pimmit Run,38.9304701,-77.11901905,Stream,AirTemp,Air Temperature,"Temperature, air",AirTemp,Air Temperature,°C,,,numeric,,,,,,True,True,True
NCRN,GWMP,GW Parkway,George Washington Memorial Parkway,NCRN_GWMP_PIRU,NCRN_GWMP_PIRU,Pimmit Run,38.9304701,-77.11901905,Stream,Discharge,Discharge,Base flow discharge,Discharge,Discharge,cfs,,,numeric,,,,,,True,True,True
NCRN,GWMP,GW Parkway,George Washington Memorial Parkway,NCRN_GWMP_PIRU,NCRN_GWMP_PIRU,Pimmit Run,38.9304701,-77.11901905,Stream,Depth,Depth,Cross-Section Depth,Depth,Depth,ft,,,numeric,,,,,,True,True,True
NCRN,GWMP,GW Parkway,George Washington Memorial Parkway,NCRN_GWMP_PIRU,NCRN_GWMP_PIRU,Pimmit Run,38.9304701,-77.11901905,Stream,WaterTemp,Water Temperature,"Temperature, water",WaterTemp,Water Temperature,°C,,32.0,numeric,,Acceptable water temperature is below 32 degrees C for warm water streams.,"District DOE, 2010, State of MD 2010, State of WV 2011, VA Water Control Board 2011",,>=,True,True,True
NCRN,GWMP,GW Parkway,George Washington Memorial Parkway,NCRN_GWMP_PIRU,NCRN_GWMP_PIRU,Pimmit Run,38.9304701,-77.11901905,Stream,SC,Specific Conductance,Specific conductance,SC,Specific Conductance,µS/cm,,171.0,numeric,,Acceptable specific conductance is below 171 uS/cm.,Morgan et al. 2007,,>=,True,True,True
NCRN,GWMP,GW Parkway,George Washington Memorial Parkway,NCRN_GWMP_PIRU,NCRN_GWMP_PIRU,Pimmit Run,38.9304701,-77.11901905,Stream,pH,pH,pH,pH,pH,pH Units,6.0,9.0,numeric,Acceptable pH is greater than or equal to 6.,Acceptable pH is less than or equal to 9.,"District DOE, 2010, State of MD 2010, State of WV 2011, VA Water Control Board 2011",<,>,True,True,True
NCRN,GWMP,GW Parkway,George Washington Memorial Parkway,NCRN_GWMP_PIRU,NCRN_GWMP_PIRU,Pimmit Run,38.9304701,-77.11901905,Stream,DOmg,DO Concentration,Dissolved oxygen (DO),DOmg,Dissolved Oxygen,mg/L,5.0,,numeric,Acceptable dissolved oxygen is above 5.0 mg/L for warm water streams and above 6.0 mg/L for cold water streams.,,"District DOE, 2010, State of MD 2010, State of WV 2011, VA Water Control Board 2011",<=,,True,True,True
NCRN,GWMP,GW Parkway,George Washington Memorial Parkway,NCRN_GWMP_PIRU,NCRN_GWMP_PIRU,Pimmit Run,38.9304701,-77.11901905,Stream,DOper,DO Saturation,Dissolved oxygen saturation,DOper,Dissolved Oxygen,percent,,,numeric,,,,,,True,True,True
NCRN,GWMP,GW Parkway,George Washington Memorial Parkway,NCRN_GWMP_PIRU,NCRN_GWMP_PIRU,Pimmit Run,38.9304701,-77.11901905,Stream,ANC,ANC,Acid Neutralizing Capacity (ANC),ANC,Acid Neutralizing Capacity,µeq/L,200.0,,numeric,Acceptable acid neutralizing capacity is above 200 ueq/L for non-karst terrain.,,Weeks et al. 2007,<=,,True,True,True
NCRN,GWMP,GW Parkway,George Washington Memorial Parkway,NCRN_GWMP_PIRU,NCRN_GWMP_PIRU,Pimmit Run,38.9304701,-77.11901905,Stream,WetWidth,Wetted Width,Wetted Width,WetWidth,Wetted Width,ft,,,numeric,,,,,,True,True,True
NCRN,GWMP,GW Parkway,George Washington Memorial Parkway,NCRN_GWMP_PIRU,NCRN_GWMP_PIRU,Pimmit Run,38.9304701,-77.11901905,Stream,Velocity,Stream Velocity,Velocity - stream,Velocity,Velocity,ft/s,,,numeric,,,,,,True,True,True
NCRN,GWMP,GW Parkway,George Washington Memorial Parkway,NCRN_GWMP_PIRU,NCRN_GWMP_PIRU,Pimmit Run,38.9304701,-77.11901905,Stream,AirPress,Air Pressure,Barometric pressure,AirPress,Air Pressure,mm Hg,,,numeric,,,,,,True,True,True
NCRN,GWMP,GW Parkway,George Washington Memorial Parkway,NCRN_GWMP_PIRU,NCRN_GWMP_PIRU,Pimmit Run,38.9304701,-77.11901905,Stream,Conductivity,Conductivity,Conductivity,Conductivity,Conductivity,µS/cm,,,numeric,,,,,,True,True,True
NCRN,GWMP,GW Parkway,George Washington Memorial Parkway,NCRN_GWMP_PIRU,NCRN_GWMP_PIRU,Pimmit Run,38.9304701,-77.11901905,Stream,Salinity,Salinity,Salinity,Salinity,Salinity,ppt,,0.5,numeric,,Acceptable salinity is less than or equal to 0.5 ppt.,Ramasamy et al. 2014,,>,True,True,True
NCRN,GWMP,GW Parkway,George Washington Memorial Parkway,NCRN_GWMP_PIRU,NCRN_GWMP_PIRU,Pimmit Run,38.9304701,-77.11901905,Stream,TDS,Total Dissolved Solids,Total dissolved solids,TDS,Total Dissolved Solids,mg/L,,,numeric,,,,,,True,True,True
NCRN,GWMP,GW Parkway,George Washington Memorial Parkway,NCRN_GWMP_PIRU,NCRN_GWMP_PIRU,Pimmit Run,38.9304701,-77.11901905,Stream,TotalN,Total Nitrogen,"Total Nitrogen, mixed forms",TotalN,Total Nitrogen,mg/L,,0.69,numeric,,Acceptable total nitrogen is less than or equal to 0.69 mg/L in nutrient ecoregion IX.,EPA 2000,,>,True,True,True
NCRN,GWMP,GW Parkway,George Washington Memorial Parkway,NCRN_GWMP_PIRU,NCRN_GWMP_PIRU,Pimmit Run,38.9304701,-77.11901905,Stream,TotalP,Total Phosphorus,"Total Phosphorus, mixed forms",TotalP,Total Phosphorus,mg/L,,0.037,numeric,,Acceptable total phosphorus is less than or equal to 0.037 mg/L in nutrient ecoregion IX.,EPA 2000,,>,True,False,False
NCRN,GWMP,GW Parkway,George Washington Memorial Parkway,NCRN_GWMP_PIRU,NCRN_GWMP_PIRU,Pimmit Run,38.9304701,-77.11901905,Stream,TotalDN,Total Dissolved Nitrogen,"Total Dissolved Nitrogen, mixed forms",TotalDN,Total Dissolved Nitrogen,mg/L,,,numeric,,,,,,True,False,False
NCRN,GWMP,GW Parkway,George Washington Memorial Parkway,NCRN_GWMP_PIRU,NCRN_GWMP_PIRU,Pimmit Run,38.9304701,-77.11901905,Stream,TotalDP,Total Dissolved Phosphorus,"Total Dissolved Phosphorus, mixed forms",TotalDP,Total Dissolved Phosphorus,mg/L,,,numeric,,,,,,True,False,False
NCRN,GWMP,GW Parkway,George Washington Memorial Parkway,NCRN_GWMP_PIRU,NCRN_GWMP_PIRU,Pimmit Run,38.9304701,-77.11901905,Stream,Ammonia,Ammonia,Ammonia,Ammonia,Ammonia,mg/L,,,numeric,,,,,,True,False,False
NCRN,GWMP,GW Parkway,George Washington Memorial Parkway,NCRN_GWMP_PIRU,NCRN_GWMP_PIRU,Pimmit Run,38.9304701,-77.11901905,Stream,Nitrate,Nitrate,Nitrate,Nitrate,Nitrate,mg/L,,2.0,numeric,,Acceptable nitrate is less than or equal to 2.0 mg/L in nutrient ecoregion IX.,EPA 2000,,>,True,False,False
NCRN,GWMP,GW Parkway,George Washington Memorial Parkway,NCRN_GWMP_PIRU,NCRN_GWMP_PIRU,Pimmit Run,38.9304701,-77.11901905,Stream,Weather,Weather,Weather condition (WMO code 4501) (choice list),Weather,Weather Conditions,,,,factor,,,,,,True,False,False
NCRN,GWMP,GW Parkway,George Washington Memorial Parkway,NCRN_GWMP_PIRU,NCRN_GWMP_PIRU,Pimmit Run,38.9304701,-77.11901905,Stream,Algae,Algae,"Substrate algae, % (choice list)",Algae,Algae,,,,factor,,,,,,True,False,False
NCRN,GWMP,GW Parkway,George Washington Memorial Parkway,NCRN_GWMP_PIRU,NCRN_GWMP_PIRU,Pimmit Run,38.9304701,-77.11901905,Stream,AlgaeColor,Algae Color,Substrate algae color,AlgaeColor,Algae Color,,,,factor,,,,,,True,False,False
NCRN,GWMP,GW Parkway,George Washington Memorial Parkway,NCRN_GWMP_PIRU,NCRN_GWMP_PIRU,Pimmit Run,38.9304701,-77.11901905,Stream,WaterAppearance,Water Appearance,Water appearance (text),WaterAppearance,Water Appearance,,,,factor,,,,,,True,False,False
NCRN,GWMP,GW Parkway,George Washington Memorial Parkway,NCRN_GWMP_PIRU,NCRN_GWMP_PIRU,Pimmit Run,38.9304701,-77.11901905,Stream,FlowCondition,Flow Condition,Stream flow (choice list),FlowCondition,Flow Condition,,,,factor,,,,,,True,False,False
NCRN,GWMP,GW Parkway,George Washington Memorial Parkway,NCRN_GWMP_PIRU,NCRN_GWMP_PIRU,Pimmit Run,38.9304701,-77.11901905,Stream,Orthophosphate,Orthophosphate,Orthophosphate,Orthophosphate,Orthophosphate,mg/L,,,numeric,,,,,,True,False,False
NCRN,GWMP,GW Parkway,George Washington Memorial Parkway,NCRN_GWMP_PIRU,NCRN_GWMP_PIRU,Pimmit Run,38.9304701,-77.11901905,Stream,Turbidity,Turbidity,Turbidity,Turbidity,Turbidity,ntu,,,numeric,,,,,,True,False,False
NCRN,HAFE,Harpers Ferry,Harpers Ferry National Historical Park,NCRN_HAFE_FLSP,NCRN_HAFE_FLSP,Flowing Springs Run,39.29589433,-77.79225775,Stream,AirTemp,Air Temperature,"Temperature, air",AirTemp,Air Temperature,°C,,,numeric,,,,,,True,True,True
NCRN,HAFE,Harpers Ferry,Harpers Ferry National Historical Park,NCRN_HAFE_FLSP,NCRN_HAFE_FLSP,Flowing Springs Run,39.29589433,-77.79225775,Stream,Discharge,Discharge,Base flow discharge,Discharge,Discharge,cfs,,,numeric,,,,,,True,True,True
NCRN,HAFE,Harpers Ferry,Harpers Ferry National Historical Park,NCRN_HAFE_FLSP,NCRN_HAFE_FLSP,Flowing Springs Run,39.29589433,-77.79225775,Stream,Depth,Depth,Cross-Section Depth,Depth,Depth,ft,,,numeric,,,,,,True,True,True
NCRN,HAFE,Harpers Ferry,Harpers Ferry National Historical Park,NCRN_HAFE_FLSP,NCRN_HAFE_FLSP,Flowing Springs Run,39.29589433,-77.79225775,Stream,WaterTemp,Water Temperature,"Temperature, water",WaterTemp,Water Temperature,°C,,32.0,numeric,,Acceptable water temperature is below 32 degrees C for warm water streams.,"District DOE, 2010, State of MD 2010, State of WV 2011, VA Water Control Board 2011",,>=,True,True,True
NCRN,HAFE,Harpers Ferry,Harpers Ferry National Historical Park,NCRN_HAFE_FLSP,NCRN_HAFE_FLSP,Flowing Springs Run,39.29589433,-77.79225775,Stream,SC,Specific Conductance,Specific conductance,SC,Specific Conductance,µS/cm,,171.0,numeric,,Acceptable specific conductance is below 171 uS/cm.,Morgan et al. 2007,,>=,True,True,True
NCRN,HAFE,Harpers Ferry,Harpers Ferry National Historical Park,NCRN_HAFE_FLSP,NCRN_HAFE_FLSP,Flowing Springs Run,39.29589433,-77.79225775,Stream,pH,pH,pH,pH,pH,pH Units,6.0,9.0,numeric,Acceptable pH is greater than or equal to 6.,Acceptable pH is less than or equal to 9.,"District DOE, 2010, State of MD 2010, State of WV 2011, VA Water Control Board 2011",<,>,True,True,True
NCRN,HAFE,Harpers Ferry,Harpers Ferry National Historical Park,NCRN_HAFE_FLSP,NCRN_HAFE_FLSP,Flowing Springs Run,39.29589433,-77.79225775,Stream,DOmg,DO Concentration,Dissolved oxygen (DO),DOmg,Dissolved Oxygen,mg/L,5.0,,numeric,Acceptable dissolved oxygen is above 5.0 mg/L for warm water streams and above 6.0 mg/L for cold water streams.,,"District DOE, 2010, State of MD 2010, State of WV 2011, VA Water Control Board 2011",<=,,True,True,True
NCRN,HAFE,Harpers Ferry,Harpers Ferry National Historical Park,NCRN_HAFE_FLSP,NCRN_HAFE_FLSP,Flowing Springs Run,39.29589433,-77.79225775,Stream,DOper,DO Saturation,Dissolved oxygen saturation,DOper,Dissolved Oxygen,percent,,,numeric,,,,,,True,True,True
NCRN,HAFE,Harpers Ferry,Harpers Ferry National Historical Park,NCRN_HAFE_FLSP,NCRN_HAFE_FLSP,Flowing Springs Run,39.29589433,-77.79225775,Stream,ANC,ANC,Acid Neutralizing Capacity (ANC),ANC,Acid Neutralizing Capacity,µeq/L,600.0,,numeric,Acceptable acid neutralizing capacity is above 600 ueq/L for karst terrain.,,Weeks et al. 2007,<=,,True,True,True
NCRN,HAFE,Harpers Ferry,Harpers Ferry National Historical Park,NCRN_HAFE_FLSP,NCRN_HAFE_FLSP,Flowing Springs Run,39.29589433,-77.79225775,Stream,WetWidth,Wetted Width,Wetted Width,WetWidth,Wetted Width,ft,,,numeric,,,,,,True,True,True
NCRN,HAFE,Harpers Ferry,Harpers Ferry National Historical Park,NCRN_HAFE_FLSP,NCRN_HAFE_FLSP,Flowing Springs Run,39.29589433,-77.79225775,Stream,Velocity,Stream Velocity,Velocity - stream,Velocity,Velocity,ft/s,,,numeric,,,,,,True,True,True
NCRN,HAFE,Harpers Ferry,Harpers Ferry National Historical Park,NCRN_HAFE_FLSP,NCRN_HAFE_FLSP,Flowing Springs Run,39.29589433,-77.79225775,Stream,AirPress,Air Pressure,Barometric pressure,AirPress,Air Pressure,mm Hg,,,numeric,,,,,,True,True,True
NCRN,HAFE,Harpers Ferry,Harpers Ferry National Historical Park,NCRN_HAFE_FLSP,NCRN_HAFE_FLSP,Flowing Springs Run,39.29589433,-77.79225775,Stream,Conductivity,Conductivity,Conductivity,Conductivity,Conductivity,µS/cm,,,numeric,,,,,,True,True,True
NCRN,HAFE,Harpers Ferry,Harpers Ferry National Historical Park,NCRN_HAFE_FLSP,NCRN_HAFE_FLSP,Flowing Springs Run,39.29589433,-77.79225775,Stream,Salinity,Salinity,Salinity,Salinity,Salinity,ppt,,0.5,numeric,,Acceptable salinity is less than or equal to 0.5 ppt.,Ramasamy et al. 2014,,>,True,True,True
NCRN,HAFE,Harpers Ferry,Harpers Ferry National Historical Park,NCRN_HAFE_FLSP,NCRN_HAFE_FLSP,Flowing Springs Run,39.29589433,-77.79225775,Stream,TDS,Total Dissolved Solids,Total dissolved solids,TDS,Total Dissolved Solids,mg/L,,,numeric,,,,,,True,True,True
NCRN,HAFE,Harpers Ferry,Harpers Ferry National Historical Park,NCRN_HAFE_FLSP,NCRN_HAFE_FLSP,Flowing Springs Run,39.29589433,-77.79225775,Stream,TotalN,Total Nitrogen,"Total Nitrogen, mixed forms",TotalN,Total Nitrogen,mg/L,,0.31,numeric,,Acceptable total nitrogen is less than or equal to 0.31 mg/L in nutrient ecoregion XI.,EPA 2000,,>,True,True,True
NCRN,HAFE,Harpers Ferry,Harpers Ferry National Historical Park,NCRN_HAFE_FLSP,NCRN_HAFE_FLSP,Flowing Springs Run,39.29589433,-77.79225775,Stream,TotalP,Total Phosphorus,"Total Phosphorus, mixed forms",TotalP,Total Phosphorus,mg/L,,0.01,numeric,,Acceptable total phosphorus is less than or equal to 0.01 mg/L in nutrient ecoregion XI.,EPA 2000,,>,True,False,False
NCRN,HAFE,Harpers Ferry,Harpers Ferry National Historical Park,NCRN_HAFE_FLSP,NCRN_HAFE_FLSP,Flowing Springs Run,39.29589433,-77.79225775,Stream,TotalDN,Total Dissolved Nitrogen,"Total Dissolved Nitrogen, mixed forms",TotalDN,Total Dissolved Nitrogen,mg/L,,,numeric,,,,,,True,False,False
NCRN,HAFE,Harpers Ferry,Harpers Ferry National Historical Park,NCRN_HAFE_FLSP,NCRN_HAFE_FLSP,Flowing Springs Run,39.29589433,-77.79225775,Stream,TotalDP,Total Dissolved Phosphorus,"Total Dissolved Phosphorus, mixed forms",TotalDP,Total Dissolved Phosphorus,mg/L,,,numeric,,,,,,True,False,False
NCRN,HAFE,Harpers Ferry,Harpers Ferry National Historical Park,NCRN_HAFE_FLSP,NCRN_HAFE_FLSP,Flowing Springs Run,39.29589433,-77.79225775,Stream,Ammonia,Ammonia,Ammonia,Ammonia,Ammonia,mg/L,,,numeric,,,,,,True,False,False
NCRN,HAFE,Harpers Ferry,Harpers Ferry National Historical Park,NCRN_HAFE_FLSP,NCRN_HAFE_FLSP,Flowing Springs Run,39.29589433,-77.79225775,Stream,Nitrate,Nitrate,Nitrate,Nitrate,Nitrate,mg/L,,0.31,numeric,,Acceptable nitrate is less than or equal to 0.31 mg/L in nutrient ecoregion XI.,EPA 2000,,>,True,False,False
NCRN,HAFE,Harpers Ferry,Harpers Ferry National Historical Park,NCRN_HAFE_FLSP,NCRN_HAFE_FLSP,Flowing Springs Run,39.29589433,-77.79225775,Stream,Weather,Weather,Weather condition (WMO code 4501) (choice list),Weather,Weather Conditions,,,,factor,,,,,,True,False,False
NCRN,HAFE,Harpers Ferry,Harpers Ferry National Historical Park,NCRN_HAFE_FLSP,NCRN_HAFE_FLSP,Flowing Springs Run,39.29589433,-77.79225775,Stream,Algae,Algae,"Substrate algae, % (choice list)",Algae,Algae,,,,factor,,,,,,True,False,False
NCRN,HAFE,Harpers Ferry,Harpers Ferry National Historical Park,NCRN_HAFE_FLSP,NCRN_HAFE_FLSP,Flowing Springs Run,39.29589433,-77.79225775,Stream,AlgaeColor,Algae Color,Substrate algae color,AlgaeColor,Algae Color,,,,factor,,,,,,True,False,False
NCRN,HAFE,Harpers Ferry,Harpers Ferry National Historical Park,NCRN_HAFE_FLSP,NCRN_HAFE_FLSP,Flowing Springs Run,39.29589433,-77.79225775,Stream,WaterAppearance,Water Appearance,Water appearance (text),WaterAppearance,Water Appearance,,,,factor,,,,,,True,False,False
NCRN,HAFE,Harpers Ferry,Harpers Ferry National Historical Park,NCRN_HAFE_FLSP,NCRN_HAFE_FLSP,Flowing Springs Run,39.29589433,-77.79225775,Stream,FlowCondition,Flow Condition,Stream flow (choice list),FlowCondition,Flow Condition,,,,factor,,,,,,True,False,False
NCRN,HAFE,Harpers Ferry,Harpers Ferry National Historical Park,NCRN_HAFE_FLSP,NCRN_HAFE_FLSP,Flowing Springs Run,39.29589433,-77.79225775,Stream,Orthophosphate,Orthophosphate,Orthophosphate,Orthophosphate,Orthophosphate,mg/L,,,numeric,,,,,,True,False,False
NCRN,HAFE,Harpers Ferry,Harpers Ferry National Historical Park,NCRN_HAFE_FLSP,NCRN_HAFE_FLSP,Flowing Springs Run,39.29589433,-77.79225775,Stream,Turbidity,Turbidity,Turbidity,Turbidity,Turbidity,ntu,,,numeric,,,,,,True,False,False
NCRN,MANA,Manassas,Manassas National Battlefield Park,NCRN_MANA_CHBR,NCRN_MANA_CHBR,Chinn's Branch,38.81768373,-77.52815166,Stream,AirTemp,Air Temperature,"Temperature, air",AirTemp,Air Temperature,°C,,,numeric,,,,,,False,True,False
NCRN,MANA,Manassas,Manassas National Battlefield Park,NCRN_MANA_CHBR,NCRN_MANA_CHBR,Chinn's Branch,38.81768373,-77.52815166,Stream,Discharge,Discharge,Base flow discharge,Discharge,Discharge,cfs,,,numeric,,,,,,False,True,False
NCRN,MANA,Manassas,Manassas National Battlefield Park,NCRN_MANA_CHBR,NCRN_MANA_CHBR,Chinn's Branch,38.81768373,-77.52815166,Stream,Depth,Depth,Cross-Section Depth,Depth,Depth,ft,,,numeric,,,,,,False,True,False
NCRN,MANA,Manassas,Manassas National Battlefield Park,NCRN_MANA_CHBR,NCRN_MANA_CHBR,Chinn's Branch,38.81768373,-77.52815166,Stream,WaterTemp,Water Temperature,"Temperature, water",WaterTemp,Water Temperature,°C,,32.0,numeric,,Acceptable water temperature is below 32 degrees C for warm water streams.,"District DOE, 2010, State of MD 2010, State of WV 2011, VA Water Control Board 2011",,>=,False,True,False
NCRN,MANA,Manassas,Manassas National Battlefield Park,NCRN_MANA_CHBR,NCRN_MANA_CHBR,Chinn's Branch,38.81768373,-77.52815166,Stream,SC,Specific Conductance,Specific conductance,SC,Specific Conductance,µS/cm,,171.0,numeric,,Acceptable specific conductance is below 171 uS/cm.,Morgan et al. 2007,,>=,False,True,False
NCRN,MANA,Manassas,Manassas National Battlefield Park,NCRN_MANA_CHBR,NCRN_MANA_CHBR,Chinn's Branch,38.81768373,-77.52815166,Stream,pH,pH,pH,pH,pH,pH Units,6.0,9.0,numeric,Acceptable pH is greater than or equal to 6.,Acceptable pH is less than or equal to 9.,"District DOE, 2010, State of MD 2010, State of WV 2011, VA Water Control Board 2011",<,>,False,True,False
NCRN,MANA,Manassas,Manassas National Battlefield Park,NCRN_MANA_CHBR,NCRN_MANA_CHBR,Chinn's Branch,38.81768373,-77.52815166,Stream,DOmg,DO Concentration,Dissolved oxygen (DO),DOmg,Dissolved Oxygen,mg/L,5.0,,numeric,Acceptable dissolved oxygen is above 5.0 mg/L for warm water streams and above 6.0 mg/L for cold water streams.,,"District DOE, 2010, State of MD 2010, State of WV 2011, VA Water Control Board 2011",<=,,False,True,False
NCRN,MANA,Manassas,Manassas National Battlefield Park,NCRN_MANA_CHBR,NCRN_MANA_CHBR,Chinn's Branch,38.81768373,-77.52815166,Stream,DOper,DO Saturation,Dissolved oxygen saturation,DOper,Dissolved Oxygen,percent,,,numeric,,,,,,False,True,False
NCRN,MANA,Manassas,Manassas National Battlefield Park,NCRN_MANA_CHBR,NCRN_MANA_CHBR,Chinn's Branch,38.81768373,-77.52815166,Stream,ANC,ANC,Acid Neutralizing Capacity (ANC),ANC,Acid Neutralizing Capacity,µeq/L,200.0,,numeric,Acceptable acid neutralizing capacity is above 200 ueq/L for non-karst terrain.,,Weeks et al. 2007,<=,,False,True,False
NCRN,MANA,Manassas,Manassas National Battlefield Park,NCRN_MANA_CHBR,NCRN_MANA_CHBR,Chinn's Branch,38.81768373,-77.52815166,Stream,WetWidth,Wetted Width,Wetted Width,WetWidth,Wetted Width,ft,,,numeric,,,,,,False,True,False
NCRN,MANA,Manassas,Manassas National Battlefield Park,NCRN_MANA_CHBR,NCRN_MANA_CHBR,Chinn's Branch,38.81768373,-77.52815166,Stream,Velocity,Stream Velocity,Velocity - stream,Velocity,Velocity,ft/s,,,numeric,,,,,,False,True,False
NCRN,MANA,Manassas,Manassas National Battlefield Park,NCRN_MANA_CHBR,NCRN_MANA_CHBR,Chinn's Branch,38.81768373,-77.52815166,Stream,AirPress,Air Pressure,Barometric pressure,AirPress,Air Pressure,mm Hg,,,numeric,,,,,,False,True,False
NCRN,MANA,Manassas,Manassas National Battlefield Park,NCRN_MANA_CHBR,NCRN_MANA_CHBR,Chinn's Branch,38.81768373,-77.52815166,Stream,Conductivity,Conductivity,Conductivity,Conductivity,Conductivity,µS/cm,,,numeric,,,,,,False,True,False
NCRN,MANA,Manassas,Manassas National Battlefield Park,NCRN_MANA_CHBR,NCRN_MANA_CHBR,Chinn's Branch,38.81768373,-77.52815166,Stream,Salinity,Salinity,Salinity,Salinity,Salinity,ppt,,0.5,numeric,,Acceptable salinity is less than or equal to 0.5 ppt.,Ramasamy et al. 2014,,>,False,True,False
NCRN,MANA,Manassas,Manassas National Battlefield Park,NCRN_MANA_CHBR,NCRN_MANA_CHBR,Chinn's Branch,38.81768373,-77.52815166,Stream,TDS,Total Dissolved Solids,Total dissolved solids,TDS,Total Dissolved Solids,mg/L,,,numeric,,,,,,False,True,False
NCRN,MANA,Manassas,Manassas National Battlefield Park,NCRN_MANA_CHBR,NCRN_MANA_CHBR,Chinn's Branch,38.81768373,-77.52815166,Stream,TotalN,Total Nitrogen,"Total Nitrogen, mixed forms",TotalN,Total Nitrogen,mg/L,,0.69,numeric,,Acceptable total nitrogen is less than or equal to 0.69 mg/L in nutrient ecoregion IX.,EPA 2000,,>,False,True,False
NCRN,MANA,Manassas,Manassas National Battlefield Park,NCRN_MANA_CHBR,NCRN_MANA_CHBR,Chinn's Branch,38.81768373,-77.52815166,Stream,TotalP,Total Phosphorus,"Total Phosphorus, mixed forms",TotalP,Total Phosphorus,mg/L,,0.037,numeric,,Acceptable phosphorus is less than or equal to 0.037 mg/L in nutrient ecoregion IX.,EPA 2000,,>,False,False,False
NCRN,MANA,Manassas,Manassas National Battlefield Park,NCRN_MANA_CHBR,NCRN_MANA_CHBR,Chinn's Branch,38.81768373,-77.52815166,Stream,TotalDN,Total Dissolved Nitrogen,"Total Dissolved Nitrogen, mixed forms",TotalDN,Total Dissolved Nitrogen,mg/L,,,numeric,,,,,,False,False,False
NCRN,MANA,Manassas,Manassas National Battlefield Park,NCRN_MANA_CHBR,NCRN_MANA_CHBR,Chinn's Branch,38.81768373,-77.52815166,Stream,TotalDP,Total Dissolved Phosphorus,"Total Dissolved Phosphorus, mixed forms",TotalDP,Total Dissolved Phosphorus,mg/L,,,numeric,,,,,,False,False,False
NCRN,MANA,Manassas,Manassas National Battlefield Park,NCRN_MANA_CHBR,NCRN_MANA_CHBR,Chinn's Branch,38.81768373,-77.52815166,Stream,Ammonia,Ammonia,Ammonia,Ammonia,Ammonia,mg/L,,,numeric,,,,,,False,False,False
NCRN,MANA,Manassas,Manassas National Battlefield Park,NCRN_MANA_CHBR,NCRN_MANA_CHBR,Chinn's Branch,38.81768373,-77.52815166,Stream,Nitrate,Nitrate,Nitrate,Nitrate,Nitrate,mg/L,,0.69,numeric,,Acceptable nitrate is less than or equal to 2.0 mg/L in nutrient ecoregion IX.,EPA 2000,,>,False,False,False
NCRN,MANA,Manassas,Manassas National Battlefield Park,NCRN_MANA_CHBR,NCRN_MANA_CHBR,Chinn's Branch,38.81768373,-77.52815166,Stream,Weather,Weather,Weather condition (WMO code 4501) (choice list),Weather,Weather Conditions,,,,factor,,,,,,False,False,False
NCRN,MANA,Manassas,Manassas National Battlefield Park,NCRN_MANA_CHBR,NCRN_MANA_CHBR,Chinn's Branch,38.81768373,-77.52815166,Stream,Algae,Algae,"Substrate algae, % (choice list)",Algae,Algae,,,,factor,,,,,,False,False,False
NCRN,MANA,Manassas,Manassas National Battlefield Park,NCRN_MANA_CHBR,NCRN_MANA_CHBR,Chinn's Branch,38.81768373,-77.52815166,Stream,AlgaeColor,Algae Color,Substrate algae color,AlgaeColor,Algae Color,,,,factor,,,,,,False,False,False
NCRN,MANA,Manassas,Manassas National Battlefield Park,NCRN_MANA_CHBR,NCRN_MANA_CHBR,Chinn's Branch,38.81768373,-77.52815166,Stream,WaterAppearance,Water Appearance,Water appearance (text),WaterAppearance,Water Appearance,,,,factor,,,,,,False,False,False
NCRN,MANA,Manassas,Manassas National Battlefield Park,NCRN_MANA_CHBR,NCRN_MANA_CHBR,Chinn's Branch,38.81768373,-77.52815166,Stream,FlowCondition,Flow Condition,Stream flow (choice list),FlowCondition,Flow Condition,,,,factor,,,,,,False,False,False
NCRN,MANA,Manassas,Manassas National Battlefield Park,NCRN_MANA_CHBR,NCRN_MANA_CHBR,Chinn's Branch,38.81768373,-77.52815166,Stream,Orthophosphate,Orthophosphate,Orthophosphate,Orthophosphate,Orthophosphate,mg/L,,,numeric,,,,,,False,False,False
NCRN,MANA,Manassas,Manassas National Battlefield Park,NCRN_MANA_CHBR,NCRN_MANA_CHBR,Chinn's Branch,38.81768373,-77.52815166,Stream,Turbidity,Turbidity,Turbidity,Turbidity,Turbidity,ntu,,,numeric,,,,,,False,False,False
NCRN,MANA,Manassas,Manassas National Battlefield Park,NCRN_MANA_DOBR,NCRN_MANA_DOBR,Dogan's Branch,38.81411641,-77.54400331,Stream,AirTemp,Air Temperature,"Temperature, air",AirTemp,Air Temperature,°C,,,numeric,,,,,,False,True,False
NCRN,MANA,Manassas,Manassas National Battlefield Park,NCRN_MANA_DOBR,NCRN_MANA_DOBR,Dogan's Branch,38.81411641,-77.54400331,Stream,Discharge,Discharge,Base flow discharge,Discharge,Discharge,cfs,,,numeric,,,,,,False,True,False
NCRN,MANA,Manassas,Manassas National Battlefield Park,NCRN_MANA_DOBR,NCRN_MANA_DOBR,Dogan's Branch,38.81411641,-77.54400331,Stream,Depth,Depth,Cross-Section Depth,Depth,Depth,ft,,,numeric,,,,,,False,True,False
NCRN,MANA,Manassas,Manassas National Battlefield Park,NCRN_MANA_DOBR,NCRN_MANA_DOBR,Dogan's Branch,38.81411641,-77.54400331,Stream,WaterTemp,Water Temperature,"Temperature, water",WaterTemp,Water Temperature,°C,,32.0,numeric,,Acceptable water temperature is below 32 degrees C for warm water streams.,"District DOE, 2010, State of MD 2010, State of WV 2011, VA Water Control Board 2011",,>=,False,True,False
NCRN,MANA,Manassas,Manassas National Battlefield Park,NCRN_MANA_DOBR,NCRN_MANA_DOBR,Dogan's Branch,38.81411641,-77.54400331,Stream,SC,Specific Conductance,Specific conductance,SC,Specific Conductance,µS/cm,,171.0,numeric,,Acceptable specific conductance is below 171 uS/cm.,Morgan et al. 2007,,>=,False,True,False
NCRN,MANA,Manassas,Manassas National Battlefield Park,NCRN_MANA_DOBR,NCRN_MANA_DOBR,Dogan's Branch,38.81411641,-77.54400331,Stream,pH,pH,pH,pH,pH,pH Units,6.0,9.0,numeric,Acceptable pH is greater than or equal to 6.,Acceptable pH is less than or equal to 9.,"District DOE, 2010, State of MD 2010, State of WV 2011, VA Water Control Board 2011",<,>,False,True,False
NCRN,MANA,Manassas,Manassas National Battlefield Park,NCRN_MANA_DOBR,NCRN_MANA_DOBR,Dogan's Branch,38.81411641,-77.54400331,Stream,DOmg,DO Concentration,Dissolved oxygen (DO),DOmg,Dissolved Oxygen,mg/L,5.0,,numeric,Acceptable dissolved oxygen is above 5.0 mg/L for warm water streams and above 6.0 mg/L for cold water streams.,,"District DOE, 2010, State of MD 2010, State of WV 2011, VA Water Control Board 2011",<=,,False,True,False
NCRN,MANA,Manassas,Manassas National Battlefield Park,NCRN_MANA_DOBR,NCRN_MANA_DOBR,Dogan's Branch,38.81411641,-77.54400331,Stream,DOper,DO Saturation,Dissolved oxygen saturation,DOper,Dissolved Oxygen,percent,,,numeric,,,,,,False,True,False
NCRN,MANA,Manassas,Manassas National Battlefield Park,NCRN_MANA_DOBR,NCRN_MANA_DOBR,Dogan's Branch,38.81411641,-77.54400331,Stream,ANC,ANC,Acid Neutralizing Capacity (ANC),ANC,Acid Neutralizing Capacity,µeq/L,200.0,,numeric,Acceptable acid neutralizing capacity is above 200 ueq/L for non-karst terrain.,,Weeks et al. 2007,<=,,False,True,False
NCRN,MANA,Manassas,Manassas National Battlefield Park,NCRN_MANA_DOBR,NCRN_MANA_DOBR,Dogan's Branch,38.81411641,-77.54400331,Stream,WetWidth,Wetted Width,Wetted Width,WetWidth,Wetted Width,ft,,,numeric,,,,,,False,True,False
NCRN,MANA,Manassas,Manassas National Battlefield Park,NCRN_MANA_DOBR,NCRN_MANA_DOBR,Dogan's Branch,38.81411641,-77.54400331,Stream,Velocity,Stream Velocity,Velocity - stream,Velocity,Velocity,ft/s,,,numeric,,,,,,False,True,False
NCRN,MANA,Manassas,Manassas National Battlefield Park,NCRN_MANA_DOBR,NCRN_MANA_DOBR,Dogan's Branch,38.81411641,-77.54400331,Stream,AirPress,Air Pressure,Barometric pressure,AirPress,Air Pressure,mm Hg,,,numeric,,,,,,False,True,False
NCRN,MANA,Manassas,Manassas National Battlefield Park,NCRN_MANA_DOBR,NCRN_MANA_DOBR,Dogan's Branch,38.81411641,-77.54400331,Stream,Conductivity,Conductivity,Conductivity,Conductivity,Conductivity,µS/cm,,,numeric,,,,,,False,True,False
NCRN,MANA,Manassas,Manassas National Battlefield Park,NCRN_MANA_DOBR,NCRN_MANA_DOBR,Dogan's Branch,38.81411641,-77.54400331,Stream,Salinity,Salinity,Salinity,Salinity,Salinity,ppt,,0.5,numeric,,Acceptable salinity is less than or equal to 0.5 ppt.,Ramasamy et al. 2014,,>,False,True,False
NCRN,MANA,Manassas,Manassas National Battlefield Park,NCRN_MANA_DOBR,NCRN_MANA_DOBR,Dogan's Branch,38.81411641,-77.54400331,Stream,TDS,Total Dissolved Solids,Total dissolved solids,TDS,Total Dissolved Solids,mg/L,,,numeric,,,,,,False,True,False
NCRN,MANA,Manassas,Manassas National Battlefield Park,NCRN_MANA_DOBR,NCRN_MANA_DOBR,Dogan's Branch,38.81411641,-77.54400331,Stream,TotalN,Total Nitrogen,"Total Nitrogen, mixed forms",TotalN,Total Nitrogen,mg/L,,0.69,numeric,,Acceptable total nitrogen is less than or equal to 0.69 mg/L in nutrient ecoregion IX.,EPA 2000,,>,False,True,False
NCRN,MANA,Manassas,Manassas National Battlefield Park,NCRN_MANA_DOBR,NCRN_MANA_DOBR,Dogan's Branch,38.81411641,-77.54400331,Stream,TotalP,Total Phosphorus,"Total Phosphorus, mixed forms",TotalP,Total Phosphorus,mg/L,,0.037,numeric,,Acceptable phosphorus is less than or equal to 0.037 mg/L in nutrient ecoregion IX.,EPA 2000,,>,False,False,False
NCRN,MANA,Manassas,Manassas National Battlefield Park,NCRN_MANA_DOBR,NCRN_MANA_DOBR,Dogan's Branch,38.81411641,-77.54400331,Stream,TotalDN,Total Dissolved Nitrogen,"Total Dissolved Nitrogen, mixed forms",TotalDN,Total Dissolved Nitrogen,mg/L,,,numeric,,,,,,False,False,False
NCRN,MANA,Manassas,Manassas National Battlefield Park,NCRN_MANA_DOBR,NCRN_MANA_DOBR,Dogan's Branch,38.81411641,-77.54400331,Stream,TotalDP,Total Dissolved Phosphorus,"Total Dissolved Phosphorus, mixed forms",TotalDP,Total Dissolved Phosphorus,mg/L,,,numeric,,,,,,False,False,False
NCRN,MANA,Manassas,Manassas National Battlefield Park,NCRN_MANA_DOBR,NCRN_MANA_DOBR,Dogan's Branch,38.81411641,-77.54400331,Stream,Ammonia,Ammonia,Ammonia,Ammonia,Ammonia,mg/L,,,numeric,,,,,,False,False,False
NCRN,MANA,Manassas,Manassas National Battlefield Park,NCRN_MANA_DOBR,NCRN_MANA_DOBR,Dogan's Branch,38.81411641,-77.54400331,Stream,Nitrate,Nitrate,Nitrate,Nitrate,Nitrate,mg/L,,0.69,numeric,,Acceptable nitrate is less than or equal to 2.0 mg/L in nutrient ecoregion IX.,EPA 2000,,>,False,False,False
NCRN,MANA,Manassas,Manassas National Battlefield Park,NCRN_MANA_DOBR,NCRN_MANA_DOBR,Dogan's Branch,38.81411641,-77.54400331,Stream,Weather,Weather,Weather condition (WMO code 4501) (choice list),Weather,Weather Conditions,,,,factor,,,,,,False,False,False
NCRN,MANA,Manassas,Manassas National Battlefield Park,NCRN_MANA_DOBR,NCRN_MANA_DOBR,Dogan's Branch,38.81411641,-77.54400331,Stream,Algae,Algae,"Substrate algae, % (choice list)",Algae,Algae,,,,factor,,,,,,False,False,False
NCRN,MANA,Manassas,Manassas National Battlefield Park,NCRN_MANA_DOBR,NCRN_MANA_DOBR,Dogan's Branch,38.81411641,-77.54400331,Stream,AlgaeColor,Algae Color,Substrate algae color,AlgaeColor,Algae Color,,,,factor,,,,,,False,False,False
NCRN,MANA,Manassas,Manassas National Battlefield Park,NCRN_MANA_DOBR,NCRN_MANA_DOBR,Dogan's Branch,38.81411641,-77.54400331,Stream,WaterAppearance,Water Appearance,Water appearance (text),WaterAppearance,Water Appearance,,,,factor,,,,,,False,False,False
NCRN,MANA,Manassas,Manassas National Battlefield Park,NCRN_MANA_DOBR,NCRN_MANA_DOBR,Dogan's Branch,38.81411641,-77.54400331,Stream,FlowCondition,Flow Condition,Stream flow (choice list),FlowCondition,Flow Condition,,,,factor,,,,,,False,False,False
NCRN,MANA,Manassas,Manassas National Battlefield Park,NCRN_MANA_DOBR,NCRN_MANA_DOBR,Dogan's Branch,38.81411641,-77.54400331,Stream,Orthophosphate,Orthophosphate,Orthophosphate,Orthophosphate,Orthophosphate,mg/L,,,numeric,,,,,,False,False,False
NCRN,MANA,Manassas,Manassas National Battlefield Park,NCRN_MANA_DOBR,NCRN_MANA_DOBR,Dogan's Branch,38.81411641,-77.54400331,Stream,Turbidity,Turbidity,Turbidity,Turbidity,Turbidity,ntu,,,numeric,,,,,,False,False,False
NCRN,MANA,Manassas,Manassas National Battlefield Park,NCRN_MANA_HOBR,NCRN_MANA_HOBR,Holkum Branch,38.81571583,-77.50729353,Stream,AirTemp,Air Temperature,"Temperature, air",AirTemp,Air Temperature,°C,,,numeric,,,,,,False,True,False
NCRN,MANA,Manassas,Manassas National Battlefield Park,NCRN_MANA_HOBR,NCRN_MANA_HOBR,Holkum Branch,38.81571583,-77.50729353,Stream,Discharge,Discharge,Base flow discharge,Discharge,Discharge,cfs,,,numeric,,,,,,False,True,False
NCRN,MANA,Manassas,Manassas National Battlefield Park,NCRN_MANA_HOBR,NCRN_MANA_HOBR,Holkum Branch,38.81571583,-77.50729353,Stream,Depth,Depth,Cross-Section Depth,Depth,Depth,ft,,,numeric,,,,,,False,True,False
NCRN,MANA,Manassas,Manassas National Battlefield Park,NCRN_MANA_HOBR,NCRN_MANA_HOBR,Holkum Branch,38.81571583,-77.50729353,Stream,WaterTemp,Water Temperature,"Temperature, water",WaterTemp,Water Temperature,°C,,32.0,numeric,,Acceptable water temperature is below 32 degrees C for warm water streams.,"District DOE, 2010, State of MD 2010, State of WV 2011, VA Water Control Board 2011",,>=,False,True,False
NCRN,MANA,Manassas,Manassas National Battlefield Park,NCRN_MANA_HOBR,NCRN_MANA_HOBR,Holkum Branch,38.81571583,-77.50729353,Stream,SC,Specific Conductance,Specific conductance,SC,Specific Conductance,µS/cm,,171.0,numeric,,Acceptable specific conductance is below 171 uS/cm.,Morgan et al. 2007,,>=,False,True,False
NCRN,MANA,Manassas,Manassas National Battlefield Park,NCRN_MANA_HOBR,NCRN_MANA_HOBR,Holkum Branch,38.81571583,-77.50729353,Stream,pH,pH,pH,pH,pH,pH Units,6.0,9.0,numeric,Acceptable pH is greater than or equal to 6.,Acceptable pH is less than or equal to 9.,"District DOE, 2010, State of MD 2010, State of WV 2011, VA Water Control Board 2011",<,>,False,True,False
NCRN,MANA,Manassas,Manassas National Battlefield Park,NCRN_MANA_HOBR,NCRN_MANA_HOBR,Holkum Branch,38.81571583,-77.50729353,Stream,DOmg,DO Concentration,Dissolved oxygen (DO),DOmg,Dissolved Oxygen,mg/L,5.0,,numeric,Acceptable dissolved oxygen is above 5.0 mg/L for warm water streams and above 6.0 mg/L for cold water streams.,,"District DOE, 2010, State of MD 2010, State of WV 2011, VA Water Control Board 2011",<=,,False,True,False
NCRN,MANA,Manassas,Manassas National Battlefield Park,NCRN_MANA_HOBR,NCRN_MANA_HOBR,Holkum Branch,38.81571583,-77.50729353,Stream,DOper,DO Saturation,Dissolved oxygen saturation,DOper,Dissolved Oxygen,percent,,,numeric,,,,,,False,True,False
NCRN,MANA,Manassas,Manassas National Battlefield Park,NCRN_MANA_HOBR,NCRN_MANA_HOBR,Holkum Branch,38.81571583,-77.50729353,Stream,ANC,ANC,Acid Neutralizing Capacity (ANC),ANC,Acid Neutralizing Capacity,µeq/L,200.0,,numeric,Acceptable acid neutralizing capacity is above 200 ueq/L for non-karst terrain.,,Weeks et al. 2007,<=,,False,True,False
NCRN,MANA,Manassas,Manassas National Battlefield Park,NCRN_MANA_HOBR,NCRN_MANA_HOBR,Holkum Branch,38.81571583,-77.50729353,Stream,WetWidth,Wetted Width,Wetted Width,WetWidth,Wetted Width,ft,,,numeric,,,,,,False,True,False
NCRN,MANA,Manassas,Manassas National Battlefield Park,NCRN_MANA_HOBR,NCRN_MANA_HOBR,Holkum Branch,38.81571583,-77.50729353,Stream,Velocity,Stream Velocity,Velocity - stream,Velocity,Velocity,ft/s,,,numeric,,,,,,False,True,False
NCRN,MANA,Manassas,Manassas National Battlefield Park,NCRN_MANA_HOBR,NCRN_MANA_HOBR,Holkum Branch,38.81571583,-77.50729353,Stream,AirPress,Air Pressure,Barometric pressure,AirPress,Air Pressure,mm Hg,,,numeric,,,,,,False,True,False
NCRN,MANA,Manassas,Manassas National Battlefield Park,NCRN_MANA_HOBR,NCRN_MANA_HOBR,Holkum Branch,38.81571583,-77.50729353,Stream,Conductivity,Conductivity,Conductivity,Conductivity,Conductivity,µS/cm,,,numeric,,,,,,False,True,False
NCRN,MANA,Manassas,Manassas National Battlefield Park,NCRN_MANA_HOBR,NCRN_MANA_HOBR,Holkum Branch,38.81571583,-77.50729353,Stream,Salinity,Salinity,Salinity,Salinity,Salinity,ppt,,0.5,numeric,,Acceptable salinity is less than or equal to 0.5 ppt.,Ramasamy et al. 2014,,>,False,True,False
NCRN,MANA,Manassas,Manassas National Battlefield Park,NCRN_MANA_HOBR,NCRN_MANA_HOBR,Holkum Branch,38.81571583,-77.50729353,Stream,TDS,Total Dissolved Solids,Total dissolved solids,TDS,Total Dissolved Solids,mg/L,,,numeric,,,,,,False,True,False
NCRN,MANA,Manassas,Manassas National Battlefield Park,NCRN_MANA_HOBR,NCRN_MANA_HOBR,Holkum Branch,38.81571583,-77.50729353,Stream,TotalN,Total Nitrogen,"Total Nitrogen, mixed forms",TotalN,Total Nitrogen,mg/L,,0.69,numeric,,Acceptable total nitrogen is less than or equal to 0.69 mg/L in nutrient ecoregion IX.,EPA 2000,,>,False,True,False
NCRN,MANA,Manassas,Manassas National Battlefield Park,NCRN_MANA_HOBR,NCRN_MANA_HOBR,Holkum Branch,38.81571583,-77.50729353,Stream,TotalP,Total Phosphorus,"Total Phosphorus, mixed forms",TotalP,Total Phosphorus,mg/L,,0.037,numeric,,Acceptable phosphorus is less than or equal to 0.037 mg/L in nutrient ecoregion IX.,EPA 2000,,>,False,False,False
NCRN,MANA,Manassas,Manassas National Battlefield Park,NCRN_MANA_HOBR,NCRN_MANA_HOBR,Holkum Branch,38.81571583,-77.50729353,Stream,TotalDN,Total Dissolved Nitrogen,"Total Dissolved Nitrogen, mixed forms",TotalDN,Total Dissolved Nitrogen,mg/L,,,numeric,,,,,,False,False,False
NCRN,MANA,Manassas,Manassas National Battlefield Park,NCRN_MANA_HOBR,NCRN_MANA_HOBR,Holkum Branch,38.81571583,-77.50729353,Stream,TotalDP,Total Dissolved Phosphorus,"Total Dissolved Phosphorus, mixed forms",TotalDP,Total Dissolved Phosphorus,mg/L,,,numeric,,,,,,False,False,False
NCRN,MANA,Manassas,Manassas National Battlefield Park,NCRN_MANA_HOBR,NCRN_MANA_HOBR,Holkum Branch,38.81571583,-77.50729353,Stream,Ammonia,Ammonia,Ammonia,Ammonia,Ammonia,mg/L,,,numeric,,,,,,False,False,False
NCRN,MANA,Manassas,Manassas National Battlefield Park,NCRN_MANA_HOBR,NCRN_MANA_HOBR,Holkum Branch,38.81571583,-77.50729353,Stream,Nitrate,Nitrate,Nitrate,Nitrate,Nitrate,mg/L,,0.69,numeric,,Acceptable nitrate is less than or equal to 2.0 mg/L in nutrient ecoregion IX.,EPA 2000,,>,False,False,False
NCRN,MANA,Manassas,Manassas National Battlefield Park,NCRN_MANA_HOBR,NCRN_MANA_HOBR,Holkum Branch,38.81571583,-77.50729353,Stream,Weather,Weather,Weather condition (WMO code 4501) (choice list),Weather,Weather Conditions,,,,factor,,,,,,False,False,False
NCRN,MANA,Manassas,Manassas National Battlefield Park,NCRN_MANA_HOBR,NCRN_MANA_HOBR,Holkum Branch,38.81571583,-77.50729353,Stream,Algae,Algae,"Substrate algae, % (choice list)",Algae,Algae,,,,factor,,,,,,False,False,False
NCRN,MANA,Manassas,Manassas National Battlefield Park,NCRN_MANA_HOBR,NCRN_MANA_HOBR,Holkum Branch,38.81571583,-77.50729353,Stream,AlgaeColor,Algae Color,Substrate algae color,AlgaeColor,Algae Color,,,,factor,,,,,,False,False,False
NCRN,MANA,Manassas,Manassas National Battlefield Park,NCRN_MANA_HOBR,NCRN_MANA_HOBR,Holkum Branch,38.81571583,-77.50729353,Stream,WaterAppearance,Water Appearance,Water appearance (text),WaterAppearance,Water Appearance,,,,factor,,,,,,False,False,False
NCRN,MANA,Manassas,Manassas National Battlefield Park,NCRN_MANA_HOBR,NCRN_MANA_HOBR,Holkum Branch,38.81571583,-77.50729353,Stream,FlowCondition,Flow Condition,Stream flow (choice list),FlowCondition,Flow Condition,,,,factor,,,,,,False,False,False
NCRN,MANA,Manassas,Manassas National Battlefield Park,NCRN_MANA_HOBR,NCRN_MANA_HOBR,Holkum Branch,38.81571583,-77.50729353,Stream,Orthophosphate,Orthophosphate,Orthophosphate,Orthophosphate,Orthophosphate,mg/L,,,numeric,,,,,,False,False,False
NCRN,MANA,Manassas,Manassas National Battlefield Park,NCRN_MANA_HOBR,NCRN_MANA_HOBR,Holkum Branch,38.81571583,-77.50729353,Stream,Turbidity,Turbidity,Turbidity,Turbidity,Turbidity,ntu,,,numeric,,,,,,False,False,False
NCRN,MONO,Monocacy,Monocacy National Battlefield,NCRN_MONO_BUCK,NCRN_MONO_BUCK,Bush Creek,39.36910591,-77.38543697,Stream,AirTemp,Air Temperature,"Temperature, air",AirTemp,Air Temperature,°C,,,numeric,,,,,,True,True,True
NCRN,MONO,Monocacy,Monocacy National Battlefield,NCRN_MONO_BUCK,NCRN_MONO_BUCK,Bush Creek,39.36910591,-77.38543697,Stream,Discharge,Discharge,Base flow discharge,Discharge,Discharge,cfs,,,numeric,,,,,,True,True,True
NCRN,MONO,Monocacy,Monocacy National Battlefield,NCRN_MONO_BUCK,NCRN_MONO_BUCK,Bush Creek,39.36910591,-77.38543697,Stream,Depth,Depth,Cross-Section Depth,Depth,Depth,ft,,,numeric,,,,,,True,True,True
NCRN,MONO,Monocacy,Monocacy National Battlefield,NCRN_MONO_BUCK,NCRN_MONO_BUCK,Bush Creek,39.36910591,-77.38543697,Stream,WaterTemp,Water Temperature,"Temperature, water",WaterTemp,Water Temperature,°C,,32.0,numeric,,Acceptable water temperature is below 32 degrees C for warm water streams.,"District DOE, 2010, State of MD 2010, State of WV 2011, VA Water Control Board 2011",,>=,True,True,True
NCRN,MONO,Monocacy,Monocacy National Battlefield,NCRN_MONO_BUCK,NCRN_MONO_BUCK,Bush Creek,39.36910591,-77.38543697,Stream,SC,Specific Conductance,Specific conductance,SC,Specific Conductance,µS/cm,,171.0,numeric,,Acceptable specific conductance is below 171 uS/cm.,Morgan et al. 2007,,>=,True,True,True
NCRN,MONO,Monocacy,Monocacy National Battlefield,NCRN_MONO_BUCK,NCRN_MONO_BUCK,Bush Creek,39.36910591,-77.38543697,Stream,pH,pH,pH,pH,pH,pH Units,6.0,9.0,numeric,Acceptable pH is greater than or equal to 6.,Acceptable pH is less than or equal to 9.,"District DOE, 2010, State of MD 2010, State of WV 2011, VA Water Control Board 2011",<,>,True,True,True
NCRN,MONO,Monocacy,Monocacy National Battlefield,NCRN_MONO_BUCK,NCRN_MONO_BUCK,Bush Creek,39.36910591,-77.38543697,Stream,DOmg,DO Concentration,Dissolved oxygen (DO),DOmg,Dissolved Oxygen,mg/L,5.0,,numeric,Acceptable dissolved oxygen is above 5.0 mg/L for warm water streams and above 6.0 mg/L for cold water streams.,,"District DOE, 2010, State of MD 2010, State of WV 2011, VA Water Control Board 2011",<=,,True,True,True
NCRN,MONO,Monocacy,Monocacy National Battlefield,NCRN_MONO_BUCK,NCRN_MONO_BUCK,Bush Creek,39.36910591,-77.38543697,Stream,DOper,DO Saturation,Dissolved oxygen saturation,DOper,Dissolved Oxygen,percent,,,numeric,,,,,,True,True,True
NCRN,MONO,Monocacy,Monocacy National Battlefield,NCRN_MONO_BUCK,NCRN_MONO_BUCK,Bush Creek,39.36910591,-77.38543697,Stream,ANC,ANC,Acid Neutralizing Capacity (ANC),ANC,Acid Neutralizing Capacity,µeq/L,600.0,,numeric,Acceptable acid neutralizing capacity is above 600 ueq/L for karst terrain.,,Weeks et al. 2007,<=,,True,True,True
NCRN,MONO,Monocacy,Monocacy National Battlefield,NCRN_MONO_BUCK,NCRN_MONO_BUCK,Bush Creek,39.36910591,-77.38543697,Stream,WetWidth,Wetted Width,Wetted Width,WetWidth,Wetted Width,ft,,,numeric,,,,,,True,True,True
NCRN,MONO,Monocacy,Monocacy National Battlefield,NCRN_MONO_BUCK,NCRN_MONO_BUCK,Bush Creek,39.36910591,-77.38543697,Stream,Velocity,Stream Velocity,Velocity - stream,Velocity,Velocity,ft/s,,,numeric,,,,,,True,True,True
NCRN,MONO,Monocacy,Monocacy National Battlefield,NCRN_MONO_BUCK,NCRN_MONO_BUCK,Bush Creek,39.36910591,-77.38543697,Stream,AirPress,Air Pressure,Barometric pressure,AirPress,Air Pressure,mm Hg,,,numeric,,,,,,True,True,True
NCRN,MONO,Monocacy,Monocacy National Battlefield,NCRN_MONO_BUCK,NCRN_MONO_BUCK,Bush Creek,39.36910591,-77.38543697,Stream,Conductivity,Conductivity,Conductivity,Conductivity,Conductivity,µS/cm,,,numeric,,,,,,True,True,True
NCRN,MONO,Monocacy,Monocacy National Battlefield,NCRN_MONO_BUCK,NCRN_MONO_BUCK,Bush Creek,39.36910591,-77.38543697,Stream,Salinity,Salinity,Salinity,Salinity,Salinity,ppt,,0.5,numeric,,Acceptable salinity is less than or equal to 0.5 ppt.,Ramasamy et al. 2014,,>,True,True,True
NCRN,MONO,Monocacy,Monocacy National Battlefield,NCRN_MONO_BUCK,NCRN_MONO_BUCK,Bush Creek,39.36910591,-77.38543697,Stream,TDS,Total Dissolved Solids,Total dissolved solids,TDS,Total Dissolved Solids,mg/L,,,numeric,,,,,,True,True,True
NCRN,MONO,Monocacy,Monocacy National Battlefield,NCRN_MONO_BUCK,NCRN_MONO_BUCK,Bush Creek,39.36910591,-77.38543697,Stream,TotalN,Total Nitrogen,"Total Nitrogen, mixed forms",TotalN,Total Nitrogen,mg/L,,0.69,numeric,,Acceptable total nitrogen is less than or equal to 0.69 mg/L in nutrient ecoregion IX.,EPA 2000,,>,True,True,True
NCRN,MONO,Monocacy,Monocacy National Battlefield,NCRN_MONO_BUCK,NCRN_MONO_BUCK,Bush Creek,39.36910591,-77.38543697,Stream,TotalP,Total Phosphorus,"Total Phosphorus, mixed forms",TotalP,Total Phosphorus,mg/L,,0.037,numeric,,Acceptable phosphorus is less than or equal to 0.037 mg/L in nutrient ecoregion IX.,EPA 2000,,>,True,False,False
NCRN,MONO,Monocacy,Monocacy National Battlefield,NCRN_MONO_BUCK,NCRN_MONO_BUCK,Bush Creek,39.36910591,-77.38543697,Stream,TotalDN,Total Dissolved Nitrogen,"Total Dissolved Nitrogen, mixed forms",TotalDN,Total Dissolved Nitrogen,mg/L,,,numeric,,,,,,True,False,False
NCRN,MONO,Monocacy,Monocacy National Battlefield,NCRN_MONO_BUCK,NCRN_MONO_BUCK,Bush Creek,39.36910591,-77.38543697,Stream,TotalDP,Total Dissolved Phosphorus,"Total Dissolved Phosphorus, mixed forms",TotalDP,Total Dissolved Phosphorus,mg/L,,,numeric,,,,,,True,False,False
NCRN,MONO,Monocacy,Monocacy National Battlefield,NCRN_MONO_BUCK,NCRN_MONO_BUCK,Bush Creek,39.36910591,-77.38543697,Stream,Ammonia,Ammonia,Ammonia,Ammonia,Ammonia,mg/L,,,numeric,,,,,,True,False,False
NCRN,MONO,Monocacy,Monocacy National Battlefield,NCRN_MONO_BUCK,NCRN_MONO_BUCK,Bush Creek,39.36910591,-77.38543697,Stream,Nitrate,Nitrate,Nitrate,Nitrate,Nitrate,mg/L,,2.0,numeric,,Acceptable nitrate is less than or equal to 2.0 mg/L in nutrient ecoregion IX.,EPA 2000,,>,True,False,False
NCRN,MONO,Monocacy,Monocacy National Battlefield,NCRN_MONO_BUCK,NCRN_MONO_BUCK,Bush Creek,39.36910591,-77.38543697,Stream,Weather,Weather,Weather condition (WMO code 4501) (choice list),Weather,Weather Conditions,,,,factor,,,,,,True,False,False
NCRN,MONO,Monocacy,Monocacy National Battlefield,NCRN_MONO_BUCK,NCRN_MONO_BUCK,Bush Creek,39.36910591,-77.38543697,Stream,Algae,Algae,"Substrate algae, % (choice list)",Algae,Algae,,,,factor,,,,,,True,False,False
NCRN,MONO,Monocacy,Monocacy National Battlefield,NCRN_MONO_BUCK,NCRN_MONO_BUCK,Bush Creek,39.36910591,-77.38543697,Stream,AlgaeColor,Algae Color,Substrate algae color,AlgaeColor,Algae Color,,,,factor,,,,,,True,False,False
NCRN,MONO,Monocacy,Monocacy National Battlefield,NCRN_MONO_BUCK,NCRN_MONO_BUCK,Bush Creek,39.36910591,-77.38543697,Stream,WaterAppearance,Water Appearance,Water appearance (text),WaterAppearance,Water Appearance,,,,factor,,,,,,True,False,False
NCRN,MONO,Monocacy,Monocacy National Battlefield,NCRN_MONO_BUCK,NCRN_MONO_BUCK,Bush Creek,39.36910591,-77.38543697,Stream,FlowCondition,Flow Condition,Stream flow (choice list),FlowCondition,Flow Condition,,,,factor,,,,,,True,False,False
NCRN,MONO,Monocacy,Monocacy National Battlefield,NCRN_MONO_BUCK,NCRN_MONO_BUCK,Bush Creek,39.36910591,-77.38543697,Stream,Orthophosphate,Orthophosphate,Orthophosphate,Orthophosphate,Orthophosphate,mg/L,,,numeric,,,,,,True,False,False
NCRN,MONO,Monocacy,Monocacy National Battlefield,NCRN_MONO_BUCK,NCRN_MONO_BUCK,Bush Creek,39.36910591,-77.38543697,Stream,Turbidity,Turbidity,Turbidity,Turbidity,Turbidity,ntu,,,numeric,,,,,,True,False,False
NCRN,MONO,Monocacy,Monocacy National Battlefield,NCRN_MONO_GAMI,NCRN_MONO_GAMI,Gambrill Mill Creek,39.36872381,-77.38838321,Stream,AirTemp,Air Temperature,"Temperature, air",AirTemp,Air Temperature,°C,,,numeric,,,,,,True,True,True
NCRN,MONO,Monocacy,Monocacy National Battlefield,NCRN_MONO_GAMI,NCRN_MONO_GAMI,Gambrill Mill Creek,39.36872381,-77.38838321,Stream,Discharge,Discharge,Base flow discharge,Discharge,Discharge,cfs,,,numeric,,,,,,True,True,True
NCRN,MONO,Monocacy,Monocacy National Battlefield,NCRN_MONO_GAMI,NCRN_MONO_GAMI,Gambrill Mill Creek,39.36872381,-77.38838321,Stream,Depth,Depth,Cross-Section Depth,Depth,Depth,ft,,,numeric,,,,,,True,True,True
NCRN,MONO,Monocacy,Monocacy National Battlefield,NCRN_MONO_GAMI,NCRN_MONO_GAMI,Gambrill Mill Creek,39.36872381,-77.38838321,Stream,WaterTemp,Water Temperature,"Temperature, water",WaterTemp,Water Temperature,°C,,32.0,numeric,,Acceptable water temperature is below 32 degrees C for warm water streams.,"District DOE, 2010, State of MD 2010, State of WV 2011, VA Water Control Board 2011",,>=,True,True,True
NCRN,MONO,Monocacy,Monocacy National Battlefield,NCRN_MONO_GAMI,NCRN_MONO_GAMI,Gambrill Mill Creek,39.36872381,-77.38838321,Stream,SC,Specific Conductance,Specific conductance,SC,Specific Conductance,µS/cm,,171.0,numeric,,Acceptable specific conductance is below 171 uS/cm.,Morgan et al. 2007,,>=,True,True,True
NCRN,MONO,Monocacy,Monocacy National Battlefield,NCRN_MONO_GAMI,NCRN_MONO_GAMI,Gambrill Mill Creek,39.36872381,-77.38838321,Stream,pH,pH,pH,pH,pH,pH Units,6.0,9.0,numeric,Acceptable pH is greater than or equal to 6.,Acceptable pH is less than or equal to 9.,"District DOE, 2010, State of MD 2010, State of WV 2011, VA Water Control Board 2011",<,>,True,True,True
NCRN,MONO,Monocacy,Monocacy National Battlefield,NCRN_MONO_GAMI,NCRN_MONO_GAMI,Gambrill Mill Creek,39.36872381,-77.38838321,Stream,DOmg,DO Concentration,Dissolved oxygen (DO),DOmg,Dissolved Oxygen,mg/L,5.0,,numeric,Acceptable dissolved oxygen is above 5.0 mg/L for warm water streams and above 6.0 mg/L for cold water streams.,,"District DOE, 2010, State of MD 2010, State of WV 2011, VA Water Control Board 2011",<=,,True,True,True
NCRN,MONO,Monocacy,Monocacy National Battlefield,NCRN_MONO_GAMI,NCRN_MONO_GAMI,Gambrill Mill Creek,39.36872381,-77.38838321,Stream,DOper,DO Saturation,Dissolved oxygen saturation,DOper,Dissolved Oxygen,percent,,,numeric,,,,,,True,True,True
NCRN,MONO,Monocacy,Monocacy National Battlefield,NCRN_MONO_GAMI,NCRN_MONO_GAMI,Gambrill Mill Creek,39.36872381,-77.38838321,Stream,ANC,ANC,Acid Neutralizing Capacity (ANC),ANC,Acid Neutralizing Capacity,µeq/L,600.0,,numeric,Acceptable acid neutralizing capacity is above 600 ueq/L for karst terrain.,,Weeks et al. 2007,<=,,True,True,True
NCRN,MONO,Monocacy,Monocacy National Battlefield,NCRN_MONO_GAMI,NCRN_MONO_GAMI,Gambrill Mill Creek,39.36872381,-77.38838321,Stream,WetWidth,Wetted Width,Wetted Width,WetWidth,Wetted Width,ft,,,numeric,,,,,,True,True,True
NCRN,MONO,Monocacy,Monocacy National Battlefield,NCRN_MONO_GAMI,NCRN_MONO_GAMI,Gambrill Mill Creek,39.36872381,-77.38838321,Stream,Velocity,Stream Velocity,Velocity - stream,Velocity,Velocity,ft/s,,,numeric,,,,,,True,True,True
NCRN,MONO,Monocacy,Monocacy National Battlefield,NCRN_MONO_GAMI,NCRN_MONO_GAMI,Gambrill Mill Creek,39.36872381,-77.38838321,Stream,AirPress,Air Pressure,Barometric pressure,AirPress,Air Pressure,mm Hg,,,numeric,,,,,,True,True,True
NCRN,MONO,Monocacy,Monocacy National Battlefield,NCRN_MONO_GAMI,NCRN_MONO_GAMI,Gambrill Mill Creek,39.36872381,-77.38838321,Stream,Conductivity,Conductivity,Conductivity,Conductivity,Conductivity,µS/cm,,,numeric,,,,,,True,True,True
NCRN,MONO,Monocacy,Monocacy National Battlefield,NCRN_MONO_GAMI,NCRN_MONO_GAMI,Gambrill Mill Creek,39.36872381,-77.38838321,Stream,Salinity,Salinity,Salinity,Salinity,Salinity,ppt,,0.5,numeric,,Acceptable salinity is less than or equal to 0.5 ppt.,Ramasamy et al. 2014,,>,True,True,True
NCRN,MONO,Monocacy,Monocacy National Battlefield,NCRN_MONO_GAMI,NCRN_MONO_GAMI,Gambrill Mill Creek,39.36872381,-77.38838321,Stream,TDS,Total Dissolved Solids,Total dissolved solids,TDS,Total Dissolved Solids,mg/L,,,numeric,,,,,,True,True,True
NCRN,MONO,Monocacy,Monocacy National Battlefield,NCRN_MONO_GAMI,NCRN_MONO_GAMI,Gambrill Mill Creek,39.36872381,-77.38838321,Stream,TotalN,Total Nitrogen,"Total Nitrogen, mixed forms",TotalN,Total Nitrogen,mg/L,,0.69,numeric,,Acceptable total nitrogen is less than or equal to 0.69 mg/L in nutrient ecoregion IX.,EPA 2000,,>,True,True,True
NCRN,MONO,Monocacy,Monocacy National Battlefield,NCRN_MONO_GAMI,NCRN_MONO_GAMI,Gambrill Mill Creek,39.36872381,-77.38838321,Stream,TotalP,Total Phosphorus,"Total Phosphorus, mixed forms",TotalP,Total Phosphorus,mg/L,,0.037,numeric,,Acceptable phosphorus is less than or equal to 0.037 mg/L in nutrient ecoregion IX.,EPA 2000,,>,True,False,False
NCRN,MONO,Monocacy,Monocacy National Battlefield,NCRN_MONO_GAMI,NCRN_MONO_GAMI,Gambrill Mill Creek,39.36872381,-77.38838321,Stream,TotalDN,Total Dissolved Nitrogen,"Total Dissolved Nitrogen, mixed forms",TotalDN,Total Dissolved Nitrogen,mg/L,,,numeric,,,,,,True,False,False
NCRN,MONO,Monocacy,Monocacy National Battlefield,NCRN_MONO_GAMI,NCRN_MONO_GAMI,Gambrill Mill Creek,39.36872381,-77.38838321,Stream,TotalDP,Total Dissolved Phosphorus,"Total Dissolved Phosphorus, mixed forms",TotalDP,Total Dissolved Phosphorus,mg/L,,,numeric,,,,,,True,False,False
NCRN,MONO,Monocacy,Monocacy National Battlefield,NCRN_MONO_GAMI,NCRN_MONO_GAMI,Gambrill Mill Creek,39.36872381,-77.38838321,Stream,Ammonia,Ammonia,Ammonia,Ammonia,Ammonia,mg/L,,,numeric,,,,,,True,False,False
NCRN,MONO,Monocacy,Monocacy National Battlefield,NCRN_MONO_GAMI,NCRN_MONO_GAMI,Gambrill Mill Creek,39.36872381,-77.38838321,Stream,Nitrate,Nitrate,Nitrate,Nitrate,Nitrate,mg/L,,2.0,numeric,,Acceptable nitrate is less than or equal to 2.0 mg/L in nutrient ecoregion IX.,EPA 2000,,>,True,False,False
NCRN,MONO,Monocacy,Monocacy National Battlefield,NCRN_MONO_GAMI,NCRN_MONO_GAMI,Gambrill Mill Creek,39.36872381,-77.38838321,Stream,Weather,Weather,Weather condition (WMO code 4501) (choice list),Weather,Weather Conditions,,,,factor,,,,,,True,False,False
NCRN,MONO,Monocacy,Monocacy National Battlefield,NCRN_MONO_GAMI,NCRN_MONO_GAMI,Gambrill Mill Creek,39.36872381,-77.38838321,Stream,Algae,Algae,"Substrate algae, % (choice list)",Algae,Algae,,,,factor,,,,,,True,False,False
NCRN,MONO,Monocacy,Monocacy National Battlefield,NCRN_MONO_GAMI,NCRN_MONO_GAMI,Gambrill Mill Creek,39.36872381,-77.38838321,Stream,AlgaeColor,Algae Color,Substrate algae color,AlgaeColor,Algae Color,,,,factor,,,,,,True,False,False
NCRN,MONO,Monocacy,Monocacy National Battlefield,NCRN_MONO_GAMI,NCRN_MONO_GAMI,Gambrill Mill Creek,39.36872381,-77.38838321,Stream,WaterAppearance,Water Appearance,Water appearance (text),WaterAppearance,Water Appearance,,,,factor,,,,,,True,False,False
NCRN,MONO,Monocacy,Monocacy National Battlefield,NCRN_MONO_GAMI,NCRN_MONO_GAMI,Gambrill Mill Creek,39.36872381,-77.38838321,Stream,FlowCondition,Flow Condition,Stream flow (choice list),FlowCondition,Flow Condition,,,,factor,,,,,,True,False,False
NCRN,MONO,Monocacy,Monocacy National Battlefield,NCRN_MONO_GAMI,NCRN_MONO_GAMI,Gambrill Mill Creek,39.36872381,-77.38838321,Stream,Orthophosphate,Orthophosphate,Orthophosphate,Orthophosphate,Orthophosphate,mg/L,,,numeric,,,,,,True,False,False
NCRN,MONO,Monocacy,Monocacy National Battlefield,NCRN_MONO_GAMI,NCRN_MONO_GAMI,Gambrill Mill Creek,39.36872381,-77.38838321,Stream,Turbidity,Turbidity,Turbidity,Turbidity,Turbidity,ntu,,,numeric,,,,,,True,False,False
NCRN,MONO,Monocacy,Monocacy National Battlefield,NCRN_MONO_HARU,NCRN_MONO_HARU,Harding's Run,39.35918887,-77.40069173,Stream,AirTemp,Air Temperature,"Temperature, air",AirTemp,Air Temperature,°C,,,numeric,,,,,,False,True,False
NCRN,MONO,Monocacy,Monocacy National Battlefield,NCRN_MONO_HARU,NCRN_MONO_HARU,Harding's Run,39.35918887,-77.40069173,Stream,Discharge,Discharge,Base flow discharge,Discharge,Discharge,cfs,,,numeric,,,,,,False,True,False
NCRN,MONO,Monocacy,Monocacy National Battlefield,NCRN_MONO_HARU,NCRN_MONO_HARU,Harding's Run,39.35918887,-77.40069173,Stream,Depth,Depth,Cross-Section Depth,Depth,Depth,ft,,,numeric,,,,,,False,True,False
NCRN,MONO,Monocacy,Monocacy National Battlefield,NCRN_MONO_HARU,NCRN_MONO_HARU,Harding's Run,39.35918887,-77.40069173,Stream,WaterTemp,Water Temperature,"Temperature, water",WaterTemp,Water Temperature,°C,,32.0,numeric,,Acceptable water temperature is below 32 degrees C for warm water streams.,"District DOE, 2010, State of MD 2010, State of WV 2011, VA Water Control Board 2011",,>=,False,True,False
NCRN,MONO,Monocacy,Monocacy National Battlefield,NCRN_MONO_HARU,NCRN_MONO_HARU,Harding's Run,39.35918887,-77.40069173,Stream,SC,Specific Conductance,Specific conductance,SC,Specific Conductance,µS/cm,,171.0,numeric,,Acceptable specific conductance is below 171 uS/cm.,Morgan et al. 2007,,>=,False,True,False
NCRN,MONO,Monocacy,Monocacy National Battlefield,NCRN_MONO_HARU,NCRN_MONO_HARU,Harding's Run,39.35918887,-77.40069173,Stream,pH,pH,pH,pH,pH,pH Units,6.0,9.0,numeric,Acceptable pH is greater than or equal to 6.,Acceptable pH is less than or equal to 9.,"District DOE, 2010, State of MD 2010, State of WV 2011, VA Water Control Board 2011",<,>,False,True,False
NCRN,MONO,Monocacy,Monocacy National Battlefield,NCRN_MONO_HARU,NCRN_MONO_HARU,Harding's Run,39.35918887,-77.40069173,Stream,DOmg,DO Concentration,Dissolved oxygen (DO),DOmg,Dissolved Oxygen,mg/L,5.0,,numeric,Acceptable dissolved oxygen is above 5.0 mg/L for warm water streams and above 6.0 mg/L for cold water streams.,,"District DOE, 2010, State of MD 2010, State of WV 2011, VA Water Control Board 2011",<=,,False,True,False
NCRN,MONO,Monocacy,Monocacy National Battlefield,NCRN_MONO_HARU,NCRN_MONO_HARU,Harding's Run,39.35918887,-77.40069173,Stream,DOper,DO Saturation,Dissolved oxygen saturation,DOper,Dissolved Oxygen,percent,,,numeric,,,,,,False,True,False
NCRN,MONO,Monocacy,Monocacy National Battlefield,NCRN_MONO_HARU,NCRN_MONO_HARU,Harding's Run,39.35918887,-77.40069173,Stream,ANC,ANC,Acid Neutralizing Capacity (ANC),ANC,Acid Neutralizing Capacity,µeq/L,600.0,,numeric,Acceptable acid neutralizing capacity is above 600 ueq/L for karst terrain.,,Weeks et al. 2007,<=,,False,True,False
NCRN,MONO,Monocacy,Monocacy National Battlefield,NCRN_MONO_HARU,NCRN_MONO_HARU,Harding's Run,39.35918887,-77.40069173,Stream,WetWidth,Wetted Width,Wetted Width,WetWidth,Wetted Width,ft,,,numeric,,,,,,False,True,False
NCRN,MONO,Monocacy,Monocacy National Battlefield,NCRN_MONO_HARU,NCRN_MONO_HARU,Harding's Run,39.35918887,-77.40069173,Stream,Velocity,Stream Velocity,Velocity - stream,Velocity,Velocity,ft/s,,,numeric,,,,,,False,True,False
NCRN,MONO,Monocacy,Monocacy National Battlefield,NCRN_MONO_HARU,NCRN_MONO_HARU,Harding's Run,39.35918887,-77.40069173,Stream,AirPress,Air Pressure,Barometric pressure,AirPress,Air Pressure,mm Hg,,,numeric,,,,,,False,True,False
NCRN,MONO,Monocacy,Monocacy National Battlefield,NCRN_MONO_HARU,NCRN_MONO_HARU,Harding's Run,39.35918887,-77.40069173,Stream,Conductivity,Conductivity,Conductivity,Conductivity,Conductivity,µS/cm,,,numeric,,,,,,False,True,False
NCRN,MONO,Monocacy,Monocacy National Battlefield,NCRN_MONO_HARU,NCRN_MONO_HARU,Harding's Run,39.35918887,-77.40069173,Stream,Salinity,Salinity,Salinity,Salinity,Salinity,ppt,,0.5,numeric,,Acceptable salinity is less than or equal to 0.5 ppt.,Ramasamy et al. 2014,,>,False,True,False
NCRN,MONO,Monocacy,Monocacy National Battlefield,NCRN_MONO_HARU,NCRN_MONO_HARU,Harding's Run,39.35918887,-77.40069173,Stream,TDS,Total Dissolved Solids,Total dissolved solids,TDS,Total Dissolved Solids,mg/L,,,numeric,,,,,,False,True,False
NCRN,MONO,Monocacy,Monocacy National Battlefield,NCRN_MONO_HARU,NCRN_MONO_HARU,Harding's Run,39.35918887,-77.40069173,Stream,TotalN,Total Nitrogen,"Total Nitrogen, mixed forms",TotalN,Total Nitrogen,mg/L,,0.69,numeric,,Acceptable total nitrogen is less than or equal to 0.69 mg/L in nutrient ecoregion IX.,EPA 2000,,>,False,True,False
NCRN,MONO,Monocacy,Monocacy National Battlefield,NCRN_MONO_HARU,NCRN_MONO_HARU,Harding's Run,39.35918887,-77.40069173,Stream,TotalP,Total Phosphorus,"Total Phosphorus, mixed forms",TotalP,Total Phosphorus,mg/L,,0.037,numeric,,Acceptable phosphorus is less than or equal to 0.037 mg/L in nutrient ecoregion IX.,EPA 2000,,>,False,False,False
NCRN,MONO,Monocacy,Monocacy National Battlefield,NCRN_MONO_HARU,NCRN_MONO_HARU,Harding's Run,39.35918887,-77.40069173,Stream,TotalDN,Total Dissolved Nitrogen,"Total Dissolved Nitrogen, mixed forms",TotalDN,Total Dissolved Nitrogen,mg/L,,,numeric,,,,,,False,False,False
NCRN,MONO,Monocacy,Monocacy National Battlefield,NCRN_MONO_HARU,NCRN_MONO_HARU,Harding's Run,39.35918887,-77.40069173,Stream,TotalDP,Total Dissolved Phosphorus,"Total Dissolved Phosphorus, mixed forms",TotalDP,Total Dissolved Phosphorus,mg/L,,,numeric,,,,,,False,False,False
NCRN,MONO,Monocacy,Monocacy National Battlefield,NCRN_MONO_HARU,NCRN_MONO_HARU,Harding's Run,39.35918887,-77.40069173,Stream,Ammonia,Ammonia,Ammonia,Ammonia,Ammonia,mg/L,,,numeric,,,,,,False,False,False
NCRN,MONO,Monocacy,Monocacy National Battlefield,NCRN_MONO_HARU,NCRN_MONO_HARU,Harding's Run,39.35918887,-77.40069173,Stream,Nitrate,Nitrate,Nitrate,Nitrate,Nitrate,mg/L,,2.0,numeric,,Acceptable nitrate is less than or equal to 2.0 mg/L in nutrient ecoregion IX.,EPA 2000,,>,False,False,False
NCRN,MONO,Monocacy,Monocacy National Battlefield,NCRN_MONO_HARU,NCRN_MONO_HARU,Harding's Run,39.35918887,-77.40069173,Stream,Weather,Weather,Weather condition (WMO code 4501) (choice list),Weather,Weather Conditions,,,,factor,,,,,,False,False,False
NCRN,MONO,Monocacy,Monocacy National Battlefield,NCRN_MONO_HARU,NCRN_MONO_HARU,Harding's Run,39.35918887,-77.40069173,Stream,Algae,Algae,"Substrate algae, % (choice list)",Algae,Algae,,,,factor,,,,,,False,False,False
NCRN,MONO,Monocacy,Monocacy National Battlefield,NCRN_MONO_HARU,NCRN_MONO_HARU,Harding's Run,39.35918887,-77.40069173,Stream,AlgaeColor,Algae Color,Substrate algae color,AlgaeColor,Algae Color,,,,factor,,,,,,False,False,False
NCRN,MONO,Monocacy,Monocacy National Battlefield,NCRN_MONO_HARU,NCRN_MONO_HARU,Harding's Run,39.35918887,-77.40069173,Stream,WaterAppearance,Water Appearance,Water appearance (text),WaterAppearance,Water Appearance,,,,factor,,,,,,False,False,False
NCRN,MONO,Monocacy,Monocacy National Battlefield,NCRN_MONO_HARU,NCRN_MONO_HARU,Harding's Run,39.35918887,-77.40069173,Stream,FlowCondition,Flow Condition,Stream flow (choice list),FlowCondition,Flow Condition,,,,factor,,,,,,False,False,False
NCRN,MONO,Monocacy,Monocacy National Battlefield,NCRN_MONO_HARU,NCRN_MONO_HARU,Harding's Run,39.35918887,-77.40069173,Stream,Orthophosphate,Orthophosphate,Orthophosphate,Orthophosphate,Orthophosphate,mg/L,,,numeric,,,,,,False,False,False
NCRN,MONO,Monocacy,Monocacy National Battlefield,NCRN_MONO_HARU,NCRN_MONO_HARU,Harding's Run,39.35918887,-77.40069173,Stream,Turbidity,Turbidity,Turbidity,Turbidity,Turbidity,ntu,,,numeric,,,,,,False,False,False
NCRN,NACE,Nat. Cap. Parks - East,National Capital Parks - East,NCRN_NACE_ACCK,NCRN_NACE_ACCK,Accokeek Creek tributary,38.69053078,-77.05399757,Stream,AirTemp,Air Temperature,"Temperature, air",AirTemp,Air Temperature,°C,,,numeric,,,,,,False,True,False
NCRN,NACE,Nat. Cap. Parks - East,National Capital Parks - East,NCRN_NACE_ACCK,NCRN_NACE_ACCK,Accokeek Creek tributary,38.69053078,-77.05399757,Stream,Discharge,Discharge,Base flow discharge,Discharge,Discharge,cfs,,,numeric,,,,,,False,True,False
NCRN,NACE,Nat. Cap. Parks - East,National Capital Parks - East,NCRN_NACE_ACCK,NCRN_NACE_ACCK,Accokeek Creek tributary,38.69053078,-77.05399757,Stream,Depth,Depth,Cross-Section Depth,Depth,Depth,ft,,,numeric,,,,,,False,True,False
NCRN,NACE,Nat. Cap. Parks - East,National Capital Parks - East,NCRN_NACE_ACCK,NCRN_NACE_ACCK,Accokeek Creek tributary,38.69053078,-77.05399757,Stream,WaterTemp,Water Temperature,"Temperature, water",WaterTemp,Water Temperature,°C,,32.0,numeric,,Acceptable water temperature is below 32 degrees C for warm water streams.,"District DOE, 2010, State of MD 2010, State of WV 2011, VA Water Control Board 2011",,>=,False,True,False
NCRN,NACE,Nat. Cap. Parks - East,National Capital Parks - East,NCRN_NACE_ACCK,NCRN_NACE_ACCK,Accokeek Creek tributary,38.69053078,-77.05399757,Stream,SC,Specific Conductance,Specific conductance,SC,Specific Conductance,µS/cm,,171.0,numeric,,Acceptable specific conductance is below 171 uS/cm.,Morgan et al. 2007,,>=,False,True,False
NCRN,NACE,Nat. Cap. Parks - East,National Capital Parks - East,NCRN_NACE_ACCK,NCRN_NACE_ACCK,Accokeek Creek tributary,38.69053078,-77.05399757,Stream,pH,pH,pH,pH,pH,pH Units,6.0,9.0,numeric,Acceptable pH is greater than or equal to 6.,Acceptable pH is less than or equal to 9.,"District DOE, 2010, State of MD 2010, State of WV 2011, VA Water Control Board 2011",<,>,False,True,False
NCRN,NACE,Nat. Cap. Parks - East,National Capital Parks - East,NCRN_NACE_ACCK,NCRN_NACE_ACCK,Accokeek Creek tributary,38.69053078,-77.05399757,Stream,DOmg,DO Concentration,Dissolved oxygen (DO),DOmg,Dissolved Oxygen,mg/L,5.0,,numeric,Acceptable dissolved oxygen is above 5.0 mg/L for warm water streams and above 6.0 mg/L for cold water streams.,,"District DOE, 2010, State of MD 2010, State of WV 2011, VA Water Control Board 2011",<=,,False,True,False
NCRN,NACE,Nat. Cap. Parks - East,National Capital Parks - East,NCRN_NACE_ACCK,NCRN_NACE_ACCK,Accokeek Creek tributary,38.69053078,-77.05399757,Stream,DOper,DO Saturation,Dissolved oxygen saturation,DOper,Dissolved Oxygen,percent,,,numeric,,,,,,False,True,False
NCRN,NACE,Nat. Cap. Parks - East,National Capital Parks - East,NCRN_NACE_ACCK,NCRN_NACE_ACCK,Accokeek Creek tributary,38.69053078,-77.05399757,Stream,ANC,ANC,Acid Neutralizing Capacity (ANC),ANC,Acid Neutralizing Capacity,µeq/L,200.0,,numeric,Acceptable acid neutralizing capacity is above 200 ueq/L for non-karst terrain.,,Weeks et al. 2007,<=,,False,True,False
NCRN,NACE,Nat. Cap. Parks - East,National Capital Parks - East,NCRN_NACE_ACCK,NCRN_NACE_ACCK,Accokeek Creek tributary,38.69053078,-77.05399757,Stream,WetWidth,Wetted Width,Wetted Width,WetWidth,Wetted Width,ft,,,numeric,,,,,,False,True,False
NCRN,NACE,Nat. Cap. Parks - East,National Capital Parks - East,NCRN_NACE_ACCK,NCRN_NACE_ACCK,Accokeek Creek tributary,38.69053078,-77.05399757,Stream,Velocity,Stream Velocity,Velocity - stream,Velocity,Velocity,ft/s,,,numeric,,,,,,False,True,False
NCRN,NACE,Nat. Cap. Parks - East,National Capital Parks - East,NCRN_NACE_ACCK,NCRN_NACE_ACCK,Accokeek Creek tributary,38.69053078,-77.05399757,Stream,AirPress,Air Pressure,Barometric pressure,AirPress,Air Pressure,mm Hg,,,numeric,,,,,,False,True,False
NCRN,NACE,Nat. Cap. Parks - East,National Capital Parks - East,NCRN_NACE_ACCK,NCRN_NACE_ACCK,Accokeek Creek tributary,38.69053078,-77.05399757,Stream,Conductivity,Conductivity,Conductivity,Conductivity,Conductivity,µS/cm,,,numeric,,,,,,False,True,False
NCRN,NACE,Nat. Cap. Parks - East,National Capital Parks - East,NCRN_NACE_ACCK,NCRN_NACE_ACCK,Accokeek Creek tributary,38.69053078,-77.05399757,Stream,Salinity,Salinity,Salinity,Salinity,Salinity,ppt,,0.5,numeric,,Acceptable salinity is less than or equal to 0.5 ppt.,Ramasamy et al. 2014,,>,False,True,False
NCRN,NACE,Nat. Cap. Parks - East,National Capital Parks - East,NCRN_NACE_ACCK,NCRN_NACE_ACCK,Accokeek Creek tributary,38.69053078,-77.05399757,Stream,TDS,Total Dissolved Solids,Total dissolved solids,TDS,Total Dissolved Solids,mg/L,,,numeric,,,,,,False,True,False
NCRN,NACE,Nat. Cap. Parks - East,National Capital Parks - East,NCRN_NACE_ACCK,NCRN_NACE_ACCK,Accokeek Creek tributary,38.69053078,-77.05399757,Stream,TotalN,Total Nitrogen,"Total Nitrogen, mixed forms",TotalN,Total Nitrogen,mg/L,,0.69,numeric,,Acceptable total nitrogen is less than or equal to 0.69 mg/L in nutrient ecoregion IX.,EPA 2000,,>,False,True,False
NCRN,NACE,Nat. Cap. Parks - East,National Capital Parks - East,NCRN_NACE_ACCK,NCRN_NACE_ACCK,Accokeek Creek tributary,38.69053078,-77.05399757,Stream,TotalP,Total Phosphorus,"Total Phosphorus, mixed forms",TotalP,Total Phosphorus,mg/L,,0.037,numeric,,Acceptable phosphorus is less than or equal to 0.037 mg/L in nutrient ecoregion IX.,EPA 2000,,>,False,False,False
NCRN,NACE,Nat. Cap. Parks - East,National Capital Parks - East,NCRN_NACE_ACCK,NCRN_NACE_ACCK,Accokeek Creek tributary,38.69053078,-77.05399757,Stream,TotalDN,Total Dissolved Nitrogen,"Total Dissolved Nitrogen, mixed forms",TotalDN,Total Dissolved Nitrogen,mg/L,,,numeric,,,,,,False,False,False
NCRN,NACE,Nat. Cap. Parks - East,National Capital Parks - East,NCRN_NACE_ACCK,NCRN_NACE_ACCK,Accokeek Creek tributary,38.69053078,-77.05399757,Stream,TotalDP,Total Dissolved Phosphorus,"Total Dissolved Phosphorus, mixed forms",TotalDP,Total Dissolved Phosphorus,mg/L,,,numeric,,,,,,False,False,False
NCRN,NACE,Nat. Cap. Parks - East,National Capital Parks - East,NCRN_NACE_ACCK,NCRN_NACE_ACCK,Accokeek Creek tributary,38.69053078,-77.05399757,Stream,Ammonia,Ammonia,Ammonia,Ammonia,Ammonia,mg/L,,,numeric,,,,,,False,False,False
NCRN,NACE,Nat. Cap. Parks - East,National Capital Parks - East,NCRN_NACE_ACCK,NCRN_NACE_ACCK,Accokeek Creek tributary,38.69053078,-77.05399757,Stream,Nitrate,Nitrate,Nitrate,Nitrate,Nitrate,mg/L,,2.0,numeric,,Acceptable nitrate is less than or equal to 2.0 mg/L in nutrient ecoregion IX.,EPA 2000,,>,False,False,False
NCRN,NACE,Nat. Cap. Parks - East,National Capital Parks - East,NCRN_NACE_ACCK,NCRN_NACE_ACCK,Accokeek Creek tributary,38.69053078,-77.05399757,Stream,Weather,Weather,Weather condition (WMO code 4501) (choice list),Weather,Weather Conditions,,,,factor,,,,,,False,False,False
NCRN,NACE,Nat. Cap. Parks - East,National Capital Parks - East,NCRN_NACE_ACCK,NCRN_NACE_ACCK,Accokeek Creek tributary,38.69053078,-77.05399757,Stream,Algae,Algae,"Substrate algae, % (choice list)",Algae,Algae,,,,factor,,,,,,False,False,False
NCRN,NACE,Nat. Cap. Parks - East,National Capital Parks - East,NCRN_NACE_ACCK,NCRN_NACE_ACCK,Accokeek Creek tributary,38.69053078,-77.05399757,Stream,AlgaeColor,Algae Color,Substrate algae color,AlgaeColor,Algae Color,,,,factor,,,,,,False,False,False
NCRN,NACE,Nat. Cap. Parks - East,National Capital Parks - East,NCRN_NACE_ACCK,NCRN_NACE_ACCK,Accokeek Creek tributary,38.69053078,-77.05399757,Stream,WaterAppearance,Water Appearance,Water appearance (text),WaterAppearance,Water Appearance,,,,factor,,,,,,False,False,False
NCRN,NACE,Nat. Cap. Parks - East,National Capital Parks - East,NCRN_NACE_ACCK,NCRN_NACE_ACCK,Accokeek Creek tributary,38.69053078,-77.05399757,Stream,FlowCondition,Flow Condition,Stream flow (choice list),FlowCondition,Flow Condition,,,,factor,,,,,,False,False,False
NCRN,NACE,Nat. Cap. Parks - East,National Capital Parks - East,NCRN_NACE_ACCK,NCRN_NACE_ACCK,Accokeek Creek tributary,38.69053078,-77.05399757,Stream,Orthophosphate,Orthophosphate,Orthophosphate,Orthophosphate,Orthophosphate,mg/L,,,numeric,,,,,,False,False,False
NCRN,NACE,Nat. Cap. Parks - East,National Capital Parks - East,NCRN_NACE_ACCK,NCRN_NACE_ACCK,Accokeek Creek tributary,38.69053078,-77.05399757,Stream,Turbidity,Turbidity,Turbidity,Turbidity,Turbidity,ntu,,,numeric,,,,,,False,False,False
NCRN,NACE,Nat. Cap. Parks - East,National Capital Parks - East,NCRN_NACE_FTDU,NCRN_NACE_FTDU,Fort Dupont Stream,38.88132185,-76.95733296,Stream,AirTemp,Air Temperature,"Temperature, air",AirTemp,Air Temperature,°C,,,numeric,,,,,,True,True,True
NCRN,NACE,Nat. Cap. Parks - East,National Capital Parks - East,NCRN_NACE_FTDU,NCRN_NACE_FTDU,Fort Dupont Stream,38.88132185,-76.95733296,Stream,Discharge,Discharge,Base flow discharge,Discharge,Discharge,cfs,,,numeric,,,,,,True,True,True
NCRN,NACE,Nat. Cap. Parks - East,National Capital Parks - East,NCRN_NACE_FTDU,NCRN_NACE_FTDU,Fort Dupont Stream,38.88132185,-76.95733296,Stream,Depth,Depth,Cross-Section Depth,Depth,Depth,ft,,,numeric,,,,,,True,True,True
NCRN,NACE,Nat. Cap. Parks - East,National Capital Parks - East,NCRN_NACE_FTDU,NCRN_NACE_FTDU,Fort Dupont Stream,38.88132185,-76.95733296,Stream,WaterTemp,Water Temperature,"Temperature, water",WaterTemp,Water Temperature,°C,,32.0,numeric,,Acceptable water temperature is below 32 degrees C for warm water streams.,"District DOE, 2010, State of MD 2010, State of WV 2011, VA Water Control Board 2011",,>=,True,True,True
NCRN,NACE,Nat. Cap. Parks - East,National Capital Parks - East,NCRN_NACE_FTDU,NCRN_NACE_FTDU,Fort Dupont Stream,38.88132185,-76.95733296,Stream,SC,Specific Conductance,Specific conductance,SC,Specific Conductance,µS/cm,,171.0,numeric,,Acceptable specific conductance is below 171 uS/cm.,Morgan et al. 2007,,>=,True,True,True
NCRN,NACE,Nat. Cap. Parks - East,National Capital Parks - East,NCRN_NACE_FTDU,NCRN_NACE_FTDU,Fort Dupont Stream,38.88132185,-76.95733296,Stream,pH,pH,pH,pH,pH,pH Units,6.0,9.0,numeric,Acceptable pH is greater than or equal to 6.,Acceptable pH is less than or equal to 9.,"District DOE, 2010, State of MD 2010, State of WV 2011, VA Water Control Board 2011",<,>,True,True,True
NCRN,NACE,Nat. Cap. Parks - East,National Capital Parks - East,NCRN_NACE_FTDU,NCRN_NACE_FTDU,Fort Dupont Stream,38.88132185,-76.95733296,Stream,DOmg,DO Concentration,Dissolved oxygen (DO),DOmg,Dissolved Oxygen,mg/L,5.0,,numeric,Acceptable dissolved oxygen is above 5.0 mg/L for warm water streams and above 6.0 mg/L for cold water streams.,,"District DOE, 2010, State of MD 2010, State of WV 2011, VA Water Control Board 2011",<=,,True,True,True
NCRN,NACE,Nat. Cap. Parks - East,National Capital Parks - East,NCRN_NACE_FTDU,NCRN_NACE_FTDU,Fort Dupont Stream,38.88132185,-76.95733296,Stream,DOper,DO Saturation,Dissolved oxygen saturation,DOper,Dissolved Oxygen,percent,,,numeric,,,,,,True,True,True
NCRN,NACE,Nat. Cap. Parks - East,National Capital Parks - East,NCRN_NACE_FTDU,NCRN_NACE_FTDU,Fort Dupont Stream,38.88132185,-76.95733296,Stream,ANC,ANC,Acid Neutralizing Capacity (ANC),ANC,Acid Neutralizing Capacity,µeq/L,200.0,,numeric,Acceptable acid neutralizing capacity is above 200 ueq/L for non-karst terrain.,,Weeks et al. 2007,<=,,True,True,True
NCRN,NACE,Nat. Cap. Parks - East,National Capital Parks - East,NCRN_NACE_FTDU,NCRN_NACE_FTDU,Fort Dupont Stream,38.88132185,-76.95733296,Stream,WetWidth,Wetted Width,Wetted Width,WetWidth,Wetted Width,ft,,,numeric,,,,,,True,True,True
NCRN,NACE,Nat. Cap. Parks - East,National Capital Parks - East,NCRN_NACE_FTDU,NCRN_NACE_FTDU,Fort Dupont Stream,38.88132185,-76.95733296,Stream,Velocity,Stream Velocity,Velocity - stream,Velocity,Velocity,ft/s,,,numeric,,,,,,True,True,True
NCRN,NACE,Nat. Cap. Parks - East,National Capital Parks - East,NCRN_NACE_FTDU,NCRN_NACE_FTDU,Fort Dupont Stream,38.88132185,-76.95733296,Stream,AirPress,Air Pressure,Barometric pressure,AirPress,Air Pressure,mm Hg,,,numeric,,,,,,True,True,True
NCRN,NACE,Nat. Cap. Parks - East,National Capital Parks - East,NCRN_NACE_FTDU,NCRN_NACE_FTDU,Fort Dupont Stream,38.88132185,-76.95733296,Stream,Conductivity,Conductivity,Conductivity,Conductivity,Conductivity,µS/cm,,,numeric,,,,,,True,True,True
NCRN,NACE,Nat. Cap. Parks - East,National Capital Parks - East,NCRN_NACE_FTDU,NCRN_NACE_FTDU,Fort Dupont Stream,38.88132185,-76.95733296,Stream,Salinity,Salinity,Salinity,Salinity,Salinity,ppt,,0.5,numeric,,Acceptable salinity is less than or equal to 0.5 ppt.,Ramasamy et al. 2014,,>,True,True,True
NCRN,NACE,Nat. Cap. Parks - East,National Capital Parks - East,NCRN_NACE_FTDU,NCRN_NACE_FTDU,Fort Dupont Stream,38.88132185,-76.95733296,Stream,TDS,Total Dissolved Solids,Total dissolved solids,TDS,Total Dissolved Solids,mg/L,,,numeric,,,,,,True,True,True
NCRN,NACE,Nat. Cap. Parks - East,National Capital Parks - East,NCRN_NACE_FTDU,NCRN_NACE_FTDU,Fort Dupont Stream,38.88132185,-76.95733296,Stream,TotalN,Total Nitrogen,"Total Nitrogen, mixed forms",TotalN,Total Nitrogen,mg/L,,0.69,numeric,,Acceptable total nitrogen is less than or equal to 0.69 mg/L in nutrient ecoregion IX.,EPA 2000,,>,True,True,True
NCRN,NACE,Nat. Cap. Parks - East,National Capital Parks - East,NCRN_NACE_FTDU,NCRN_NACE_FTDU,Fort Dupont Stream,38.88132185,-76.95733296,Stream,TotalP,Total Phosphorus,"Total Phosphorus, mixed forms",TotalP,Total Phosphorus,mg/L,,0.037,numeric,,Acceptable phosphorus is less than or equal to 0.037 mg/L in nutrient ecoregion IX.,EPA 2000,,>,True,False,False
NCRN,NACE,Nat. Cap. Parks - East,National Capital Parks - East,NCRN_NACE_FTDU,NCRN_NACE_FTDU,Fort Dupont Stream,38.88132185,-76.95733296,Stream,TotalDN,Total Dissolved Nitrogen,"Total Dissolved Nitrogen, mixed forms",TotalDN,Total Dissolved Nitrogen,mg/L,,,numeric,,,,,,True,False,False
NCRN,NACE,Nat. Cap. Parks - East,National Capital Parks - East,NCRN_NACE_FTDU,NCRN_NACE_FTDU,Fort Dupont Stream,38.88132185,-76.95733296,Stream,TotalDP,Total Dissolved Phosphorus,"Total Dissolved Phosphorus, mixed forms",TotalDP,Total Dissolved Phosphorus,mg/L,,,numeric,,,,,,True,False,False
NCRN,NACE,Nat. Cap. Parks - East,National Capital Parks - East,NCRN_NACE_FTDU,NCRN_NACE_FTDU,Fort Dupont Stream,38.88132185,-76.95733296,Stream,Ammonia,Ammonia,Ammonia,Ammonia,Ammonia,mg/L,,,numeric,,,,,,True,False,False
NCRN,NACE,Nat. Cap. Parks - East,National Capital Parks - East,NCRN_NACE_FTDU,NCRN_NACE_FTDU,Fort Dupont Stream,38.88132185,-76.95733296,Stream,Nitrate,Nitrate,Nitrate,Nitrate,Nitrate,mg/L,,2.0,numeric,,Acceptable nitrate is less than or equal to 2.0 mg/L in nutrient ecoregion IX.,EPA 2000,,>,True,False,False
NCRN,NACE,Nat. Cap. Parks - East,National Capital Parks - East,NCRN_NACE_FTDU,NCRN_NACE_FTDU,Fort Dupont Stream,38.88132185,-76.95733296,Stream,Weather,Weather,Weather condition (WMO code 4501) (choice list),Weather,Weather Conditions,,,,factor,,,,,,True,False,False
NCRN,NACE,Nat. Cap. Parks - East,National Capital Parks - East,NCRN_NACE_FTDU,NCRN_NACE_FTDU,Fort Dupont Stream,38.88132185,-76.95733296,Stream,Algae,Algae,"Substrate algae, % (choice list)",Algae,Algae,,,,factor,,,,,,True,False,False
NCRN,NACE,Nat. Cap. Parks - East,National Capital Parks - East,NCRN_NACE_FTDU,NCRN_NACE_FTDU,Fort Dupont Stream,38.88132185,-76.95733296,Stream,AlgaeColor,Algae Color,Substrate algae color,AlgaeColor,Algae Color,,,,factor,,,,,,True,False,False
NCRN,NACE,Nat. Cap. Parks - East,National Capital Parks - East,NCRN_NACE_FTDU,NCRN_NACE_FTDU,Fort Dupont Stream,38.88132185,-76.95733296,Stream,WaterAppearance,Water Appearance,Water appearance (text),WaterAppearance,Water Appearance,,,,factor,,,,,,True,False,False
NCRN,NACE,Nat. Cap. Parks - East,National Capital Parks - East,NCRN_NACE_FTDU,NCRN_NACE_FTDU,Fort Dupont Stream,38.88132185,-76.95733296,Stream,FlowCondition,Flow Condition,Stream flow (choice list),FlowCondition,Flow Condition,,,,factor,,,,,,True,False,False
NCRN,NACE,Nat. Cap. Parks - East,National Capital Parks - East,NCRN_NACE_FTDU,NCRN_NACE_FTDU,Fort Dupont Stream,38.88132185,-76.95733296,Stream,Orthophosphate,Orthophosphate,Orthophosphate,Orthophosphate,Orthophosphate,mg/L,,,numeric,,,,,,True,False,False
NCRN,NACE,Nat. Cap. Parks - East,National Capital Parks - East,NCRN_NACE_FTDU,NCRN_NACE_FTDU,Fort Dupont Stream,38.88132185,-76.95733296,Stream,Turbidity,Turbidity,Turbidity,Turbidity,Turbidity,ntu,,,numeric,,,,,,True,False,False
NCRN,NACE,Nat. Cap. Parks - East,National Capital Parks - East,NCRN_NACE_HECR,NCRN_NACE_HECR,Henson Creek,38.83463564,-76.900598,Stream,AirTemp,Air Temperature,"Temperature, air",AirTemp,Air Temperature,°C,,,numeric,,,,,,True,True,True
NCRN,NACE,Nat. Cap. Parks - East,National Capital Parks - East,NCRN_NACE_HECR,NCRN_NACE_HECR,Henson Creek,38.83463564,-76.900598,Stream,Discharge,Discharge,Base flow discharge,Discharge,Discharge,cfs,,,numeric,,,,,,True,True,True
NCRN,NACE,Nat. Cap. Parks - East,National Capital Parks - East,NCRN_NACE_HECR,NCRN_NACE_HECR,Henson Creek,38.83463564,-76.900598,Stream,Depth,Depth,Cross-Section Depth,Depth,Depth,ft,,,numeric,,,,,,True,True,True
NCRN,NACE,Nat. Cap. Parks - East,National Capital Parks - East,NCRN_NACE_HECR,NCRN_NACE_HECR,Henson Creek,38.83463564,-76.900598,Stream,WaterTemp,Water Temperature,"Temperature, water",WaterTemp,Water Temperature,°C,,32.0,numeric,,Acceptable water temperature is below 32 degrees C for warm water streams.,"District DOE, 2010, State of MD 2010, State of WV 2011, VA Water Control Board 2011",,>=,True,True,True
NCRN,NACE,Nat. Cap. Parks - East,National Capital Parks - East,NCRN_NACE_HECR,NCRN_NACE_HECR,Henson Creek,38.83463564,-76.900598,Stream,SC,Specific Conductance,Specific conductance,SC,Specific Conductance,µS/cm,,171.0,numeric,,Acceptable specific conductance is below 171 uS/cm.,Morgan et al. 2007,,>=,True,True,True
NCRN,NACE,Nat. Cap. Parks - East,National Capital Parks - East,NCRN_NACE_HECR,NCRN_NACE_HECR,Henson Creek,38.83463564,-76.900598,Stream,pH,pH,pH,pH,pH,pH Units,6.0,9.0,numeric,Acceptable pH is greater than or equal to 6.,Acceptable pH is less than or equal to 9.,"District DOE, 2010, State of MD 2010, State of WV 2011, VA Water Control Board 2011",<,>,True,True,True
NCRN,NACE,Nat. Cap. Parks - East,National Capital Parks - East,NCRN_NACE_HECR,NCRN_NACE_HECR,Henson Creek,38.83463564,-76.900598,Stream,DOmg,DO Concentration,Dissolved oxygen (DO),DOmg,Dissolved Oxygen,mg/L,5.0,,numeric,Acceptable dissolved oxygen is above 5.0 mg/L for warm water streams and above 6.0 mg/L for cold water streams.,,"District DOE, 2010, State of MD 2010, State of WV 2011, VA Water Control Board 2011",<=,,True,True,True
NCRN,NACE,Nat. Cap. Parks - East,National Capital Parks - East,NCRN_NACE_HECR,NCRN_NACE_HECR,Henson Creek,38.83463564,-76.900598,Stream,DOper,DO Saturation,Dissolved oxygen saturation,DOper,Dissolved Oxygen,percent,,,numeric,,,,,,True,True,True
NCRN,NACE,Nat. Cap. Parks - East,National Capital Parks - East,NCRN_NACE_HECR,NCRN_NACE_HECR,Henson Creek,38.83463564,-76.900598,Stream,ANC,ANC,Acid Neutralizing Capacity (ANC),ANC,Acid Neutralizing Capacity,µeq/L,200.0,,numeric,Acceptable acid neutralizing capacity is above 200 ueq/L for non-karst terrain.,,Weeks et al. 2007,<=,,True,True,True
NCRN,NACE,Nat. Cap. Parks - East,National Capital Parks - East,NCRN_NACE_HECR,NCRN_NACE_HECR,Henson Creek,38.83463564,-76.900598,Stream,WetWidth,Wetted Width,Wetted Width,WetWidth,Wetted Width,ft,,,numeric,,,,,,True,True,True
NCRN,NACE,Nat. Cap. Parks - East,National Capital Parks - East,NCRN_NACE_HECR,NCRN_NACE_HECR,Henson Creek,38.83463564,-76.900598,Stream,Velocity,Stream Velocity,Velocity - stream,Velocity,Velocity,ft/s,,,numeric,,,,,,True,True,True
NCRN,NACE,Nat. Cap. Parks - East,National Capital Parks - East,NCRN_NACE_HECR,NCRN_NACE_HECR,Henson Creek,38.83463564,-76.900598,Stream,AirPress,Air Pressure,Barometric pressure,AirPress,Air Pressure,mm Hg,,,numeric,,,,,,True,True,True
NCRN,NACE,Nat. Cap. Parks - East,National Capital Parks - East,NCRN_NACE_HECR,NCRN_NACE_HECR,Henson Creek,38.83463564,-76.900598,Stream,Conductivity,Conductivity,Conductivity,Conductivity,Conductivity,µS/cm,,,numeric,,,,,,True,True,True
NCRN,NACE,Nat. Cap. Parks - East,National Capital Parks - East,NCRN_NACE_HECR,NCRN_NACE_HECR,Henson Creek,38.83463564,-76.900598,Stream,Salinity,Salinity,Salinity,Salinity,Salinity,ppt,,0.5,numeric,,Acceptable salinity is less than or equal to 0.5 ppt.,Ramasamy et al. 2014,,>,True,True,True
NCRN,NACE,Nat. Cap. Parks - East,National Capital Parks - East,NCRN_NACE_HECR,NCRN_NACE_HECR,Henson Creek,38.83463564,-76.900598,Stream,TDS,Total Dissolved Solids,Total dissolved solids,TDS,Total Dissolved Solids,mg/L,,,numeric,,,,,,True,True,True
NCRN,NACE,Nat. Cap. Parks - East,National Capital Parks - East,NCRN_NACE_HECR,NCRN_NACE_HECR,Henson Creek,38.83463564,-76.900598,Stream,TotalN,Total Nitrogen,"Total Nitrogen, mixed forms",TotalN,Total Nitrogen,mg/L,,0.69,numeric,,Acceptable total nitrogen is less than or equal to 0.69 mg/L in nutrient ecoregion IX.,EPA 2000,,>,True,True,True
NCRN,NACE,Nat. Cap. Parks - East,National Capital Parks - East,NCRN_NACE_HECR,NCRN_NACE_HECR,Henson Creek,38.83463564,-76.900598,Stream,TotalP,Total Phosphorus,"Total Phosphorus, mixed forms",TotalP,Total Phosphorus,mg/L,,0.037,numeric,,Acceptable phosphorus is less than or equal to 0.037 mg/L in nutrient ecoregion IX.,EPA 2000,,>,True,False,False
NCRN,NACE,Nat. Cap. Parks - East,National Capital Parks - East,NCRN_NACE_HECR,NCRN_NACE_HECR,Henson Creek,38.83463564,-76.900598,Stream,TotalDN,Total Dissolved Nitrogen,"Total Dissolved Nitrogen, mixed forms",TotalDN,Total Dissolved Nitrogen,mg/L,,,numeric,,,,,,True,False,False
NCRN,NACE,Nat. Cap. Parks - East,National Capital Parks - East,NCRN_NACE_HECR,NCRN_NACE_HECR,Henson Creek,38.83463564,-76.900598,Stream,TotalDP,Total Dissolved Phosphorus,"Total Dissolved Phosphorus, mixed forms",TotalDP,Total Dissolved Phosphorus,mg/L,,,numeric,,,,,,True,False,False
NCRN,NACE,Nat. Cap. Parks - East,National Capital Parks - East,NCRN_NACE_HECR,NCRN_NACE_HECR,Henson Creek,38.83463564,-76.900598,Stream,Ammonia,Ammonia,Ammonia,Ammonia,Ammonia,mg/L,,,numeric,,,,,,True,False,False
NCRN,NACE,Nat. Cap. Parks - East,National Capital Parks - East,NCRN_NACE_HECR,NCRN_NACE_HECR,Henson Creek,38.83463564,-76.900598,Stream,Nitrate,Nitrate,Nitrate,Nitrate,Nitrate,mg/L,,2.0,numeric,,Acceptable nitrate is less than or equal to 2.0 mg/L in nutrient ecoregion IX.,EPA 2000,,>,True,False,False
NCRN,NACE,Nat. Cap. Parks - East,National Capital Parks - East,NCRN_NACE_HECR,NCRN_NACE_HECR,Henson Creek,38.83463564,-76.900598,Stream,Weather,Weather,Weather condition (WMO code 4501) (choice list),Weather,Weather Conditions,,,,factor,,,,,,True,False,False
NCRN,NACE,Nat. Cap. Parks - East,National Capital Parks - East,NCRN_NACE_HECR,NCRN_NACE_HECR,Henson Creek,38.83463564,-76.900598,Stream,Algae,Algae,"Substrate algae, % (choice list)",Algae,Algae,,,,factor,,,,,,True,False,False
NCRN,NACE,Nat. Cap. Parks - East,National Capital Parks - East,NCRN_NACE_HECR,NCRN_NACE_HECR,Henson Creek,38.83463564,-76.900598,Stream,AlgaeColor,Algae Color,Substrate algae color,AlgaeColor,Algae Color,,,,factor,,,,,,True,False,False
NCRN,NACE,Nat. Cap. Parks - East,National Capital Parks - East,NCRN_NACE_HECR,NCRN_NACE_HECR,Henson Creek,38.83463564,-76.900598,Stream,WaterAppearance,Water Appearance,Water appearance (text),WaterAppearance,Water Appearance,,,,factor,,,,,,True,False,False
NCRN,NACE,Nat. Cap. Parks - East,National Capital Parks - East,NCRN_NACE_HECR,NCRN_NACE_HECR,Henson Creek,38.83463564,-76.900598,Stream,FlowCondition,Flow Condition,Stream flow (choice list),FlowCondition,Flow Condition,,,,factor,,,,,,True,False,False
NCRN,NACE,Nat. Cap. Parks - East,National Capital Parks - East,NCRN_NACE_HECR,NCRN_NACE_HECR,Henson Creek,38.83463564,-76.900598,Stream,Orthophosphate,Orthophosphate,Orthophosphate,Orthophosphate,Orthophosphate,mg/L,,,numeric,,,,,,True,False,False
NCRN,NACE,Nat. Cap. Parks - East,National Capital Parks - East,NCRN_NACE_HECR,NCRN_NACE_HECR,Henson Creek,38.83463564,-76.900598,Stream,Turbidity,Turbidity,Turbidity,Turbidity,Turbidity,ntu,,,numeric,,,,,,True,False,False
NCRN,NACE,Nat. Cap. Parks - East,National Capital Parks - East,NCRN_NACE_OXRU,NCRN_NACE_OXRU,Oxon Run,38.812212,-77.007154,Stream,AirTemp,Air Temperature,"Temperature, air",AirTemp,Air Temperature,°C,,,numeric,,,,,,True,True,True
NCRN,NACE,Nat. Cap. Parks - East,National Capital Parks - East,NCRN_NACE_OXRU,NCRN_NACE_OXRU,Oxon Run,38.812212,-77.007154,Stream,Discharge,Discharge,Base flow discharge,Discharge,Discharge,cfs,,,numeric,,,,,,True,True,True
NCRN,NACE,Nat. Cap. Parks - East,National Capital Parks - East,NCRN_NACE_OXRU,NCRN_NACE_OXRU,Oxon Run,38.812212,-77.007154,Stream,Depth,Depth,Cross-Section Depth,Depth,Depth,ft,,,numeric,,,,,,True,True,True
NCRN,NACE,Nat. Cap. Parks - East,National Capital Parks - East,NCRN_NACE_OXRU,NCRN_NACE_OXRU,Oxon Run,38.812212,-77.007154,Stream,WaterTemp,Water Temperature,"Temperature, water",WaterTemp,Water Temperature,°C,,32.0,numeric,,Acceptable water temperature is below 32 degrees C for warm water streams.,"District DOE, 2010, State of MD 2010, State of WV 2011, VA Water Control Board 2011",,>=,True,True,True
NCRN,NACE,Nat. Cap. Parks - East,National Capital Parks - East,NCRN_NACE_OXRU,NCRN_NACE_OXRU,Oxon Run,38.812212,-77.007154,Stream,SC,Specific Conductance,Specific conductance,SC,Specific Conductance,µS/cm,,171.0,numeric,,Acceptable specific conductance is below 171 uS/cm.,Morgan et al. 2007,,>=,True,True,True
NCRN,NACE,Nat. Cap. Parks - East,National Capital Parks - East,NCRN_NACE_OXRU,NCRN_NACE_OXRU,Oxon Run,38.812212,-77.007154,Stream,pH,pH,pH,pH,pH,pH Units,6.0,9.0,numeric,Acceptable pH is greater than or equal to 6.,Acceptable pH is less than or equal to 9.,"District DOE, 2010, State of MD 2010, State of WV 2011, VA Water Control Board 2011",<,>,True,True,True
NCRN,NACE,Nat. Cap. Parks - East,National Capital Parks - East,NCRN_NACE_OXRU,NCRN_NACE_OXRU,Oxon Run,38.812212,-77.007154,Stream,DOmg,DO Concentration,Dissolved oxygen (DO),DOmg,Dissolved Oxygen,mg/L,5.0,,numeric,Acceptable dissolved oxygen is above 5.0 mg/L for warm water streams and above 6.0 mg/L for cold water streams.,,"District DOE, 2010, State of MD 2010, State of WV 2011, VA Water Control Board 2011",<=,,True,True,True
NCRN,NACE,Nat. Cap. Parks - East,National Capital Parks - East,NCRN_NACE_OXRU,NCRN_NACE_OXRU,Oxon Run,38.812212,-77.007154,Stream,DOper,DO Saturation,Dissolved oxygen saturation,DOper,Dissolved Oxygen,percent,,,numeric,,,,,,True,True,True
NCRN,NACE,Nat. Cap. Parks - East,National Capital Parks - East,NCRN_NACE_OXRU,NCRN_NACE_OXRU,Oxon Run,38.812212,-77.007154,Stream,ANC,ANC,Acid Neutralizing Capacity (ANC),ANC,Acid Neutralizing Capacity,µeq/L,200.0,,numeric,Acceptable acid neutralizing capacity is above 200 ueq/L for non-karst terrain.,,Weeks et al. 2007,<=,,True,True,True
NCRN,NACE,Nat. Cap. Parks - East,National Capital Parks - East,NCRN_NACE_OXRU,NCRN_NACE_OXRU,Oxon Run,38.812212,-77.007154,Stream,WetWidth,Wetted Width,Wetted Width,WetWidth,Wetted Width,ft,,,numeric,,,,,,True,True,True
NCRN,NACE,Nat. Cap. Parks - East,National Capital Parks - East,NCRN_NACE_OXRU,NCRN_NACE_OXRU,Oxon Run,38.812212,-77.007154,Stream,Velocity,Stream Velocity,Velocity - stream,Velocity,Velocity,ft/s,,,numeric,,,,,,True,True,True
NCRN,NACE,Nat. Cap. Parks - East,National Capital Parks - East,NCRN_NACE_OXRU,NCRN_NACE_OXRU,Oxon Run,38.812212,-77.007154,Stream,AirPress,Air Pressure,Barometric pressure,AirPress,Air Pressure,mm Hg,,,numeric,,,,,,True,True,True
NCRN,NACE,Nat. Cap. Parks - East,National Capital Parks - East,NCRN_NACE_OXRU,NCRN_NACE_OXRU,Oxon Run,38.812212,-77.007154,Stream,Conductivity,Conductivity,Conductivity,Conductivity,Conductivity,µS/cm,,,numeric,,,,,,True,True,True
NCRN,NACE,Nat. Cap. Parks - East,National Capital Parks - East,NCRN_NACE_OXRU,NCRN_NACE_OXRU,Oxon Run,38.812212,-77.007154,Stream,Salinity,Salinity,Salinity,Salinity,Salinity,ppt,,0.5,numeric,,Acceptable salinity is less than or equal to 0.5 ppt.,Ramasamy et al. 2014,,>,True,True,True
NCRN,NACE,Nat. Cap. Parks - East,National Capital Parks - East,NCRN_NACE_OXRU,NCRN_NACE_OXRU,Oxon Run,38.812212,-77.007154,Stream,TDS,Total Dissolved Solids,Total dissolved solids,TDS,Total Dissolved Solids,mg/L,,,numeric,,,,,,True,True,True
NCRN,NACE,Nat. Cap. Parks - East,National Capital Parks - East,NCRN_NACE_OXRU,NCRN_NACE_OXRU,Oxon Run,38.812212,-77.007154,Stream,TotalN,Total Nitrogen,"Total Nitrogen, mixed forms",TotalN,Total Nitrogen,mg/L,,0.69,numeric,,Acceptable total nitrogen is less than or equal to 0.69 mg/L in nutrient ecoregion IX.,EPA 2000,,>,True,True,True
NCRN,NACE,Nat. Cap. Parks - East,National Capital Parks - East,NCRN_NACE_OXRU,NCRN_NACE_OXRU,Oxon Run,38.812212,-77.007154,Stream,TotalP,Total Phosphorus,"Total Phosphorus, mixed forms",TotalP,Total Phosphorus,mg/L,,0.037,numeric,,Acceptable phosphorus is less than or equal to 0.037 mg/L in nutrient ecoregion IX.,EPA 2000,,>,True,False,False
NCRN,NACE,Nat. Cap. Parks - East,National Capital Parks - East,NCRN_NACE_OXRU,NCRN_NACE_OXRU,Oxon Run,38.812212,-77.007154,Stream,TotalDN,Total Dissolved Nitrogen,"Total Dissolved Nitrogen, mixed forms",TotalDN,Total Dissolved Nitrogen,mg/L,,,numeric,,,,,,True,False,False
NCRN,NACE,Nat. Cap. Parks - East,National Capital Parks - East,NCRN_NACE_OXRU,NCRN_NACE_OXRU,Oxon Run,38.812212,-77.007154,Stream,TotalDP,Total Dissolved Phosphorus,"Total Dissolved Phosphorus, mixed forms",TotalDP,Total Dissolved Phosphorus,mg/L,,,numeric,,,,,,True,False,False
NCRN,NACE,Nat. Cap. Parks - East,National Capital Parks - East,NCRN_NACE_OXRU,NCRN_NACE_OXRU,Oxon Run,38.812212,-77.007154,Stream,Ammonia,Ammonia,Ammonia,Ammonia,Ammonia,mg/L,,,numeric,,,,,,True,False,False
NCRN,NACE,Nat. Cap. Parks - East,National Capital Parks - East,NCRN_NACE_OXRU,NCRN_NACE_OXRU,Oxon Run,38.812212,-77.007154,Stream,Nitrate,Nitrate,Nitrate,Nitrate,Nitrate,mg/L,,2.0,numeric,,Acceptable nitrate is less than or equal to 2.0 mg/L in nutrient ecoregion IX.,EPA 2000,,>,True,False,False
NCRN,NACE,Nat. Cap. Parks - East,National Capital Parks - East,NCRN_NACE_OXRU,NCRN_NACE_OXRU,Oxon Run,38.812212,-77.007154,Stream,Weather,Weather,Weather condition (WMO code 4501) (choice list),Weather,Weather Conditions,,,,factor,,,,,,True,False,False
NCRN,NACE,Nat. Cap. Parks - East,National Capital Parks - East,NCRN_NACE_OXRU,NCRN_NACE_OXRU,Oxon Run,38.812212,-77.007154,Stream,Algae,Algae,"Substrate algae, % (choice list)",Algae,Algae,,,,factor,,,,,,True,False,False
NCRN,NACE,Nat. Cap. Parks - East,National Capital Parks - East,NCRN_NACE_OXRU,NCRN_NACE_OXRU,Oxon Run,38.812212,-77.007154,Stream,AlgaeColor,Algae Color,Substrate algae color,AlgaeColor,Algae Color,,,,factor,,,,,,True,False,False
NCRN,NACE,Nat. Cap. Parks - East,National Capital Parks - East,NCRN_NACE_OXRU,NCRN_NACE_OXRU,Oxon Run,38.812212,-77.007154,Stream,WaterAppearance,Water Appearance,Water appearance (text),WaterAppearance,Water Appearance,,,,factor,,,,,,True,False,False
NCRN,NACE,Nat. Cap. Parks - East,National Capital Parks - East,NCRN_NACE_OXRU,NCRN_NACE_OXRU,Oxon Run,38.812212,-77.007154,Stream,FlowCondition,Flow Condition,Stream flow (choice list),FlowCondition,Flow Condition,,,,factor,,,,,,True,False,False
NCRN,NACE,Nat. Cap. Parks - East,National Capital Parks - East,NCRN_NACE_OXRU,NCRN_NACE_OXRU,Oxon Run,38.812212,-77.007154,Stream,Orthophosphate,Orthophosphate,Orthophosphate,Orthophosphate,Orthophosphate,mg/L,,,numeric,,,,,,True,False,False
NCRN,NACE,Nat. Cap. Parks - East,National Capital Parks - East,NCRN_NACE_OXRU,NCRN_NACE_OXRU,Oxon Run,38.812212,-77.007154,Stream,Turbidity,Turbidity,Turbidity,Turbidity,Turbidity,ntu,,,numeric,,,,,,True,False,False
NCRN,NACE,Nat. Cap. Parks - East,National Capital Parks - East,NCRN_NACE_STCK,NCRN_NACE_STCK,Still Creek,38.97298435,-76.91410158,Stream,AirTemp,Air Temperature,"Temperature, air",AirTemp,Air Temperature,°C,,,numeric,,,,,,True,True,True
NCRN,NACE,Nat. Cap. Parks - East,National Capital Parks - East,NCRN_NACE_STCK,NCRN_NACE_STCK,Still Creek,38.97298435,-76.91410158,Stream,Discharge,Discharge,Base flow discharge,Discharge,Discharge,cfs,,,numeric,,,,,,True,True,True
NCRN,NACE,Nat. Cap. Parks - East,National Capital Parks - East,NCRN_NACE_STCK,NCRN_NACE_STCK,Still Creek,38.97298435,-76.91410158,Stream,Depth,Depth,Cross-Section Depth,Depth,Depth,ft,,,numeric,,,,,,True,True,True
NCRN,NACE,Nat. Cap. Parks - East,National Capital Parks - East,NCRN_NACE_STCK,NCRN_NACE_STCK,Still Creek,38.97298435,-76.91410158,Stream,WaterTemp,Water Temperature,"Temperature, water",WaterTemp,Water Temperature,°C,,32.0,numeric,,Acceptable water temperature is below 32 degrees C for warm water streams.,"District DOE, 2010, State of MD 2010, State of WV 2011, VA Water Control Board 2011",,>=,True,True,True
NCRN,NACE,Nat. Cap. Parks - East,National Capital Parks - East,NCRN_NACE_STCK,NCRN_NACE_STCK,Still Creek,38.97298435,-76.91410158,Stream,SC,Specific Conductance,Specific conductance,SC,Specific Conductance,µS/cm,,171.0,numeric,,Acceptable specific conductance is below 171 uS/cm.,Morgan et al. 2007,,>=,True,True,True
NCRN,NACE,Nat. Cap. Parks - East,National Capital Parks - East,NCRN_NACE_STCK,NCRN_NACE_STCK,Still Creek,38.97298435,-76.91410158,Stream,pH,pH,pH,pH,pH,pH Units,6.0,9.0,numeric,Acceptable pH is greater than or equal to 6.,Acceptable pH is less than or equal to 9.,"District DOE, 2010, State of MD 2010, State of WV 2011, VA Water Control Board 2011",<,>,True,True,True
NCRN,NACE,Nat. Cap. Parks - East,National Capital Parks - East,NCRN_NACE_STCK,NCRN_NACE_STCK,Still Creek,38.97298435,-76.91410158,Stream,DOmg,DO Concentration,Dissolved oxygen (DO),DOmg,Dissolved Oxygen,mg/L,5.0,,numeric,Acceptable dissolved oxygen is above 5.0 mg/L for warm water streams and above 6.0 mg/L for cold water streams.,,"District DOE, 2010, State of MD 2010, State of WV 2011, VA Water Control Board 2011",<=,,True,True,True
NCRN,NACE,Nat. Cap. Parks - East,National Capital Parks - East,NCRN_NACE_STCK,NCRN_NACE_STCK,Still Creek,38.97298435,-76.91410158,Stream,DOper,DO Saturation,Dissolved oxygen saturation,DOper,Dissolved Oxygen,percent,,,numeric,,,,,,True,True,True
NCRN,NACE,Nat. Cap. Parks - East,National Capital Parks - East,NCRN_NACE_STCK,NCRN_NACE_STCK,Still Creek,38.97298435,-76.91410158,Stream,ANC,ANC,Acid Neutralizing Capacity (ANC),ANC,Acid Neutralizing Capacity,µeq/L,200.0,,numeric,Acceptable acid neutralizing capacity is above 200 ueq/L for non-karst terrain.,,Weeks et al. 2007,<=,,True,True,True
NCRN,NACE,Nat. Cap. Parks - East,National Capital Parks - East,NCRN_NACE_STCK,NCRN_NACE_STCK,Still Creek,38.97298435,-76.91410158,Stream,WetWidth,Wetted Width,Wetted Width,WetWidth,Wetted Width,ft,,,numeric,,,,,,True,True,True
NCRN,NACE,Nat. Cap. Parks - East,National Capital Parks - East,NCRN_NACE_STCK,NCRN_NACE_STCK,Still Creek,38.97298435,-76.91410158,Stream,Velocity,Stream Velocity,Velocity - stream,Velocity,Velocity,ft/s,,,numeric,,,,,,True,True,True
NCRN,NACE,Nat. Cap. Parks - East,National Capital Parks - East,NCRN_NACE_STCK,NCRN_NACE_STCK,Still Creek,38.97298435,-76.91410158,Stream,AirPress,Air Pressure,Barometric pressure,AirPress,Air Pressure,mm Hg,,,numeric,,,,,,True,True,True
NCRN,NACE,Nat. Cap. Parks - East,National Capital Parks - East,NCRN_NACE_STCK,NCRN_NACE_STCK,Still Creek,38.97298435,-76.91410158,Stream,Conductivity,Conductivity,Conductivity,Conductivity,Conductivity,µS/cm,,,numeric,,,,,,True,True,True
NCRN,NACE,Nat. Cap. Parks - East,National Capital Parks - East,NCRN_NACE_STCK,NCRN_NACE_STCK,Still Creek,38.97298435,-76.91410158,Stream,Salinity,Salinity,Salinity,Salinity,Salinity,ppt,,0.5,numeric,,Acceptable salinity is less than or equal to 0.5 ppt.,Ramasamy et al. 2014,,>,True,True,True
NCRN,NACE,Nat. Cap. Parks - East,National Capital Parks - East,NCRN_NACE_STCK,NCRN_NACE_STCK,Still Creek,38.97298435,-76.91410158,Stream,TDS,Total Dissolved Solids,Total dissolved solids,TDS,Total Dissolved Solids,mg/L,,,numeric,,,,,,True,True,True
NCRN,NACE,Nat. Cap. Parks - East,National Capital Parks - East,NCRN_NACE_STCK,NCRN_NACE_STCK,Still Creek,38.97298435,-76.91410158,Stream,TotalN,Total Nitrogen,"Total Nitrogen, mixed forms",TotalN,Total Nitrogen,mg/L,,0.69,numeric,,Acceptable total nitrogen is less than or equal to 0.69 mg/L in nutrient ecoregion IX.,EPA 2000,,>,True,True,True
NCRN,NACE,Nat. Cap. Parks - East,National Capital Parks - East,NCRN_NACE_STCK,NCRN_NACE_STCK,Still Creek,38.97298435,-76.91410158,Stream,TotalP,Total Phosphorus,"Total Phosphorus, mixed forms",TotalP,Total Phosphorus,mg/L,,0.037,numeric,,Acceptable phosphorus is less than or equal to 0.037 mg/L in nutrient ecoregion IX.,EPA 2000,,>,True,False,False
NCRN,NACE,Nat. Cap. Parks - East,National Capital Parks - East,NCRN_NACE_STCK,NCRN_NACE_STCK,Still Creek,38.97298435,-76.91410158,Stream,TotalDN,Total Dissolved Nitrogen,"Total Dissolved Nitrogen, mixed forms",TotalDN,Total Dissolved Nitrogen,mg/L,,,numeric,,,,,,True,False,False
NCRN,NACE,Nat. Cap. Parks - East,National Capital Parks - East,NCRN_NACE_STCK,NCRN_NACE_STCK,Still Creek,38.97298435,-76.91410158,Stream,TotalDP,Total Dissolved Phosphorus,"Total Dissolved Phosphorus, mixed forms",TotalDP,Total Dissolved Phosphorus,mg/L,,,numeric,,,,,,True,False,False
NCRN,NACE,Nat. Cap. Parks - East,National Capital Parks - East,NCRN_NACE_STCK,NCRN_NACE_STCK,Still Creek,38.97298435,-76.91410158,Stream,Ammonia,Ammonia,Ammonia,Ammonia,Ammonia,mg/L,,,numeric,,,,,,True,False,False
NCRN,NACE,Nat. Cap. Parks - East,National Capital Parks - East,NCRN_NACE_STCK,NCRN_NACE_STCK,Still Creek,38.97298435,-76.91410158,Stream,Nitrate,Nitrate,Nitrate,Nitrate,Nitrate,mg/L,,2.0,numeric,,Acceptable nitrate is less than or equal to 2.0 mg/L in nutrient ecoregion IX.,EPA 2000,,>,True,False,False
NCRN,NACE,Nat. Cap. Parks - East,National Capital Parks - East,NCRN_NACE_STCK,NCRN_NACE_STCK,Still Creek,38.97298435,-76.91410158,Stream,Weather,Weather,Weather condition (WMO code 4501) (choice list),Weather,Weather Conditions,,,,factor,,,,,,True,False,False
NCRN,NACE,Nat. Cap. Parks - East,National Capital Parks - East,NCRN_NACE_STCK,NCRN_NACE_STCK,Still Creek,38.97298435,-76.91410158,Stream,Algae,Algae,"Substrate algae, % (choice list)",Algae,Algae,,,,factor,,,,,,True,False,False
NCRN,NACE,Nat. Cap. Parks - East,National Capital Parks - East,NCRN_NACE_STCK,NCRN_NACE_STCK,Still Creek,38.97298435,-76.91410158,Stream,AlgaeColor,Algae Color,Substrate algae color,AlgaeColor,Algae Color,,,,factor,,,,,,True,False,False
NCRN,NACE,Nat. Cap. Parks - East,National Capital Parks - East,NCRN_NACE_STCK,NCRN_NACE_STCK,Still Creek,38.97298435,-76.91410158,Stream,WaterAppearance,Water Appearance,Water appearance (text),WaterAppearance,Water Appearance,,,,factor,,,,,,True,False,False
NCRN,NACE,Nat. Cap. Parks - East,National Capital Parks - East,NCRN_NACE_STCK,NCRN_NACE_STCK,Still Creek,38.97298435,-76.91410158,Stream,FlowCondition,Flow Condition,Stream flow (choice list),FlowCondition,Flow Condition,,,,factor,,,,,,True,False,False
NCRN,NACE,Nat. Cap. Parks - East,National Capital Parks - East,NCRN_NACE_STCK,NCRN_NACE_STCK,Still Creek,38.97298435,-76.91410158,Stream,Orthophosphate,Orthophosphate,Orthophosphate,Orthophosphate,Orthophosphate,mg/L,,,numeric,,,,,,True,False,False
NCRN,NACE,Nat. Cap. Parks - East,National Capital Parks - East,NCRN_NACE_STCK,NCRN_NACE_STCK,Still Creek,38.97298435,-76.91410158,Stream,Turbidity,Turbidity,Turbidity,Turbidity,Turbidity,ntu,,,numeric,,,,,,True,False,False
NCRN,PRWI,Prince William,Prince William Forest Park,NCRN_PRWI_MBCH,NCRN_PRWI_MBCH,Middle Branch Chopawamsic Creek,38.5577363,-77.42374429,Stream,AirTemp,Air Temperature,"Temperature, air",AirTemp,Air Temperature,°C,,,numeric,,,,,,False,True,False
NCRN,PRWI,Prince William,Prince William Forest Park,NCRN_PRWI_MBCH,NCRN_PRWI_MBCH,Middle Branch Chopawamsic Creek,38.5577363,-77.42374429,Stream,Discharge,Discharge,Base flow discharge,Discharge,Discharge,cfs,,,numeric,,,,,,False,True,False
NCRN,PRWI,Prince William,Prince William Forest Park,NCRN_PRWI_MBCH,NCRN_PRWI_MBCH,Middle Branch Chopawamsic Creek,38.5577363,-77.42374429,Stream,Depth,Depth,Cross-Section Depth,Depth,Depth,ft,,,numeric,,,,,,False,True,False
NCRN,PRWI,Prince William,Prince William Forest Park,NCRN_PRWI_MBCH,NCRN_PRWI_MBCH,Middle Branch Chopawamsic Creek,38.5577363,-77.42374429,Stream,WaterTemp,Water Temperature,"Temperature, water",WaterTemp,Water Temperature,°C,,32.0,numeric,,Acceptable water temperature is below 32 degrees C for warm water streams.,"District DOE, 2010, State of MD 2010, State of WV 2011, VA Water Control Board 2011",,>=,False,True,False
NCRN,PRWI,Prince William,Prince William Forest Park,NCRN_PRWI_MBCH,NCRN_PRWI_MBCH,Middle Branch Chopawamsic Creek,38.5577363,-77.42374429,Stream,SC,Specific Conductance,Specific conductance,SC,Specific Conductance,µS/cm,,171.0,numeric,,Acceptable specific conductance is below 171 uS/cm.,Morgan et al. 2007,,>=,False,True,False
NCRN,PRWI,Prince William,Prince William Forest Park,NCRN_PRWI_MBCH,NCRN_PRWI_MBCH,Middle Branch Chopawamsic Creek,38.5577363,-77.42374429,Stream,pH,pH,pH,pH,pH,pH Units,6.0,9.0,numeric,Acceptable pH is greater than or equal to 6.,Acceptable pH is less than or equal to 9.,"District DOE, 2010, State of MD 2010, State of WV 2011, VA Water Control Board 2011",<,>,False,True,False
NCRN,PRWI,Prince William,Prince William Forest Park,NCRN_PRWI_MBCH,NCRN_PRWI_MBCH,Middle Branch Chopawamsic Creek,38.5577363,-77.42374429,Stream,DOmg,DO Concentration,Dissolved oxygen (DO),DOmg,Dissolved Oxygen,mg/L,5.0,,numeric,Acceptable dissolved oxygen is above 5.0 mg/L for warm water streams and above 6.0 mg/L for cold water streams.,,"District DOE, 2010, State of MD 2010, State of WV 2011, VA Water Control Board 2011",<=,,False,True,False
NCRN,PRWI,Prince William,Prince William Forest Park,NCRN_PRWI_MBCH,NCRN_PRWI_MBCH,Middle Branch Chopawamsic Creek,38.5577363,-77.42374429,Stream,DOper,DO Saturation,Dissolved oxygen saturation,DOper,Dissolved Oxygen,percent,,,numeric,,,,,,False,True,False
NCRN,PRWI,Prince William,Prince William Forest Park,NCRN_PRWI_MBCH,NCRN_PRWI_MBCH,Middle Branch Chopawamsic Creek,38.5577363,-77.42374429,Stream,ANC,ANC,Acid Neutralizing Capacity (ANC),ANC,Acid Neutralizing Capacity,µeq/L,200.0,,numeric,Acceptable acid neutralizing capacity is above 200 ueq/L for non-karst terrain.,,Weeks et al. 2007,<=,,False,True,False
NCRN,PRWI,Prince William,Prince William Forest Park,NCRN_PRWI_MBCH,NCRN_PRWI_MBCH,Middle Branch Chopawamsic Creek,38.5577363,-77.42374429,Stream,WetWidth,Wetted Width,Wetted Width,WetWidth,Wetted Width,ft,,,numeric,,,,,,False,True,False
NCRN,PRWI,Prince William,Prince William Forest Park,NCRN_PRWI_MBCH,NCRN_PRWI_MBCH,Middle Branch Chopawamsic Creek,38.5577363,-77.42374429,Stream,Velocity,Stream Velocity,Velocity - stream,Velocity,Velocity,ft/s,,,numeric,,,,,,False,True,False
NCRN,PRWI,Prince William,Prince William Forest Park,NCRN_PRWI_MBCH,NCRN_PRWI_MBCH,Middle Branch Chopawamsic Creek,38.5577363,-77.42374429,Stream,AirPress,Air Pressure,Barometric pressure,AirPress,Air Pressure,mm Hg,,,numeric,,,,,,False,True,False
NCRN,PRWI,Prince William,Prince William Forest Park,NCRN_PRWI_MBCH,NCRN_PRWI_MBCH,Middle Branch Chopawamsic Creek,38.5577363,-77.42374429,Stream,Conductivity,Conductivity,Conductivity,Conductivity,Conductivity,µS/cm,,,numeric,,,,,,False,True,False
NCRN,PRWI,Prince William,Prince William Forest Park,NCRN_PRWI_MBCH,NCRN_PRWI_MBCH,Middle Branch Chopawamsic Creek,38.5577363,-77.42374429,Stream,Salinity,Salinity,Salinity,Salinity,Salinity,ppt,,0.5,numeric,,Acceptable salinity is less than or equal to 0.5 ppt.,Ramasamy et al. 2014,,>,False,True,False
NCRN,PRWI,Prince William,Prince William Forest Park,NCRN_PRWI_MBCH,NCRN_PRWI_MBCH,Middle Branch Chopawamsic Creek,38.5577363,-77.42374429,Stream,TDS,Total Dissolved Solids,Total dissolved solids,TDS,Total Dissolved Solids,mg/L,,,numeric,,,,,,False,True,False
NCRN,PRWI,Prince William,Prince William Forest Park,NCRN_PRWI_MBCH,NCRN_PRWI_MBCH,Middle Branch Chopawamsic Creek,38.5577363,-77.42374429,Stream,TotalN,Total Nitrogen,"Total Nitrogen, mixed forms",TotalN,Total Nitrogen,mg/L,,0.69,numeric,,Acceptable total nitrogen is less than or equal to 0.69 mg/L in nutrient ecoregion IX.,EPA 2000,,>,False,True,False
NCRN,PRWI,Prince William,Prince William Forest Park,NCRN_PRWI_MBCH,NCRN_PRWI_MBCH,Middle Branch Chopawamsic Creek,38.5577363,-77.42374429,Stream,TotalP,Total Phosphorus,"Total Phosphorus, mixed forms",TotalP,Total Phosphorus,mg/L,,0.037,numeric,,Acceptable phosphorus is less than or equal to 0.037 mg/L in nutrient ecoregion IX.,EPA 2000,,>,False,False,False
NCRN,PRWI,Prince William,Prince William Forest Park,NCRN_PRWI_MBCH,NCRN_PRWI_MBCH,Middle Branch Chopawamsic Creek,38.5577363,-77.42374429,Stream,TotalDN,Total Dissolved Nitrogen,"Total Dissolved Nitrogen, mixed forms",TotalDN,Total Dissolved Nitrogen,mg/L,,,numeric,,,,,,False,False,False
NCRN,PRWI,Prince William,Prince William Forest Park,NCRN_PRWI_MBCH,NCRN_PRWI_MBCH,Middle Branch Chopawamsic Creek,38.5577363,-77.42374429,Stream,TotalDP,Total Dissolved Phosphorus,"Total Dissolved Phosphorus, mixed forms",TotalDP,Total Dissolved Phosphorus,mg/L,,,numeric,,,,,,False,False,False
NCRN,PRWI,Prince William,Prince William Forest Park,NCRN_PRWI_MBCH,NCRN_PRWI_MBCH,Middle Branch Chopawamsic Creek,38.5577363,-77.42374429,Stream,Ammonia,Ammonia,Ammonia,Ammonia,Ammonia,mg/L,,,numeric,,,,,,False,False,False
NCRN,PRWI,Prince William,Prince William Forest Park,NCRN_PRWI_MBCH,NCRN_PRWI_MBCH,Middle Branch Chopawamsic Creek,38.5577363,-77.42374429,Stream,Nitrate,Nitrate,Nitrate,Nitrate,Nitrate,mg/L,,2.0,numeric,,Acceptable nitrate is less than or equal to 2.0 mg/L in nutrient ecoregion IX.,EPA 2000,,>,False,False,False
NCRN,PRWI,Prince William,Prince William Forest Park,NCRN_PRWI_MBCH,NCRN_PRWI_MBCH,Middle Branch Chopawamsic Creek,38.5577363,-77.42374429,Stream,Weather,Weather,Weather condition (WMO code 4501) (choice list),Weather,Weather Conditions,,,,factor,,,,,,False,False,False
NCRN,PRWI,Prince William,Prince William Forest Park,NCRN_PRWI_MBCH,NCRN_PRWI_MBCH,Middle Branch Chopawamsic Creek,38.5577363,-77.42374429,Stream,Algae,Algae,"Substrate algae, % (choice list)",Algae,Algae,,,,factor,,,,,,False,False,False
NCRN,PRWI,Prince William,Prince William Forest Park,NCRN_PRWI_MBCH,NCRN_PRWI_MBCH,Middle Branch Chopawamsic Creek,38.5577363,-77.42374429,Stream,AlgaeColor,Algae Color,Substrate algae color,AlgaeColor,Algae Color,,,,factor,,,,,,False,False,False
NCRN,PRWI,Prince William,Prince William Forest Park,NCRN_PRWI_MBCH,NCRN_PRWI_MBCH,Middle Branch Chopawamsic Creek,38.5577363,-77.42374429,Stream,WaterAppearance,Water Appearance,Water appearance (text),WaterAppearance,Water Appearance,,,,factor,,,,,,False,False,False
NCRN,PRWI,Prince William,Prince William Forest Park,NCRN_PRWI_MBCH,NCRN_PRWI_MBCH,Middle Branch Chopawamsic Creek,38.5577363,-77.42374429,Stream,FlowCondition,Flow Condition,Stream flow (choice list),FlowCondition,Flow Condition,,,,factor,,,,,,False,False,False
NCRN,PRWI,Prince William,Prince William Forest Park,NCRN_PRWI_MBCH,NCRN_PRWI_MBCH,Middle Branch Chopawamsic Creek,38.5577363,-77.42374429,Stream,Orthophosphate,Orthophosphate,Orthophosphate,Orthophosphate,Orthophosphate,mg/L,,,numeric,,,,,,False,False,False
NCRN,PRWI,Prince William,Prince William Forest Park,NCRN_PRWI_MBCH,NCRN_PRWI_MBCH,Middle Branch Chopawamsic Creek,38.5577363,-77.42374429,Stream,Turbidity,Turbidity,Turbidity,Turbidity,Turbidity,ntu,,,numeric,,,,,,False,False,False
NCRN,PRWI,Prince William,Prince William Forest Park,NCRN_PRWI_NOBR,NCRN_PRWI_NOBR,North Branch Chopawamsic Creek,38.5650322,-77.42575352,Stream,AirTemp,Air Temperature,"Temperature, air",AirTemp,Air Temperature,°C,,,numeric,,,,,,False,True,False
NCRN,PRWI,Prince William,Prince William Forest Park,NCRN_PRWI_NOBR,NCRN_PRWI_NOBR,North Branch Chopawamsic Creek,38.5650322,-77.42575352,Stream,Discharge,Discharge,Base flow discharge,Discharge,Discharge,cfs,,,numeric,,,,,,False,True,False
NCRN,PRWI,Prince William,Prince William Forest Park,NCRN_PRWI_NOBR,NCRN_PRWI_NOBR,North Branch Chopawamsic Creek,38.5650322,-77.42575352,Stream,Depth,Depth,Cross-Section Depth,Depth,Depth,ft,,,numeric,,,,,,False,True,False
NCRN,PRWI,Prince William,Prince William Forest Park,NCRN_PRWI_NOBR,NCRN_PRWI_NOBR,North Branch Chopawamsic Creek,38.5650322,-77.42575352,Stream,WaterTemp,Water Temperature,"Temperature, water",WaterTemp,Water Temperature,°C,,32.0,numeric,,Acceptable water temperature is below 32 degrees C for warm water streams.,"District DOE, 2010, State of MD 2010, State of WV 2011, VA Water Control Board 2011",,>=,False,True,False
NCRN,PRWI,Prince William,Prince William Forest Park,NCRN_PRWI_NOBR,NCRN_PRWI_NOBR,North Branch Chopawamsic Creek,38.5650322,-77.42575352,Stream,SC,Specific Conductance,Specific conductance,SC,Specific Conductance,µS/cm,,171.0,numeric,,Acceptable specific conductance is below 171 uS/cm.,Morgan et al. 2007,,>=,False,True,False
NCRN,PRWI,Prince William,Prince William Forest Park,NCRN_PRWI_NOBR,NCRN_PRWI_NOBR,North Branch Chopawamsic Creek,38.5650322,-77.42575352,Stream,pH,pH,pH,pH,pH,pH Units,6.0,9.0,numeric,Acceptable pH is greater than or equal to 6.,Acceptable pH is less than or equal to 9.,"District DOE, 2010, State of MD 2010, State of WV 2011, VA Water Control Board 2011",<,>,False,True,False
NCRN,PRWI,Prince William,Prince William Forest Park,NCRN_PRWI_NOBR,NCRN_PRWI_NOBR,North Branch Chopawamsic Creek,38.5650322,-77.42575352,Stream,DOmg,DO Concentration,Dissolved oxygen (DO),DOmg,Dissolved Oxygen,mg/L,5.0,,numeric,Acceptable dissolved oxygen is above 5.0 mg/L for warm water streams and above 6.0 mg/L for cold water streams.,,"District DOE, 2010, State of MD 2010, State of WV 2011, VA Water Control Board 2011",<=,,False,True,False
NCRN,PRWI,Prince William,Prince William Forest Park,NCRN_PRWI_NOBR,NCRN_PRWI_NOBR,North Branch Chopawamsic Creek,38.5650322,-77.42575352,Stream,DOper,DO Saturation,Dissolved oxygen saturation,DOper,Dissolved Oxygen,percent,,,numeric,,,,,,False,True,False
NCRN,PRWI,Prince William,Prince William Forest Park,NCRN_PRWI_NOBR,NCRN_PRWI_NOBR,North Branch Chopawamsic Creek,38.5650322,-77.42575352,Stream,ANC,ANC,Acid Neutralizing Capacity (ANC),ANC,Acid Neutralizing Capacity,µeq/L,200.0,,numeric,Acceptable acid neutralizing capacity is above 200 ueq/L for non-karst terrain.,,Weeks et al. 2007,<=,,False,True,False
NCRN,PRWI,Prince William,Prince William Forest Park,NCRN_PRWI_NOBR,NCRN_PRWI_NOBR,North Branch Chopawamsic Creek,38.5650322,-77.42575352,Stream,WetWidth,Wetted Width,Wetted Width,WetWidth,Wetted Width,ft,,,numeric,,,,,,False,True,False
NCRN,PRWI,Prince William,Prince William Forest Park,NCRN_PRWI_NOBR,NCRN_PRWI_NOBR,North Branch Chopawamsic Creek,38.5650322,-77.42575352,Stream,Velocity,Stream Velocity,Velocity - stream,Velocity,Velocity,ft/s,,,numeric,,,,,,False,True,False
NCRN,PRWI,Prince William,Prince William Forest Park,NCRN_PRWI_NOBR,NCRN_PRWI_NOBR,North Branch Chopawamsic Creek,38.5650322,-77.42575352,Stream,AirPress,Air Pressure,Barometric pressure,AirPress,Air Pressure,mm Hg,,,numeric,,,,,,False,True,False
NCRN,PRWI,Prince William,Prince William Forest Park,NCRN_PRWI_NOBR,NCRN_PRWI_NOBR,North Branch Chopawamsic Creek,38.5650322,-77.42575352,Stream,Conductivity,Conductivity,Conductivity,Conductivity,Conductivity,µS/cm,,,numeric,,,,,,False,True,False
NCRN,PRWI,Prince William,Prince William Forest Park,NCRN_PRWI_NOBR,NCRN_PRWI_NOBR,North Branch Chopawamsic Creek,38.5650322,-77.42575352,Stream,Salinity,Salinity,Salinity,Salinity,Salinity,ppt,,0.5,numeric,,Acceptable salinity is less than or equal to 0.5 ppt.,Ramasamy et al. 2014,,>,False,True,False
NCRN,PRWI,Prince William,Prince William Forest Park,NCRN_PRWI_NOBR,NCRN_PRWI_NOBR,North Branch Chopawamsic Creek,38.5650322,-77.42575352,Stream,TDS,Total Dissolved Solids,Total dissolved solids,TDS,Total Dissolved Solids,mg/L,,,numeric,,,,,,False,True,False
NCRN,PRWI,Prince William,Prince William Forest Park,NCRN_PRWI_NOBR,NCRN_PRWI_NOBR,North Branch Chopawamsic Creek,38.5650322,-77.42575352,Stream,TotalN,Total Nitrogen,"Total Nitrogen, mixed forms",TotalN,Total Nitrogen,mg/L,,0.69,numeric,,Acceptable total nitrogen is less than or equal to 0.69 mg/L in nutrient ecoregion IX.,EPA 2000,,>,False,True,False
NCRN,PRWI,Prince William,Prince William Forest Park,NCRN_PRWI_NOBR,NCRN_PRWI_NOBR,North Branch Chopawamsic Creek,38.5650322,-77.42575352,Stream,TotalP,Total Phosphorus,"Total Phosphorus, mixed forms",TotalP,Total Phosphorus,mg/L,,0.037,numeric,,Acceptable phosphorus is less than or equal to 0.037 mg/L in nutrient ecoregion IX.,EPA 2000,,>,False,False,False
NCRN,PRWI,Prince William,Prince William Forest Park,NCRN_PRWI_NOBR,NCRN_PRWI_NOBR,North Branch Chopawamsic Creek,38.5650322,-77.42575352,Stream,TotalDN,Total Dissolved Nitrogen,"Total Dissolved Nitrogen, mixed forms",TotalDN,Total Dissolved Nitrogen,mg/L,,,numeric,,,,,,False,False,False
NCRN,PRWI,Prince William,Prince William Forest Park,NCRN_PRWI_NOBR,NCRN_PRWI_NOBR,North Branch Chopawamsic Creek,38.5650322,-77.42575352,Stream,TotalDP,Total Dissolved Phosphorus,"Total Dissolved Phosphorus, mixed forms",TotalDP,Total Dissolved Phosphorus,mg/L,,,numeric,,,,,,False,False,False
NCRN,PRWI,Prince William,Prince William Forest Park,NCRN_PRWI_NOBR,NCRN_PRWI_NOBR,North Branch Chopawamsic Creek,38.5650322,-77.42575352,Stream,Ammonia,Ammonia,Ammonia,Ammonia,Ammonia,mg/L,,,numeric,,,,,,False,False,False
NCRN,PRWI,Prince William,Prince William Forest Park,NCRN_PRWI_NOBR,NCRN_PRWI_NOBR,North Branch Chopawamsic Creek,38.5650322,-77.42575352,Stream,Nitrate,Nitrate,Nitrate,Nitrate,Nitrate,mg/L,,2.0,numeric,,Acceptable nitrate is less than or equal to 2.0 mg/L in nutrient ecoregion IX.,EPA 2000,,>,False,False,False
NCRN,PRWI,Prince William,Prince William Forest Park,NCRN_PRWI_NOBR,NCRN_PRWI_NOBR,North Branch Chopawamsic Creek,38.5650322,-77.42575352,Stream,Weather,Weather,Weather condition (WMO code 4501) (choice list),Weather,Weather Conditions,,,,factor,,,,,,False,False,False
NCRN,PRWI,Prince William,Prince William Forest Park,NCRN_PRWI_NOBR,NCRN_PRWI_NOBR,North Branch Chopawamsic Creek,38.5650322,-77.42575352,Stream,Algae,Algae,"Substrate algae, % (choice list)",Algae,Algae,,,,factor,,,,,,False,False,False
NCRN,PRWI,Prince William,Prince William Forest Park,NCRN_PRWI_NOBR,NCRN_PRWI_NOBR,North Branch Chopawamsic Creek,38.5650322,-77.42575352,Stream,AlgaeColor,Algae Color,Substrate algae color,AlgaeColor,Algae Color,,,,factor,,,,,,False,False,False
NCRN,PRWI,Prince William,Prince William Forest Park,NCRN_PRWI_NOBR,NCRN_PRWI_NOBR,North Branch Chopawamsic Creek,38.5650322,-77.42575352,Stream,WaterAppearance,Water Appearance,Water appearance (text),WaterAppearance,Water Appearance,,,,factor,,,,,,False,False,False
NCRN,PRWI,Prince William,Prince William Forest Park,NCRN_PRWI_NOBR,NCRN_PRWI_NOBR,North Branch Chopawamsic Creek,38.5650322,-77.42575352,Stream,FlowCondition,Flow Condition,Stream flow (choice list),FlowCondition,Flow Condition,,,,factor,,,,,,False,False,False
NCRN,PRWI,Prince William,Prince William Forest Park,NCRN_PRWI_NOBR,NCRN_PRWI_NOBR,North Branch Chopawamsic Creek,38.5650322,-77.42575352,Stream,Orthophosphate,Orthophosphate,Orthophosphate,Orthophosphate,Orthophosphate,mg/L,,,numeric,,,,,,False,False,False
NCRN,PRWI,Prince William,Prince William Forest Park,NCRN_PRWI_NOBR,NCRN_PRWI_NOBR,North Branch Chopawamsic Creek,38.5650322,-77.42575352,Stream,Turbidity,Turbidity,Turbidity,Turbidity,Turbidity,ntu,,,numeric,,,,,,False,False,False
NCRN,PRWI,Prince William,Prince William Forest Park,NCRN_PRWI_QUCR,NCRN_PRWI_QUCR,Quantico Creek,38.5719375,-77.34717918,Stream,AirTemp,Air Temperature,"Temperature, air",AirTemp,Air Temperature,°C,,,numeric,,,,,,False,True,False
NCRN,PRWI,Prince William,Prince William Forest Park,NCRN_PRWI_QUCR,NCRN_PRWI_QUCR,Quantico Creek,38.5719375,-77.34717918,Stream,Discharge,Discharge,Base flow discharge,Discharge,Discharge,cfs,,,numeric,,,,,,False,True,False
NCRN,PRWI,Prince William,Prince William Forest Park,NCRN_PRWI_QUCR,NCRN_PRWI_QUCR,Quantico Creek,38.5719375,-77.34717918,Stream,Depth,Depth,Cross-Section Depth,Depth,Depth,ft,,,numeric,,,,,,False,True,False
NCRN,PRWI,Prince William,Prince William Forest Park,NCRN_PRWI_QUCR,NCRN_PRWI_QUCR,Quantico Creek,38.5719375,-77.34717918,Stream,WaterTemp,Water Temperature,"Temperature, water",WaterTemp,Water Temperature,°C,,32.0,numeric,,Acceptable water temperature is below 32 degrees C for warm water streams.,"District DOE, 2010, State of MD 2010, State of WV 2011, VA Water Control Board 2011",,>=,False,True,False
NCRN,PRWI,Prince William,Prince William Forest Park,NCRN_PRWI_QUCR,NCRN_PRWI_QUCR,Quantico Creek,38.5719375,-77.34717918,Stream,SC,Specific Conductance,Specific conductance,SC,Specific Conductance,µS/cm,,171.0,numeric,,Acceptable specific conductance is below 171 uS/cm.,Morgan et al. 2007,,>=,False,True,False
NCRN,PRWI,Prince William,Prince William Forest Park,NCRN_PRWI_QUCR,NCRN_PRWI_QUCR,Quantico Creek,38.5719375,-77.34717918,Stream,pH,pH,pH,pH,pH,pH Units,6.0,9.0,numeric,Acceptable pH is greater than or equal to 6.,Acceptable pH is less than or equal to 9.,"District DOE, 2010, State of MD 2010, State of WV 2011, VA Water Control Board 2011",<,>,False,True,False
NCRN,PRWI,Prince William,Prince William Forest Park,NCRN_PRWI_QUCR,NCRN_PRWI_QUCR,Quantico Creek,38.5719375,-77.34717918,Stream,DOmg,DO Concentration,Dissolved oxygen (DO),DOmg,Dissolved Oxygen,mg/L,5.0,,numeric,Acceptable dissolved oxygen is above 5.0 mg/L for warm water streams and above 6.0 mg/L for cold water streams.,,"District DOE, 2010, State of MD 2010, State of WV 2011, VA Water Control Board 2011",<=,,False,True,False
NCRN,PRWI,Prince William,Prince William Forest Park,NCRN_PRWI_QUCR,NCRN_PRWI_QUCR,Quantico Creek,38.5719375,-77.34717918,Stream,DOper,DO Saturation,Dissolved oxygen saturation,DOper,Dissolved Oxygen,percent,,,numeric,,,,,,False,True,False
NCRN,PRWI,Prince William,Prince William Forest Park,NCRN_PRWI_QUCR,NCRN_PRWI_QUCR,Quantico Creek,38.5719375,-77.34717918,Stream,ANC,ANC,Acid Neutralizing Capacity (ANC),ANC,Acid Neutralizing Capacity,µeq/L,200.0,,numeric,Acceptable acid neutralizing capacity is above 200 ueq/L for non-karst terrain.,,Weeks et al. 2007,<=,,False,True,False
NCRN,PRWI,Prince William,Prince William Forest Park,NCRN_PRWI_QUCR,NCRN_PRWI_QUCR,Quantico Creek,38.5719375,-77.34717918,Stream,WetWidth,Wetted Width,Wetted Width,WetWidth,Wetted Width,ft,,,numeric,,,,,,False,True,False
NCRN,PRWI,Prince William,Prince William Forest Park,NCRN_PRWI_QUCR,NCRN_PRWI_QUCR,Quantico Creek,38.5719375,-77.34717918,Stream,Velocity,Stream Velocity,Velocity - stream,Velocity,Velocity,ft/s,,,numeric,,,,,,False,True,False
NCRN,PRWI,Prince William,Prince William Forest Park,NCRN_PRWI_QUCR,NCRN_PRWI_QUCR,Quantico Creek,38.5719375,-77.34717918,Stream,AirPress,Air Pressure,Barometric pressure,AirPress,Air Pressure,mm Hg,,,numeric,,,,,,False,True,False
NCRN,PRWI,Prince William,Prince William Forest Park,NCRN_PRWI_QUCR,NCRN_PRWI_QUCR,Quantico Creek,38.5719375,-77.34717918,Stream,Conductivity,Conductivity,Conductivity,Conductivity,Conductivity,µS/cm,,,numeric,,,,,,False,True,False
NCRN,PRWI,Prince William,Prince William Forest Park,NCRN_PRWI_QUCR,NCRN_PRWI_QUCR,Quantico Creek,38.5719375,-77.34717918,Stream,Salinity,Salinity,Salinity,Salinity,Salinity,ppt,,0.5,numeric,,Acceptable salinity is less than or equal to 0.5 ppt.,Ramasamy et al. 2014,,>,False,True,False
NCRN,PRWI,Prince William,Prince William Forest Park,NCRN_PRWI_QUCR,NCRN_PRWI_QUCR,Quantico Creek,38.5719375,-77.34717918,Stream,TDS,Total Dissolved Solids,Total dissolved solids,TDS,Total Dissolved Solids,mg/L,,,numeric,,,,,,False,True,False
NCRN,PRWI,Prince William,Prince William Forest Park,NCRN_PRWI_QUCR,NCRN_PRWI_QUCR,Quantico Creek,38.5719375,-77.34717918,Stream,TotalN,Total Nitrogen,"Total Nitrogen, mixed forms",TotalN,Total Nitrogen,mg/L,,0.69,numeric,,Acceptable total nitrogen is less than or equal to 0.69 mg/L in nutrient ecoregion IX.,EPA 2000,,>,False,True,False
NCRN,PRWI,Prince William,Prince William Forest Park,NCRN_PRWI_QUCR,NCRN_PRWI_QUCR,Quantico Creek,38.5719375,-77.34717918,Stream,TotalP,Total Phosphorus,"Total Phosphorus, mixed forms",TotalP,Total Phosphorus,mg/L,,0.037,numeric,,Acceptable phosphorus is less than or equal to 0.037 mg/L in nutrient ecoregion IX.,EPA 2000,,>,False,False,False
NCRN,PRWI,Prince William,Prince William Forest Park,NCRN_PRWI_QUCR,NCRN_PRWI_QUCR,Quantico Creek,38.5719375,-77.34717918,Stream,TotalDN,Total Dissolved Nitrogen,"Total Dissolved Nitrogen, mixed forms",TotalDN,Total Dissolved Nitrogen,mg/L,,,numeric,,,,,,False,False,False
NCRN,PRWI,Prince William,Prince William Forest Park,NCRN_PRWI_QUCR,NCRN_PRWI_QUCR,Quantico Creek,38.5719375,-77.34717918,Stream,TotalDP,Total Dissolved Phosphorus,"Total Dissolved Phosphorus, mixed forms",TotalDP,Total Dissolved Phosphorus,mg/L,,,numeric,,,,,,False,False,False
NCRN,PRWI,Prince William,Prince William Forest Park,NCRN_PRWI_QUCR,NCRN_PRWI_QUCR,Quantico Creek,38.5719375,-77.34717918,Stream,Ammonia,Ammonia,Ammonia,Ammonia,Ammonia,mg/L,,,numeric,,,,,,False,False,False
NCRN,PRWI,Prince William,Prince William Forest Park,NCRN_PRWI_QUCR,NCRN_PRWI_QUCR,Quantico Creek,38.5719375,-77.34717918,Stream,Nitrate,Nitrate,Nitrate,Nitrate,Nitrate,mg/L,,2.0,numeric,,Acceptable nitrate is less than or equal to 2.0 mg/L in nutrient ecoregion IX.,EPA 2000,,>,False,False,False
NCRN,PRWI,Prince William,Prince William Forest Park,NCRN_PRWI_QUCR,NCRN_PRWI_QUCR,Quantico Creek,38.5719375,-77.34717918,Stream,Weather,Weather,Weather condition (WMO code 4501) (choice list),Weather,Weather Conditions,,,,factor,,,,,,False,False,False
NCRN,PRWI,Prince William,Prince William Forest Park,NCRN_PRWI_QUCR,NCRN_PRWI_QUCR,Quantico Creek,38.5719375,-77.34717918,Stream,Algae,Algae,"Substrate algae, % (choice list)",Algae,Algae,,,,factor,,,,,,False,False,False
NCRN,PRWI,Prince William,Prince William Forest Park,NCRN_PRWI_QUCR,NCRN_PRWI_QUCR,Quantico Creek,38.5719375,-77.34717918,Stream,AlgaeColor,Algae Color,Substrate algae color,AlgaeColor,Algae Color,,,,factor,,,,,,False,False,False
NCRN,PRWI,Prince William,Prince William Forest Park,NCRN_PRWI_QUCR,NCRN_PRWI_QUCR,Quantico Creek,38.5719375,-77.34717918,Stream,WaterAppearance,Water Appearance,Water appearance (text),WaterAppearance,Water Appearance,,,,factor,,,,,,False,False,False
NCRN,PRWI,Prince William,Prince William Forest Park,NCRN_PRWI_QUCR,NCRN_PRWI_QUCR,Quantico Creek,38.5719375,-77.34717918,Stream,FlowCondition,Flow Condition,Stream flow (choice list),FlowCondition,Flow Condition,,,,factor,,,,,,False,False,False
NCRN,PRWI,Prince William,Prince William Forest Park,NCRN_PRWI_QUCR,NCRN_PRWI_QUCR,Quantico Creek,38.5719375,-77.34717918,Stream,Orthophosphate,Orthophosphate,Orthophosphate,Orthophosphate,Orthophosphate,mg/L,,,numeric,,,,,,False,False,False
NCRN,PRWI,Prince William,Prince William Forest Park,NCRN_PRWI_QUCR,NCRN_PRWI_QUCR,Quantico Creek,38.5719375,-77.34717918,Stream,Turbidity,Turbidity,Turbidity,Turbidity,Turbidity,ntu,,,numeric,,,,,,False,False,False
NCRN,PRWI,Prince William,Prince William Forest Park,NCRN_PRWI_SFQR,NCRN_PRWI_SFQR,South Fork Quantico Creek at Orenda Road,38.566535,-77.3529678,Stream,AirTemp,Air Temperature,"Temperature, air",AirTemp,Air Temperature,°C,,,numeric,,,,,,False,True,False
NCRN,PRWI,Prince William,Prince William Forest Park,NCRN_PRWI_SFQR,NCRN_PRWI_SFQR,South Fork Quantico Creek at Orenda Road,38.566535,-77.3529678,Stream,Discharge,Discharge,Base flow discharge,Discharge,Discharge,cfs,,,numeric,,,,,,False,True,False
NCRN,PRWI,Prince William,Prince William Forest Park,NCRN_PRWI_SFQR,NCRN_PRWI_SFQR,South Fork Quantico Creek at Orenda Road,38.566535,-77.3529678,Stream,Depth,Depth,Cross-Section Depth,Depth,Depth,ft,,,numeric,,,,,,False,True,False
NCRN,PRWI,Prince William,Prince William Forest Park,NCRN_PRWI_SFQR,NCRN_PRWI_SFQR,South Fork Quantico Creek at Orenda Road,38.566535,-77.3529678,Stream,WaterTemp,Water Temperature,"Temperature, water",WaterTemp,Water Temperature,°C,,32.0,numeric,,Acceptable water temperature is below 32 degrees C for warm water streams.,"District DOE, 2010, State of MD 2010, State of WV 2011, VA Water Control Board 2011",,>=,False,True,False
NCRN,PRWI,Prince William,Prince William Forest Park,NCRN_PRWI_SFQR,NCRN_PRWI_SFQR,South Fork Quantico Creek at Orenda Road,38.566535,-77.3529678,Stream,SC,Specific Conductance,Specific conductance,SC,Specific Conductance,µS/cm,,171.0,numeric,,Acceptable specific conductance is below 171 uS/cm.,Morgan et al. 2007,,>=,False,True,False
NCRN,PRWI,Prince William,Prince William Forest Park,NCRN_PRWI_SFQR,NCRN_PRWI_SFQR,South Fork Quantico Creek at Orenda Road,38.566535,-77.3529678,Stream,pH,pH,pH,pH,pH,pH Units,6.0,9.0,numeric,Acceptable pH is greater than or equal to 6.,Acceptable pH is less than or equal to 9.,"District DOE, 2010, State of MD 2010, State of WV 2011, VA Water Control Board 2011",<,>,False,True,False
NCRN,PRWI,Prince William,Prince William Forest Park,NCRN_PRWI_SFQR,NCRN_PRWI_SFQR,South Fork Quantico Creek at Orenda Road,38.566535,-77.3529678,Stream,DOmg,DO Concentration,Dissolved oxygen (DO),DOmg,Dissolved Oxygen,mg/L,5.0,,numeric,Acceptable dissolved oxygen is above 5.0 mg/L for warm water streams and above 6.0 mg/L for cold water streams.,,"District DOE, 2010, State of MD 2010, State of WV 2011, VA Water Control Board 2011",<=,,False,True,False
NCRN,PRWI,Prince William,Prince William Forest Park,NCRN_PRWI_SFQR,NCRN_PRWI_SFQR,South Fork Quantico Creek at Orenda Road,38.566535,-77.3529678,Stream,DOper,DO Saturation,Dissolved oxygen saturation,DOper,Dissolved Oxygen,percent,,,numeric,,,,,,False,True,False
NCRN,PRWI,Prince William,Prince William Forest Park,NCRN_PRWI_SFQR,NCRN_PRWI_SFQR,South Fork Quantico Creek at Orenda Road,38.566535,-77.3529678,Stream,ANC,ANC,Acid Neutralizing Capacity (ANC),ANC,Acid Neutralizing Capacity,µeq/L,200.0,,numeric,Acceptable acid neutralizing capacity is above 200 ueq/L for non-karst terrain.,,Weeks et al. 2007,<=,,False,True,False
NCRN,PRWI,Prince William,Prince William Forest Park,NCRN_PRWI_SFQR,NCRN_PRWI_SFQR,South Fork Quantico Creek at Orenda Road,38.566535,-77.3529678,Stream,WetWidth,Wetted Width,Wetted Width,WetWidth,Wetted Width,ft,,,numeric,,,,,,False,True,False
NCRN,PRWI,Prince William,Prince William Forest Park,NCRN_PRWI_SFQR,NCRN_PRWI_SFQR,South Fork Quantico Creek at Orenda Road,38.566535,-77.3529678,Stream,Velocity,Stream Velocity,Velocity - stream,Velocity,Velocity,ft/s,,,numeric,,,,,,False,True,False
NCRN,PRWI,Prince William,Prince William Forest Park,NCRN_PRWI_SFQR,NCRN_PRWI_SFQR,South Fork Quantico Creek at Orenda Road,38.566535,-77.3529678,Stream,AirPress,Air Pressure,Barometric pressure,AirPress,Air Pressure,mm Hg,,,numeric,,,,,,False,True,False
NCRN,PRWI,Prince William,Prince William Forest Park,NCRN_PRWI_SFQR,NCRN_PRWI_SFQR,South Fork Quantico Creek at Orenda Road,38.566535,-77.3529678,Stream,Conductivity,Conductivity,Conductivity,Conductivity,Conductivity,µS/cm,,,numeric,,,,,,False,True,False
NCRN,PRWI,Prince William,Prince William Forest Park,NCRN_PRWI_SFQR,NCRN_PRWI_SFQR,South Fork Quantico Creek at Orenda Road,38.566535,-77.3529678,Stream,Salinity,Salinity,Salinity,Salinity,Salinity,ppt,,0.5,numeric,,Acceptable salinity is less than or equal to 0.5 ppt.,Ramasamy et al. 2014,,>,False,True,False
NCRN,PRWI,Prince William,Prince William Forest Park,NCRN_PRWI_SFQR,NCRN_PRWI_SFQR,South Fork Quantico Creek at Orenda Road,38.566535,-77.3529678,Stream,TDS,Total Dissolved Solids,Total dissolved solids,TDS,Total Dissolved Solids,mg/L,,,numeric,,,,,,False,True,False
NCRN,PRWI,Prince William,Prince William Forest Park,NCRN_PRWI_SFQR,NCRN_PRWI_SFQR,South Fork Quantico Creek at Orenda Road,38.566535,-77.3529678,Stream,TotalN,Total Nitrogen,"Total Nitrogen, mixed forms",TotalN,Total Nitrogen,mg/L,,0.69,numeric,,Acceptable total nitrogen is less than or equal to 0.69 mg/L in nutrient ecoregion IX.,EPA 2000,,>,False,True,False
NCRN,PRWI,Prince William,Prince William Forest Park,NCRN_PRWI_SFQR,NCRN_PRWI_SFQR,South Fork Quantico Creek at Orenda Road,38.566535,-77.3529678,Stream,TotalP,Total Phosphorus,"Total Phosphorus, mixed forms",TotalP,Total Phosphorus,mg/L,,0.037,numeric,,Acceptable phosphorus is less than or equal to 0.037 mg/L in nutrient ecoregion IX.,EPA 2000,,>,False,False,False
NCRN,PRWI,Prince William,Prince William Forest Park,NCRN_PRWI_SFQR,NCRN_PRWI_SFQR,South Fork Quantico Creek at Orenda Road,38.566535,-77.3529678,Stream,TotalDN,Total Dissolved Nitrogen,"Total Dissolved Nitrogen, mixed forms",TotalDN,Total Dissolved Nitrogen,mg/L,,,numeric,,,,,,False,False,False
NCRN,PRWI,Prince William,Prince William Forest Park,NCRN_PRWI_SFQR,NCRN_PRWI_SFQR,South Fork Quantico Creek at Orenda Road,38.566535,-77.3529678,Stream,TotalDP,Total Dissolved Phosphorus,"Total Dissolved Phosphorus, mixed forms",TotalDP,Total Dissolved Phosphorus,mg/L,,,numeric,,,,,,False,False,False
NCRN,PRWI,Prince William,Prince William Forest Park,NCRN_PRWI_SFQR,NCRN_PRWI_SFQR,South Fork Quantico Creek at Orenda Road,38.566535,-77.3529678,Stream,Ammonia,Ammonia,Ammonia,Ammonia,Ammonia,mg/L,,,numeric,,,,,,False,False,False
NCRN,PRWI,Prince William,Prince William Forest Park,NCRN_PRWI_SFQR,NCRN_PRWI_SFQR,South Fork Quantico Creek at Orenda Road,38.566535,-77.3529678,Stream,Nitrate,Nitrate,Nitrate,Nitrate,Nitrate,mg/L,,2.0,numeric,,Acceptable nitrate is less than or equal to 2.0 mg/L in nutrient ecoregion IX.,EPA 2000,,>,False,False,False
NCRN,PRWI,Prince William,Prince William Forest Park,NCRN_PRWI_SFQR,NCRN_PRWI_SFQR,South Fork Quantico Creek at Orenda Road,38.566535,-77.3529678,Stream,Weather,Weather,Weather condition (WMO code 4501) (choice list),Weather,Weather Conditions,,,,factor,,,,,,False,False,False
NCRN,PRWI,Prince William,Prince William Forest Park,NCRN_PRWI_SFQR,NCRN_PRWI_SFQR,South Fork Quantico Creek at Orenda Road,38.566535,-77.3529678,Stream,Algae,Algae,"Substrate algae, % (choice list)",Algae,Algae,,,,factor,,,,,,False,False,False
NCRN,PRWI,Prince William,Prince William Forest Park,NCRN_PRWI_SFQR,NCRN_PRWI_SFQR,South Fork Quantico Creek at Orenda Road,38.566535,-77.3529678,Stream,AlgaeColor,Algae Color,Substrate algae color,AlgaeColor,Algae Color,,,,factor,,,,,,False,False,False
NCRN,PRWI,Prince William,Prince William Forest Park,NCRN_PRWI_SFQR,NCRN_PRWI_SFQR,South Fork Quantico Creek at Orenda Road,38.566535,-77.3529678,Stream,WaterAppearance,Water Appearance,Water appearance (text),WaterAppearance,Water Appearance,,,,factor,,,,,,False,False,False
NCRN,PRWI,Prince William,Prince William Forest Park,NCRN_PRWI_SFQR,NCRN_PRWI_SFQR,South Fork Quantico Creek at Orenda Road,38.566535,-77.3529678,Stream,FlowCondition,Flow Condition,Stream flow (choice list),FlowCondition,Flow Condition,,,,factor,,,,,,False,False,False
NCRN,PRWI,Prince William,Prince William Forest Park,NCRN_PRWI_SFQR,NCRN_PRWI_SFQR,South Fork Quantico Creek at Orenda Road,38.566535,-77.3529678,Stream,Orthophosphate,Orthophosphate,Orthophosphate,Orthophosphate,Orthophosphate,mg/L,,,numeric,,,,,,False,False,False
NCRN,PRWI,Prince William,Prince William Forest Park,NCRN_PRWI_SFQR,NCRN_PRWI_SFQR,South Fork Quantico Creek at Orenda Road,38.566535,-77.3529678,Stream,Turbidity,Turbidity,Turbidity,Turbidity,Turbidity,ntu,,,numeric,,,,,,False,False,False
NCRN,ROCR,Rock Creek,Rock Creek Park,NCRN_ROCR_BAKE,NCRN_ROCR_BAKE,Battery Kemble Run,38.92042913,-77.09950029,Stream,AirTemp,Air Temperature,"Temperature, air",AirTemp,Air Temperature,°C,,,numeric,,,,,,True,True,True
NCRN,ROCR,Rock Creek,Rock Creek Park,NCRN_ROCR_BAKE,NCRN_ROCR_BAKE,Battery Kemble Run,38.92042913,-77.09950029,Stream,Discharge,Discharge,Base flow discharge,Discharge,Discharge,cfs,,,numeric,,,,,,True,True,True
NCRN,ROCR,Rock Creek,Rock Creek Park,NCRN_ROCR_BAKE,NCRN_ROCR_BAKE,Battery Kemble Run,38.92042913,-77.09950029,Stream,Depth,Depth,Cross-Section Depth,Depth,Depth,ft,,,numeric,,,,,,True,True,True
NCRN,ROCR,Rock Creek,Rock Creek Park,NCRN_ROCR_BAKE,NCRN_ROCR_BAKE,Battery Kemble Run,38.92042913,-77.09950029,Stream,WaterTemp,Water Temperature,"Temperature, water",WaterTemp,Water Temperature,°C,,32.0,numeric,,Acceptable water temperature is below 32 degrees C for warm water streams.,"District DOE, 2010, State of MD 2010, State of WV 2011, VA Water Control Board 2011",,>=,True,True,True
NCRN,ROCR,Rock Creek,Rock Creek Park,NCRN_ROCR_BAKE,NCRN_ROCR_BAKE,Battery Kemble Run,38.92042913,-77.09950029,Stream,SC,Specific Conductance,Specific conductance,SC,Specific Conductance,µS/cm,,171.0,numeric,,Acceptable specific conductance is below 171 uS/cm.,Morgan et al. 2007,,>=,True,True,True
NCRN,ROCR,Rock Creek,Rock Creek Park,NCRN_ROCR_BAKE,NCRN_ROCR_BAKE,Battery Kemble Run,38.92042913,-77.09950029,Stream,pH,pH,pH,pH,pH,pH Units,6.0,9.0,numeric,Acceptable pH is greater than or equal to 6.,Acceptable pH is less than or equal to 9.,"District DOE, 2010, State of MD 2010, State of WV 2011, VA Water Control Board 2011",<,>,True,True,True
NCRN,ROCR,Rock Creek,Rock Creek Park,NCRN_ROCR_BAKE,NCRN_ROCR_BAKE,Battery Kemble Run,38.92042913,-77.09950029,Stream,DOmg,DO Concentration,Dissolved oxygen (DO),DOmg,Dissolved Oxygen,mg/L,5.0,,numeric,Acceptable dissolved oxygen is above 5.0 mg/L for warm water streams and above 6.0 mg/L for cold water streams.,,"District DOE, 2010, State of MD 2010, State of WV 2011, VA Water Control Board 2011",<=,,True,True,True
NCRN,ROCR,Rock Creek,Rock Creek Park,NCRN_ROCR_BAKE,NCRN_ROCR_BAKE,Battery Kemble Run,38.92042913,-77.09950029,Stream,DOper,DO Saturation,Dissolved oxygen saturation,DOper,Dissolved Oxygen,percent,,,numeric,,,,,,True,True,True
NCRN,ROCR,Rock Creek,Rock Creek Park,NCRN_ROCR_BAKE,NCRN_ROCR_BAKE,Battery Kemble Run,38.92042913,-77.09950029,Stream,ANC,ANC,Acid Neutralizing Capacity (ANC),ANC,Acid Neutralizing Capacity,µeq/L,200.0,,numeric,Acceptable acid neutralizing capacity is above 200 ueq/L for non-karst terrain.,,Weeks et al. 2007,<=,,True,True,True
NCRN,ROCR,Rock Creek,Rock Creek Park,NCRN_ROCR_BAKE,NCRN_ROCR_BAKE,Battery Kemble Run,38.92042913,-77.09950029,Stream,WetWidth,Wetted Width,Wetted Width,WetWidth,Wetted Width,ft,,,numeric,,,,,,True,True,True
NCRN,ROCR,Rock Creek,Rock Creek Park,NCRN_ROCR_BAKE,NCRN_ROCR_BAKE,Battery Kemble Run,38.92042913,-77.09950029,Stream,Velocity,Stream Velocity,Velocity - stream,Velocity,Velocity,ft/s,,,numeric,,,,,,True,True,True
NCRN,ROCR,Rock Creek,Rock Creek Park,NCRN_ROCR_BAKE,NCRN_ROCR_BAKE,Battery Kemble Run,38.92042913,-77.09950029,Stream,AirPress,Air Pressure,Barometric pressure,AirPress,Air Pressure,mm Hg,,,numeric,,,,,,True,True,True
NCRN,ROCR,Rock Creek,Rock Creek Park,NCRN_ROCR_BAKE,NCRN_ROCR_BAKE,Battery Kemble Run,38.92042913,-77.09950029,Stream,Conductivity,Conductivity,Conductivity,Conductivity,Conductivity,µS/cm,,,numeric,,,,,,True,True,True
NCRN,ROCR,Rock Creek,Rock Creek Park,NCRN_ROCR_BAKE,NCRN_ROCR_BAKE,Battery Kemble Run,38.92042913,-77.09950029,Stream,Salinity,Salinity,Salinity,Salinity,Salinity,ppt,,0.5,numeric,,Acceptable salinity is less than or equal to 0.5 ppt.,Ramasamy et al. 2014,,>,True,True,True
NCRN,ROCR,Rock Creek,Rock Creek Park,NCRN_ROCR_BAKE,NCRN_ROCR_BAKE,Battery Kemble Run,38.92042913,-77.09950029,Stream,TDS,Total Dissolved Solids,Total dissolved solids,TDS,Total Dissolved Solids,mg/L,,,numeric,,,,,,True,True,True
NCRN,ROCR,Rock Creek,Rock Creek Park,NCRN_ROCR_BAKE,NCRN_ROCR_BAKE,Battery Kemble Run,38.92042913,-77.09950029,Stream,TotalN,Total Nitrogen,"Total Nitrogen, mixed forms",TotalN,Total Nitrogen,mg/L,,0.69,numeric,,Acceptable total nitrogen is less than or equal to 0.69 mg/L in nutrient ecoregion IX.,EPA 2000,,>,True,True,True
NCRN,ROCR,Rock Creek,Rock Creek Park,NCRN_ROCR_BAKE,NCRN_ROCR_BAKE,Battery Kemble Run,38.92042913,-77.09950029,Stream,TotalP,Total Phosphorus,"Total Phosphorus, mixed forms",TotalP,Total Phosphorus,mg/L,,0.037,numeric,,Acceptable phosphorus is less than or equal to 0.037 mg/L in nutrient ecoregion IX.,EPA 2000,,>,True,False,False
NCRN,ROCR,Rock Creek,Rock Creek Park,NCRN_ROCR_BAKE,NCRN_ROCR_BAKE,Battery Kemble Run,38.92042913,-77.09950029,Stream,TotalDN,Total Dissolved Nitrogen,"Total Dissolved Nitrogen, mixed forms",TotalDN,Total Dissolved Nitrogen,mg/L,,,numeric,,,,,,True,False,False
NCRN,ROCR,Rock Creek,Rock Creek Park,NCRN_ROCR_BAKE,NCRN_ROCR_BAKE,Battery Kemble Run,38.92042913,-77.09950029,Stream,TotalDP,Total Dissolved Phosphorus,"Total Dissolved Phosphorus, mixed forms",TotalDP,Total Dissolved Phosphorus,mg/L,,,numeric,,,,,,True,False,False
NCRN,ROCR,Rock Creek,Rock Creek Park,NCRN_ROCR_BAKE,NCRN_ROCR_BAKE,Battery Kemble Run,38.92042913,-77.09950029,Stream,Ammonia,Ammonia,Ammonia,Ammonia,Ammonia,mg/L,,,numeric,,,,,,True,False,False
NCRN,ROCR,Rock Creek,Rock Creek Park,NCRN_ROCR_BAKE,NCRN_ROCR_BAKE,Battery Kemble Run,38.92042913,-77.09950029,Stream,Nitrate,Nitrate,Nitrate,Nitrate,Nitrate,mg/L,,2.0,numeric,,Acceptable nitrate is less than or equal to 2.0 mg/L in nutrient ecoregion IX.,EPA 2000,,>,True,False,False
NCRN,ROCR,Rock Creek,Rock Creek Park,NCRN_ROCR_BAKE,NCRN_ROCR_BAKE,Battery Kemble Run,38.92042913,-77.09950029,Stream,Weather,Weather,Weather condition (WMO code 4501) (choice list),Weather,Weather Conditions,,,,factor,,,,,,True,False,False
NCRN,ROCR,Rock Creek,Rock Creek Park,NCRN_ROCR_BAKE,NCRN_ROCR_BAKE,Battery Kemble Run,38.92042913,-77.09950029,Stream,Algae,Algae,"Substrate algae, % (choice list)",Algae,Algae,,,,factor,,,,,,True,False,False
NCRN,ROCR,Rock Creek,Rock Creek Park,NCRN_ROCR_BAKE,NCRN_ROCR_BAKE,Battery Kemble Run,38.92042913,-77.09950029,Stream,AlgaeColor,Algae Color,Substrate algae color,AlgaeColor,Algae Color,,,,factor,,,,,,True,False,False
NCRN,ROCR,Rock Creek,Rock Creek Park,NCRN_ROCR_BAKE,NCRN_ROCR_BAKE,Battery Kemble Run,38.92042913,-77.09950029,Stream,WaterAppearance,Water Appearance,Water appearance (text),WaterAppearance,Water Appearance,,,,factor,,,,,,True,False,False
NCRN,ROCR,Rock Creek,Rock Creek Park,NCRN_ROCR_BAKE,NCRN_ROCR_BAKE,Battery Kemble Run,38.92042913,-77.09950029,Stream,FlowCondition,Flow Condition,Stream flow (choice list),FlowCondition,Flow Condition,,,,factor,,,,,,True,False,False
NCRN,ROCR,Rock Creek,Rock Creek Park,NCRN_ROCR_BAKE,NCRN_ROCR_BAKE,Battery Kemble Run,38.92042913,-77.09950029,Stream,Orthophosphate,Orthophosphate,Orthophosphate,Orthophosphate,Orthophosphate,mg/L,,,numeric,,,,,,True,False,False
NCRN,ROCR,Rock Creek,Rock Creek Park,NCRN_ROCR_BAKE,NCRN_ROCR_BAKE,Battery Kemble Run,38.92042913,-77.09950029,Stream,Turbidity,Turbidity,Turbidity,Turbidity,Turbidity,ntu,,,numeric,,,,,,True,False,False
NCRN,ROCR,Rock Creek,Rock Creek Park,NCRN_ROCR_BRBR,NCRN_ROCR_BRBR,Broad Branch,38.94497346,-77.05040564,Stream,AirTemp,Air Temperature,"Temperature, air",AirTemp,Air Temperature,°C,,,numeric,,,,,,True,True,True
NCRN,ROCR,Rock Creek,Rock Creek Park,NCRN_ROCR_BRBR,NCRN_ROCR_BRBR,Broad Branch,38.94497346,-77.05040564,Stream,Discharge,Discharge,Base flow discharge,Discharge,Discharge,cfs,,,numeric,,,,,,True,True,True
NCRN,ROCR,Rock Creek,Rock Creek Park,NCRN_ROCR_BRBR,NCRN_ROCR_BRBR,Broad Branch,38.94497346,-77.05040564,Stream,Depth,Depth,Cross-Section Depth,Depth,Depth,ft,,,numeric,,,,,,True,True,True
NCRN,ROCR,Rock Creek,Rock Creek Park,NCRN_ROCR_BRBR,NCRN_ROCR_BRBR,Broad Branch,38.94497346,-77.05040564,Stream,WaterTemp,Water Temperature,"Temperature, water",WaterTemp,Water Temperature,°C,,32.0,numeric,,Acceptable water temperature is below 32 degrees C for warm water streams.,"District DOE, 2010, State of MD 2010, State of WV 2011, VA Water Control Board 2011",,>=,True,True,True
NCRN,ROCR,Rock Creek,Rock Creek Park,NCRN_ROCR_BRBR,NCRN_ROCR_BRBR,Broad Branch,38.94497346,-77.05040564,Stream,SC,Specific Conductance,Specific conductance,SC,Specific Conductance,µS/cm,,171.0,numeric,,Acceptable specific conductance is below 171 uS/cm.,Morgan et al. 2007,,>=,True,True,True
NCRN,ROCR,Rock Creek,Rock Creek Park,NCRN_ROCR_BRBR,NCRN_ROCR_BRBR,Broad Branch,38.94497346,-77.05040564,Stream,pH,pH,pH,pH,pH,pH Units,6.0,9.0,numeric,Acceptable pH is greater than or equal to 6.,Acceptable pH is less than or equal to 9.,"District DOE, 2010, State of MD 2010, State of WV 2011, VA Water Control Board 2011",<,>,True,True,True
NCRN,ROCR,Rock Creek,Rock Creek Park,NCRN_ROCR_BRBR,NCRN_ROCR_BRBR,Broad Branch,38.94497346,-77.05040564,Stream,DOmg,DO Concentration,Dissolved oxygen (DO),DOmg,Dissolved Oxygen,mg/L,5.0,,numeric,Acceptable dissolved oxygen is above 5.0 mg/L for warm water streams and above 6.0 mg/L for cold water streams.,,"District DOE, 2010, State of MD 2010, State of WV 2011, VA Water Control Board 2011",<=,,True,True,True
NCRN,ROCR,Rock Creek,Rock Creek Park,NCRN_ROCR_BRBR,NCRN_ROCR_BRBR,Broad Branch,38.94497346,-77.05040564,Stream,DOper,DO Saturation,Dissolved oxygen saturation,DOper,Dissolved Oxygen,percent,,,numeric,,,,,,True,True,True
NCRN,ROCR,Rock Creek,Rock Creek Park,NCRN_ROCR_BRBR,NCRN_ROCR_BRBR,Broad Branch,38.94497346,-77.05040564,Stream,ANC,ANC,Acid Neutralizing Capacity (ANC),ANC,Acid Neutralizing Capacity,µeq/L,200.0,,numeric,Acceptable acid neutralizing capacity is above 200 ueq/L for non-karst terrain.,,Weeks et al. 2007,<=,,True,True,True
NCRN,ROCR,Rock Creek,Rock Creek Park,NCRN_ROCR_BRBR,NCRN_ROCR_BRBR,Broad Branch,38.94497346,-77.05040564,Stream,WetWidth,Wetted Width,Wetted Width,WetWidth,Wetted Width,ft,,,numeric,,,,,,True,True,True
NCRN,ROCR,Rock Creek,Rock Creek Park,NCRN_ROCR_BRBR,NCRN_ROCR_BRBR,Broad Branch,38.94497346,-77.05040564,Stream,Velocity,Stream Velocity,Velocity - stream,Velocity,Velocity,ft/s,,,numeric,,,,,,True,True,True
NCRN,ROCR,Rock Creek,Rock Creek Park,NCRN_ROCR_BRBR,NCRN_ROCR_BRBR,Broad Branch,38.94497346,-77.05040564,Stream,AirPress,Air Pressure,Barometric pressure,AirPress,Air Pressure,mm Hg,,,numeric,,,,,,True,True,True
NCRN,ROCR,Rock Creek,Rock Creek Park,NCRN_ROCR_BRBR,NCRN_ROCR_BRBR,Broad Branch,38.94497346,-77.05040564,Stream,Conductivity,Conductivity,Conductivity,Conductivity,Conductivity,µS/cm,,,numeric,,,,,,True,True,True
NCRN,ROCR,Rock Creek,Rock Creek Park,NCRN_ROCR_BRBR,NCRN_ROCR_BRBR,Broad Branch,38.94497346,-77.05040564,Stream,Salinity,Salinity,Salinity,Salinity,Salinity,ppt,,0.5,numeric,,Acceptable salinity is less than or equal to 0.5 ppt.,Ramasamy et al. 2014,,>,True,True,True
NCRN,ROCR,Rock Creek,Rock Creek Park,NCRN_ROCR_BRBR,NCRN_ROCR_BRBR,Broad Branch,38.94497346,-77.05040564,Stream,TDS,Total Dissolved Solids,Total dissolved solids,TDS,Total Dissolved Solids,mg/L,,,numeric,,,,,,True,True,True
NCRN,ROCR,Rock Creek,Rock Creek Park,NCRN_ROCR_BRBR,NCRN_ROCR_BRBR,Broad Branch,38.94497346,-77.05040564,Stream,TotalN,Total Nitrogen,"Total Nitrogen, mixed forms",TotalN,Total Nitrogen,mg/L,,0.69,numeric,,Acceptable total nitrogen is less than or equal to 0.69 mg/L in nutrient ecoregion IX.,EPA 2000,,>,True,True,True
NCRN,ROCR,Rock Creek,Rock Creek Park,NCRN_ROCR_BRBR,NCRN_ROCR_BRBR,Broad Branch,38.94497346,-77.05040564,Stream,TotalP,Total Phosphorus,"Total Phosphorus, mixed forms",TotalP,Total Phosphorus,mg/L,,0.037,numeric,,Acceptable phosphorus is less than or equal to 0.037 mg/L in nutrient ecoregion IX.,EPA 2000,,>,True,False,False
NCRN,ROCR,Rock Creek,Rock Creek Park,NCRN_ROCR_BRBR,NCRN_ROCR_BRBR,Broad Branch,38.94497346,-77.05040564,Stream,TotalDN,Total Dissolved Nitrogen,"Total Dissolved Nitrogen, mixed forms",TotalDN,Total Dissolved Nitrogen,mg/L,,,numeric,,,,,,True,False,False
NCRN,ROCR,Rock Creek,Rock Creek Park,NCRN_ROCR_BRBR,NCRN_ROCR_BRBR,Broad Branch,38.94497346,-77.05040564,Stream,TotalDP,Total Dissolved Phosphorus,"Total Dissolved Phosphorus, mixed forms",TotalDP,Total Dissolved Phosphorus,mg/L,,,numeric,,,,,,True,False,False
NCRN,ROCR,Rock Creek,Rock Creek Park,NCRN_ROCR_BRBR,NCRN_ROCR_BRBR,Broad Branch,38.94497346,-77.05040564,Stream,Ammonia,Ammonia,Ammonia,Ammonia,Ammonia,mg/L,,,numeric,,,,,,True,False,False
NCRN,ROCR,Rock Creek,Rock Creek Park,NCRN_ROCR_BRBR,NCRN_ROCR_BRBR,Broad Branch,38.94497346,-77.05040564,Stream,Nitrate,Nitrate,Nitrate,Nitrate,Nitrate,mg/L,,2.0,numeric,,Acceptable nitrate is less than or equal to 2.0 mg/L in nutrient ecoregion IX.,EPA 2000,,>,True,False,False
NCRN,ROCR,Rock Creek,Rock Creek Park,NCRN_ROCR_BRBR,NCRN_ROCR_BRBR,Broad Branch,38.94497346,-77.05040564,Stream,Weather,Weather,Weather condition (WMO code 4501) (choice list),Weather,Weather Conditions,,,,factor,,,,,,True,False,False
NCRN,ROCR,Rock Creek,Rock Creek Park,NCRN_ROCR_BRBR,NCRN_ROCR_BRBR,Broad Branch,38.94497346,-77.05040564,Stream,Algae,Algae,"Substrate algae, % (choice list)",Algae,Algae,,,,factor,,,,,,True,False,False
NCRN,ROCR,Rock Creek,Rock Creek Park,NCRN_ROCR_BRBR,NCRN_ROCR_BRBR,Broad Branch,38.94497346,-77.05040564,Stream,AlgaeColor,Algae Color,Substrate algae color,AlgaeColor,Algae Color,,,,factor,,,,,,True,False,False
NCRN,ROCR,Rock Creek,Rock Creek Park,NCRN_ROCR_BRBR,NCRN_ROCR_BRBR,Broad Branch,38.94497346,-77.05040564,Stream,WaterAppearance,Water Appearance,Water appearance (text),WaterAppearance,Water Appearance,,,,factor,,,,,,True,False,False
NCRN,ROCR,Rock Creek,Rock Creek Park,NCRN_ROCR_BRBR,NCRN_ROCR_BRBR,Broad Branch,38.94497346,-77.05040564,Stream,FlowCondition,Flow Condition,Stream flow (choice list),FlowCondition,Flow Condition,,,,factor,,,,,,True,False,False
NCRN,ROCR,Rock Creek,Rock Creek Park,NCRN_ROCR_BRBR,NCRN_ROCR_BRBR,Broad Branch,38.94497346,-77.05040564,Stream,Orthophosphate,Orthophosphate,Orthophosphate,Orthophosphate,Orthophosphate,mg/L,,,numeric,,,,,,True,False,False
NCRN,ROCR,Rock Creek,Rock Creek Park,NCRN_ROCR_BRBR,NCRN_ROCR_BRBR,Broad Branch,38.94497346,-77.05040564,Stream,Turbidity,Turbidity,Turbidity,Turbidity,Turbidity,ntu,,,numeric,,,,,,True,False,False
NCRN,ROCR,Rock Creek,Rock Creek Park,NCRN_ROCR_DUOA,NCRN_ROCR_DUOA,Dumbarton Oaks,38.91587369,-77.05914449,Stream,AirTemp,Air Temperature,"Temperature, air",AirTemp,Air Temperature,°C,,,numeric,,,,,,True,True,True
NCRN,ROCR,Rock Creek,Rock Creek Park,NCRN_ROCR_DUOA,NCRN_ROCR_DUOA,Dumbarton Oaks,38.91587369,-77.05914449,Stream,Discharge,Discharge,Base flow discharge,Discharge,Discharge,cfs,,,numeric,,,,,,True,True,True
NCRN,ROCR,Rock Creek,Rock Creek Park,NCRN_ROCR_DUOA,NCRN_ROCR_DUOA,Dumbarton Oaks,38.91587369,-77.05914449,Stream,Depth,Depth,Cross-Section Depth,Depth,Depth,ft,,,numeric,,,,,,True,True,True
NCRN,ROCR,Rock Creek,Rock Creek Park,NCRN_ROCR_DUOA,NCRN_ROCR_DUOA,Dumbarton Oaks,38.91587369,-77.05914449,Stream,WaterTemp,Water Temperature,"Temperature, water",WaterTemp,Water Temperature,°C,,32.0,numeric,,Acceptable water temperature is below 32 degrees C for warm water streams.,"District DOE, 2010, State of MD 2010, State of WV 2011, VA Water Control Board 2011",,>=,True,True,True
NCRN,ROCR,Rock Creek,Rock Creek Park,NCRN_ROCR_DUOA,NCRN_ROCR_DUOA,Dumbarton Oaks,38.91587369,-77.05914449,Stream,SC,Specific Conductance,Specific conductance,SC,Specific Conductance,µS/cm,,171.0,numeric,,Acceptable specific conductance is below 171 uS/cm.,Morgan et al. 2007,,>=,True,True,True
NCRN,ROCR,Rock Creek,Rock Creek Park,NCRN_ROCR_DUOA,NCRN_ROCR_DUOA,Dumbarton Oaks,38.91587369,-77.05914449,Stream,pH,pH,pH,pH,pH,pH Units,6.0,9.0,numeric,Acceptable pH is greater than or equal to 6.,Acceptable pH is less than or equal to 9.,"District DOE, 2010, State of MD 2010, State of WV 2011, VA Water Control Board 2011",<,>,True,True,True
NCRN,ROCR,Rock Creek,Rock Creek Park,NCRN_ROCR_DUOA,NCRN_ROCR_DUOA,Dumbarton Oaks,38.91587369,-77.05914449,Stream,DOmg,DO Concentration,Dissolved oxygen (DO),DOmg,Dissolved Oxygen,mg/L,5.0,,numeric,Acceptable dissolved oxygen is above 5.0 mg/L for warm water streams and above 6.0 mg/L for cold water streams.,,"District DOE, 2010, State of MD 2010, State of WV 2011, VA Water Control Board 2011",<=,,True,True,True
NCRN,ROCR,Rock Creek,Rock Creek Park,NCRN_ROCR_DUOA,NCRN_ROCR_DUOA,Dumbarton Oaks,38.91587369,-77.05914449,Stream,DOper,DO Saturation,Dissolved oxygen saturation,DOper,Dissolved Oxygen,percent,,,numeric,,,,,,True,True,True
NCRN,ROCR,Rock Creek,Rock Creek Park,NCRN_ROCR_DUOA,NCRN_ROCR_DUOA,Dumbarton Oaks,38.91587369,-77.05914449,Stream,ANC,ANC,Acid Neutralizing Capacity (ANC),ANC,Acid Neutralizing Capacity,µeq/L,200.0,,numeric,Acceptable acid neutralizing capacity is above 200 ueq/L for non-karst terrain.,,Weeks et al. 2007,<=,,True,True,True
NCRN,ROCR,Rock Creek,Rock Creek Park,NCRN_ROCR_DUOA,NCRN_ROCR_DUOA,Dumbarton Oaks,38.91587369,-77.05914449,Stream,WetWidth,Wetted Width,Wetted Width,WetWidth,Wetted Width,ft,,,numeric,,,,,,True,True,True
NCRN,ROCR,Rock Creek,Rock Creek Park,NCRN_ROCR_DUOA,NCRN_ROCR_DUOA,Dumbarton Oaks,38.91587369,-77.05914449,Stream,Velocity,Stream Velocity,Velocity - stream,Velocity,Velocity,ft/s,,,numeric,,,,,,True,True,True
NCRN,ROCR,Rock Creek,Rock Creek Park,NCRN_ROCR_DUOA,NCRN_ROCR_DUOA,Dumbarton Oaks,38.91587369,-77.05914449,Stream,AirPress,Air Pressure,Barometric pressure,AirPress,Air Pressure,mm Hg,,,numeric,,,,,,True,True,True
NCRN,ROCR,Rock Creek,Rock Creek Park,NCRN_ROCR_DUOA,NCRN_ROCR_DUOA,Dumbarton Oaks,38.91587369,-77.05914449,Stream,Conductivity,Conductivity,Conductivity,Conductivity,Conductivity,µS/cm,,,numeric,,,,,,True,True,True
NCRN,ROCR,Rock Creek,Rock Creek Park,NCRN_ROCR_DUOA,NCRN_ROCR_DUOA,Dumbarton Oaks,38.91587369,-77.05914449,Stream,Salinity,Salinity,Salinity,Salinity,Salinity,ppt,,0.5,numeric,,Acceptable salinity is less than or equal to 0.5 ppt.,Ramasamy et al. 2014,,>,True,True,True
NCRN,ROCR,Rock Creek,Rock Creek Park,NCRN_ROCR_DUOA,NCRN_ROCR_DUOA,Dumbarton Oaks,38.91587369,-77.05914449,Stream,TDS,Total Dissolved Solids,Total dissolved solids,TDS,Total Dissolved Solids,mg/L,,,numeric,,,,,,True,True,True
NCRN,ROCR,Rock Creek,Rock Creek Park,NCRN_ROCR_DUOA,NCRN_ROCR_DUOA,Dumbarton Oaks,38.91587369,-77.05914449,Stream,TotalN,Total Nitrogen,"Total Nitrogen, mixed forms",TotalN,Total Nitrogen,mg/L,,0.69,numeric,,Acceptable total nitrogen is less than or equal to 0.69 mg/L in nutrient ecoregion IX.,EPA 2000,,>,True,True,True
NCRN,ROCR,Rock Creek,Rock Creek Park,NCRN_ROCR_DUOA,NCRN_ROCR_DUOA,Dumbarton Oaks,38.91587369,-77.05914449,Stream,TotalP,Total Phosphorus,"Total Phosphorus, mixed forms",TotalP,Total Phosphorus,mg/L,,0.037,numeric,,Acceptable phosphorus is less than or equal to 0.037 mg/L in nutrient ecoregion IX.,EPA 2000,,>,True,False,False
NCRN,ROCR,Rock Creek,Rock Creek Park,NCRN_ROCR_DUOA,NCRN_ROCR_DUOA,Dumbarton Oaks,38.91587369,-77.05914449,Stream,TotalDN,Total Dissolved Nitrogen,"Total Dissolved Nitrogen, mixed forms",TotalDN,Total Dissolved Nitrogen,mg/L,,,numeric,,,,,,True,False,False
NCRN,ROCR,Rock Creek,Rock Creek Park,NCRN_ROCR_DUOA,NCRN_ROCR_DUOA,Dumbarton Oaks,38.91587369,-77.05914449,Stream,TotalDP,Total Dissolved Phosphorus,"Total Dissolved Phosphorus, mixed forms",TotalDP,Total Dissolved Phosphorus,mg/L,,,numeric,,,,,,True,False,False
NCRN,ROCR,Rock Creek,Rock Creek Park,NCRN_ROCR_DUOA,NCRN_ROCR_DUOA,Dumbarton Oaks,38.91587369,-77.05914449,Stream,Ammonia,Ammonia,Ammonia,Ammonia,Ammonia,mg/L,,,numeric,,,,,,True,False,False
NCRN,ROCR,Rock Creek,Rock Creek Park,NCRN_ROCR_DUOA,NCRN_ROCR_DUOA,Dumbarton Oaks,38.91587369,-77.05914449,Stream,Nitrate,Nitrate,Nitrate,Nitrate,Nitrate,mg/L,,2.0,numeric,,Acceptable nitrate is less than or equal to 2.0 mg/L in nutrient ecoregion IX.,EPA 2000,,>,True,False,False
NCRN,ROCR,Rock Creek,Rock Creek Park,NCRN_ROCR_DUOA,NCRN_ROCR_DUOA,Dumbarton Oaks,38.91587369,-77.05914449,Stream,Weather,Weather,Weather condition (WMO code 4501) (choice list),Weather,Weather Conditions,,,,factor,,,,,,True,False,False
NCRN,ROCR,Rock Creek,Rock Creek Park,NCRN_ROCR_DUOA,NCRN_ROCR_DUOA,Dumbarton Oaks,38.91587369,-77.05914449,Stream,Algae,Algae,"Substrate algae, % (choice list)",Algae,Algae,,,,factor,,,,,,True,False,False
NCRN,ROCR,Rock Creek,Rock Creek Park,NCRN_ROCR_DUOA,NCRN_ROCR_DUOA,Dumbarton Oaks,38.91587369,-77.05914449,Stream,AlgaeColor,Algae Color,Substrate algae color,AlgaeColor,Algae Color,,,,factor,,,,,,True,False,False
NCRN,ROCR,Rock Creek,Rock Creek Park,NCRN_ROCR_DUOA,NCRN_ROCR_DUOA,Dumbarton Oaks,38.91587369,-77.05914449,Stream,WaterAppearance,Water Appearance,Water appearance (text),WaterAppearance,Water Appearance,,,,factor,,,,,,True,False,False
NCRN,ROCR,Rock Creek,Rock Creek Park,NCRN_ROCR_DUOA,NCRN_ROCR_DUOA,Dumbarton Oaks,38.91587369,-77.05914449,Stream,FlowCondition,Flow Condition,Stream flow (choice list),FlowCondition,Flow Condition,,,,factor,,,,,,True,False,False
NCRN,ROCR,Rock Creek,Rock Creek Park,NCRN_ROCR_DUOA,NCRN_ROCR_DUOA,Dumbarton Oaks,38.91587369,-77.05914449,Stream,Orthophosphate,Orthophosphate,Orthophosphate,Orthophosphate,Orthophosphate,mg/L,,,numeric,,,,,,True,False,False
NCRN,ROCR,Rock Creek,Rock Creek Park,NCRN_ROCR_DUOA,NCRN_ROCR_DUOA,Dumbarton Oaks,38.91587369,-77.05914449,Stream,Turbidity,Turbidity,Turbidity,Turbidity,Turbidity,ntu,,,numeric,,,,,,True,False,False
NCRN,ROCR,Rock Creek,Rock Creek Park,NCRN_ROCR_EGWA,NCRN_ROCR_EGWA,Rock Creek Downstream of Edgewater Stables,38.92091035,-77.05046543,Stream,AirTemp,Air Temperature,"Temperature, air",AirTemp,Air Temperature,°C,,,numeric,,,,,,False,True,False
NCRN,ROCR,Rock Creek,Rock Creek Park,NCRN_ROCR_EGWA,NCRN_ROCR_EGWA,Rock Creek Downstream of Edgewater Stables,38.92091035,-77.05046543,Stream,Discharge,Discharge,Base flow discharge,Discharge,Discharge,cfs,,,numeric,,,,,,False,True,False
NCRN,ROCR,Rock Creek,Rock Creek Park,NCRN_ROCR_EGWA,NCRN_ROCR_EGWA,Rock Creek Downstream of Edgewater Stables,38.92091035,-77.05046543,Stream,Depth,Depth,Cross-Section Depth,Depth,Depth,ft,,,numeric,,,,,,False,True,False
NCRN,ROCR,Rock Creek,Rock Creek Park,NCRN_ROCR_EGWA,NCRN_ROCR_EGWA,Rock Creek Downstream of Edgewater Stables,38.92091035,-77.05046543,Stream,WaterTemp,Water Temperature,"Temperature, water",WaterTemp,Water Temperature,°C,,32.0,numeric,,Acceptable water temperature is below 32 degrees C for warm water streams.,"District DOE, 2010, State of MD 2010, State of WV 2011, VA Water Control Board 2011",,>=,False,True,False
NCRN,ROCR,Rock Creek,Rock Creek Park,NCRN_ROCR_EGWA,NCRN_ROCR_EGWA,Rock Creek Downstream of Edgewater Stables,38.92091035,-77.05046543,Stream,SC,Specific Conductance,Specific conductance,SC,Specific Conductance,µS/cm,,171.0,numeric,,Acceptable specific conductance is below 171 uS/cm.,Morgan et al. 2007,,>=,False,True,False
NCRN,ROCR,Rock Creek,Rock Creek Park,NCRN_ROCR_EGWA,NCRN_ROCR_EGWA,Rock Creek Downstream of Edgewater Stables,38.92091035,-77.05046543,Stream,pH,pH,pH,pH,pH,pH Units,6.0,9.0,numeric,Acceptable pH is greater than or equal to 6.,Acceptable pH is less than or equal to 9.,"District DOE, 2010, State of MD 2010, State of WV 2011, VA Water Control Board 2011",<,>,False,True,False
NCRN,ROCR,Rock Creek,Rock Creek Park,NCRN_ROCR_EGWA,NCRN_ROCR_EGWA,Rock Creek Downstream of Edgewater Stables,38.92091035,-77.05046543,Stream,DOmg,DO Concentration,Dissolved oxygen (DO),DOmg,Dissolved Oxygen,mg/L,5.0,,numeric,Acceptable dissolved oxygen is above 5.0 mg/L for warm water streams and above 6.0 mg/L for cold water streams.,,"District DOE, 2010, State of MD 2010, State of WV 2011, VA Water Control Board 2011",<=,,False,True,False
NCRN,ROCR,Rock Creek,Rock Creek Park,NCRN_ROCR_EGWA,NCRN_ROCR_EGWA,Rock Creek Downstream of Edgewater Stables,38.92091035,-77.05046543,Stream,DOper,DO Saturation,Dissolved oxygen saturation,DOper,Dissolved Oxygen,percent,,,numeric,,,,,,False,True,False
NCRN,ROCR,Rock Creek,Rock Creek Park,NCRN_ROCR_EGWA,NCRN_ROCR_EGWA,Rock Creek Downstream of Edgewater Stables,38.92091035,-77.05046543,Stream,ANC,ANC,Acid Neutralizing Capacity (ANC),ANC,Acid Neutralizing Capacity,µeq/L,200.0,,numeric,Acceptable acid neutralizing capacity is above 200 ueq/L for non-karst terrain.,,Weeks et al. 2007,<=,,False,True,False
NCRN,ROCR,Rock Creek,Rock Creek Park,NCRN_ROCR_EGWA,NCRN_ROCR_EGWA,Rock Creek Downstream of Edgewater Stables,38.92091035,-77.05046543,Stream,WetWidth,Wetted Width,Wetted Width,WetWidth,Wetted Width,ft,,,numeric,,,,,,False,True,False
NCRN,ROCR,Rock Creek,Rock Creek Park,NCRN_ROCR_EGWA,NCRN_ROCR_EGWA,Rock Creek Downstream of Edgewater Stables,38.92091035,-77.05046543,Stream,Velocity,Stream Velocity,Velocity - stream,Velocity,Velocity,ft/s,,,numeric,,,,,,False,True,False
NCRN,ROCR,Rock Creek,Rock Creek Park,NCRN_ROCR_EGWA,NCRN_ROCR_EGWA,Rock Creek Downstream of Edgewater Stables,38.92091035,-77.05046543,Stream,AirPress,Air Pressure,Barometric pressure,AirPress,Air Pressure,mm Hg,,,numeric,,,,,,False,True,False
NCRN,ROCR,Rock Creek,Rock Creek Park,NCRN_ROCR_EGWA,NCRN_ROCR_EGWA,Rock Creek Downstream of Edgewater Stables,38.92091035,-77.05046543,Stream,Conductivity,Conductivity,Conductivity,Conductivity,Conductivity,µS/cm,,,numeric,,,,,,False,True,False
NCRN,ROCR,Rock Creek,Rock Creek Park,NCRN_ROCR_EGWA,NCRN_ROCR_EGWA,Rock Creek Downstream of Edgewater Stables,38.92091035,-77.05046543,Stream,Salinity,Salinity,Salinity,Salinity,Salinity,ppt,,0.5,numeric,,Acceptable salinity is less than or equal to 0.5 ppt.,Ramasamy et al. 2014,,>,False,True,False
NCRN,ROCR,Rock Creek,Rock Creek Park,NCRN_ROCR_EGWA,NCRN_ROCR_EGWA,Rock Creek Downstream of Edgewater Stables,38.92091035,-77.05046543,Stream,TDS,Total Dissolved Solids,Total dissolved solids,TDS,Total Dissolved Solids,mg/L,,,numeric,,,,,,False,True,False
NCRN,ROCR,Rock Creek,Rock Creek Park,NCRN_ROCR_EGWA,NCRN_ROCR_EGWA,Rock Creek Downstream of Edgewater Stables,38.92091035,-77.05046543,Stream,TotalN,Total Nitrogen,"Total Nitrogen, mixed forms",TotalN,Total Nitrogen,mg/L,,0.69,numeric,,Acceptable total nitrogen is less than or equal to 0.69 mg/L in nutrient ecoregion IX.,EPA 2000,,>,False,True,False
NCRN,ROCR,Rock Creek,Rock Creek Park,NCRN_ROCR_EGWA,NCRN_ROCR_EGWA,Rock Creek Downstream of Edgewater Stables,38.92091035,-77.05046543,Stream,TotalP,Total Phosphorus,"Total Phosphorus, mixed forms",TotalP,Total Phosphorus,mg/L,,0.037,numeric,,Acceptable phosphorus is less than or equal to 0.037 mg/L in nutrient ecoregion IX.,EPA 2000,,>,False,False,False
NCRN,ROCR,Rock Creek,Rock Creek Park,NCRN_ROCR_EGWA,NCRN_ROCR_EGWA,Rock Creek Downstream of Edgewater Stables,38.92091035,-77.05046543,Stream,TotalDN,Total Dissolved Nitrogen,"Total Dissolved Nitrogen, mixed forms",TotalDN,Total Dissolved Nitrogen,mg/L,,,numeric,,,,,,False,False,False
NCRN,ROCR,Rock Creek,Rock Creek Park,NCRN_ROCR_EGWA,NCRN_ROCR_EGWA,Rock Creek Downstream of Edgewater Stables,38.92091035,-77.05046543,Stream,TotalDP,Total Dissolved Phosphorus,"Total Dissolved Phosphorus, mixed forms",TotalDP,Total Dissolved Phosphorus,mg/L,,,numeric,,,,,,False,False,False
NCRN,ROCR,Rock Creek,Rock Creek Park,NCRN_ROCR_EGWA,NCRN_ROCR_EGWA,Rock Creek Downstream of Edgewater Stables,38.92091035,-77.05046543,Stream,Ammonia,Ammonia,Ammonia,Ammonia,Ammonia,mg/L,,,numeric,,,,,,False,False,False
NCRN,ROCR,Rock Creek,Rock Creek Park,NCRN_ROCR_EGWA,NCRN_ROCR_EGWA,Rock Creek Downstream of Edgewater Stables,38.92091035,-77.05046543,Stream,Nitrate,Nitrate,Nitrate,Nitrate,Nitrate,mg/L,,2.0,numeric,,Acceptable nitrate is less than or equal to 2.0 mg/L in nutrient ecoregion IX.,EPA 2000,,>,False,False,False
NCRN,ROCR,Rock Creek,Rock Creek Park,NCRN_ROCR_EGWA,NCRN_ROCR_EGWA,Rock Creek Downstream of Edgewater Stables,38.92091035,-77.05046543,Stream,Weather,Weather,Weather condition (WMO code 4501) (choice list),Weather,Weather Conditions,,,,factor,,,,,,False,False,False
NCRN,ROCR,Rock Creek,Rock Creek Park,NCRN_ROCR_EGWA,NCRN_ROCR_EGWA,Rock Creek Downstream of Edgewater Stables,38.92091035,-77.05046543,Stream,Algae,Algae,"Substrate algae, % (choice list)",Algae,Algae,,,,factor,,,,,,False,False,False
NCRN,ROCR,Rock Creek,Rock Creek Park,NCRN_ROCR_EGWA,NCRN_ROCR_EGWA,Rock Creek Downstream of Edgewater Stables,38.92091035,-77.05046543,Stream,AlgaeColor,Algae Color,Substrate algae color,AlgaeColor,Algae Color,,,,factor,,,,,,False,False,False
NCRN,ROCR,Rock Creek,Rock Creek Park,NCRN_ROCR_EGWA,NCRN_ROCR_EGWA,Rock Creek Downstream of Edgewater Stables,38.92091035,-77.05046543,Stream,WaterAppearance,Water Appearance,Water appearance (text),WaterAppearance,Water Appearance,,,,factor,,,,,,False,False,False
NCRN,ROCR,Rock Creek,Rock Creek Park,NCRN_ROCR_EGWA,NCRN_ROCR_EGWA,Rock Creek Downstream of Edgewater Stables,38.92091035,-77.05046543,Stream,FlowCondition,Flow Condition,Stream flow (choice list),FlowCondition,Flow Condition,,,,factor,,,,,,False,False,False
NCRN,ROCR,Rock Creek,Rock Creek Park,NCRN_ROCR_EGWA,NCRN_ROCR_EGWA,Rock Creek Downstream of Edgewater Stables,38.92091035,-77.05046543,Stream,Orthophosphate,Orthophosphate,Orthophosphate,Orthophosphate,Orthophosphate,mg/L,,,numeric,,,,,,False,False,False
NCRN,ROCR,Rock Creek,Rock Creek Park,NCRN_ROCR_EGWA,NCRN_ROCR_EGWA,Rock Creek Downstream of Edgewater Stables,38.92091035,-77.05046543,Stream,Turbidity,Turbidity,Turbidity,Turbidity,Turbidity,ntu,,,numeric,,,,,,False,False,False
NCRN,ROCR,Rock Creek,Rock Creek Park,NCRN_ROCR_FEBR,NCRN_ROCR_FEBR,Fenwick Branch,38.98462007,-77.04224753,Stream,AirTemp,Air Temperature,"Temperature, air",AirTemp,Air Temperature,°C,,,numeric,,,,,,True,True,True
NCRN,ROCR,Rock Creek,Rock Creek Park,NCRN_ROCR_FEBR,NCRN_ROCR_FEBR,Fenwick Branch,38.98462007,-77.04224753,Stream,Discharge,Discharge,Base flow discharge,Discharge,Discharge,cfs,,,numeric,,,,,,True,True,True
NCRN,ROCR,Rock Creek,Rock Creek Park,NCRN_ROCR_FEBR,NCRN_ROCR_FEBR,Fenwick Branch,38.98462007,-77.04224753,Stream,Depth,Depth,Cross-Section Depth,Depth,Depth,ft,,,numeric,,,,,,True,True,True
NCRN,ROCR,Rock Creek,Rock Creek Park,NCRN_ROCR_FEBR,NCRN_ROCR_FEBR,Fenwick Branch,38.98462007,-77.04224753,Stream,WaterTemp,Water Temperature,"Temperature, water",WaterTemp,Water Temperature,°C,,32.0,numeric,,Acceptable water temperature is below 32 degrees C for warm water streams.,"District DOE, 2010, State of MD 2010, State of WV 2011, VA Water Control Board 2011",,>=,True,True,True
NCRN,ROCR,Rock Creek,Rock Creek Park,NCRN_ROCR_FEBR,NCRN_ROCR_FEBR,Fenwick Branch,38.98462007,-77.04224753,Stream,SC,Specific Conductance,Specific conductance,SC,Specific Conductance,µS/cm,,171.0,numeric,,Acceptable specific conductance is below 171 uS/cm.,Morgan et al. 2007,,>=,True,True,True
NCRN,ROCR,Rock Creek,Rock Creek Park,NCRN_ROCR_FEBR,NCRN_ROCR_FEBR,Fenwick Branch,38.98462007,-77.04224753,Stream,pH,pH,pH,pH,pH,pH Units,6.0,9.0,numeric,Acceptable pH is greater than or equal to 6.,Acceptable pH is less than or equal to 9.,"District DOE, 2010, State of MD 2010, State of WV 2011, VA Water Control Board 2011",<,>,True,True,True
NCRN,ROCR,Rock Creek,Rock Creek Park,NCRN_ROCR_FEBR,NCRN_ROCR_FEBR,Fenwick Branch,38.98462007,-77.04224753,Stream,DOmg,DO Concentration,Dissolved oxygen (DO),DOmg,Dissolved Oxygen,mg/L,5.0,,numeric,Acceptable dissolved oxygen is above 5.0 mg/L for warm water streams and above 6.0 mg/L for cold water streams.,,"District DOE, 2010, State of MD 2010, State of WV 2011, VA Water Control Board 2011",<=,,True,True,True
NCRN,ROCR,Rock Creek,Rock Creek Park,NCRN_ROCR_FEBR,NCRN_ROCR_FEBR,Fenwick Branch,38.98462007,-77.04224753,Stream,DOper,DO Saturation,Dissolved oxygen saturation,DOper,Dissolved Oxygen,percent,,,numeric,,,,,,True,True,True
NCRN,ROCR,Rock Creek,Rock Creek Park,NCRN_ROCR_FEBR,NCRN_ROCR_FEBR,Fenwick Branch,38.98462007,-77.04224753,Stream,ANC,ANC,Acid Neutralizing Capacity (ANC),ANC,Acid Neutralizing Capacity,µeq/L,200.0,,numeric,Acceptable acid neutralizing capacity is above 200 ueq/L for non-karst terrain.,,Weeks et al. 2007,<=,,True,True,True
NCRN,ROCR,Rock Creek,Rock Creek Park,NCRN_ROCR_FEBR,NCRN_ROCR_FEBR,Fenwick Branch,38.98462007,-77.04224753,Stream,WetWidth,Wetted Width,Wetted Width,WetWidth,Wetted Width,ft,,,numeric,,,,,,True,True,True
NCRN,ROCR,Rock Creek,Rock Creek Park,NCRN_ROCR_FEBR,NCRN_ROCR_FEBR,Fenwick Branch,38.98462007,-77.04224753,Stream,Velocity,Stream Velocity,Velocity - stream,Velocity,Velocity,ft/s,,,numeric,,,,,,True,True,True
NCRN,ROCR,Rock Creek,Rock Creek Park,NCRN_ROCR_FEBR,NCRN_ROCR_FEBR,Fenwick Branch,38.98462007,-77.04224753,Stream,AirPress,Air Pressure,Barometric pressure,AirPress,Air Pressure,mm Hg,,,numeric,,,,,,True,True,True
NCRN,ROCR,Rock Creek,Rock Creek Park,NCRN_ROCR_FEBR,NCRN_ROCR_FEBR,Fenwick Branch,38.98462007,-77.04224753,Stream,Conductivity,Conductivity,Conductivity,Conductivity,Conductivity,µS/cm,,,numeric,,,,,,True,True,True
NCRN,ROCR,Rock Creek,Rock Creek Park,NCRN_ROCR_FEBR,NCRN_ROCR_FEBR,Fenwick Branch,38.98462007,-77.04224753,Stream,Salinity,Salinity,Salinity,Salinity,Salinity,ppt,,0.5,numeric,,Acceptable salinity is less than or equal to 0.5 ppt.,Ramasamy et al. 2014,,>,True,True,True
NCRN,ROCR,Rock Creek,Rock Creek Park,NCRN_ROCR_FEBR,NCRN_ROCR_FEBR,Fenwick Branch,38.98462007,-77.04224753,Stream,TDS,Total Dissolved Solids,Total dissolved solids,TDS,Total Dissolved Solids,mg/L,,,numeric,,,,,,True,True,True
NCRN,ROCR,Rock Creek,Rock Creek Park,NCRN_ROCR_FEBR,NCRN_ROCR_FEBR,Fenwick Branch,38.98462007,-77.04224753,Stream,TotalN,Total Nitrogen,"Total Nitrogen, mixed forms",TotalN,Total Nitrogen,mg/L,,0.69,numeric,,Acceptable total nitrogen is less than or equal to 0.69 mg/L in nutrient ecoregion IX.,EPA 2000,,>,True,True,True
NCRN,ROCR,Rock Creek,Rock Creek Park,NCRN_ROCR_FEBR,NCRN_ROCR_FEBR,Fenwick Branch,38.98462007,-77.04224753,Stream,TotalP,Total Phosphorus,"Total Phosphorus, mixed forms",TotalP,Total Phosphorus,mg/L,,0.037,numeric,,Acceptable phosphorus is less than or equal to 0.037 mg/L in nutrient ecoregion IX.,EPA 2000,,>,True,False,False
NCRN,ROCR,Rock Creek,Rock Creek Park,NCRN_ROCR_FEBR,NCRN_ROCR_FEBR,Fenwick Branch,38.98462007,-77.04224753,Stream,TotalDN,Total Dissolved Nitrogen,"Total Dissolved Nitrogen, mixed forms",TotalDN,Total Dissolved Nitrogen,mg/L,,,numeric,,,,,,True,False,False
NCRN,ROCR,Rock Creek,Rock Creek Park,NCRN_ROCR_FEBR,NCRN_ROCR_FEBR,Fenwick Branch,38.98462007,-77.04224753,Stream,TotalDP,Total Dissolved Phosphorus,"Total Dissolved Phosphorus, mixed forms",TotalDP,Total Dissolved Phosphorus,mg/L,,,numeric,,,,,,True,False,False
NCRN,ROCR,Rock Creek,Rock Creek Park,NCRN_ROCR_FEBR,NCRN_ROCR_FEBR,Fenwick Branch,38.98462007,-77.04224753,Stream,Ammonia,Ammonia,Ammonia,Ammonia,Ammonia,mg/L,,,numeric,,,,,,True,False,False
NCRN,ROCR,Rock Creek,Rock Creek Park,NCRN_ROCR_FEBR,NCRN_ROCR_FEBR,Fenwick Branch,38.98462007,-77.04224753,Stream,Nitrate,Nitrate,Nitrate,Nitrate,Nitrate,mg/L,,2.0,numeric,,Acceptable nitrate is less than or equal to 2.0 mg/L in nutrient ecoregion IX.,EPA 2000,,>,True,False,False
NCRN,ROCR,Rock Creek,Rock Creek Park,NCRN_ROCR_FEBR,NCRN_ROCR_FEBR,Fenwick Branch,38.98462007,-77.04224753,Stream,Weather,Weather,Weather condition (WMO code 4501) (choice list),Weather,Weather Conditions,,,,factor,,,,,,True,False,False
NCRN,ROCR,Rock Creek,Rock Creek Park,NCRN_ROCR_FEBR,NCRN_ROCR_FEBR,Fenwick Branch,38.98462007,-77.04224753,Stream,Algae,Algae,"Substrate algae, % (choice list)",Algae,Algae,,,,factor,,,,,,True,False,False
NCRN,ROCR,Rock Creek,Rock Creek Park,NCRN_ROCR_FEBR,NCRN_ROCR_FEBR,Fenwick Branch,38.98462007,-77.04224753,Stream,AlgaeColor,Algae Color,Substrate algae color,AlgaeColor,Algae Color,,,,factor,,,,,,True,False,False
NCRN,ROCR,Rock Creek,Rock Creek Park,NCRN_ROCR_FEBR,NCRN_ROCR_FEBR,Fenwick Branch,38.98462007,-77.04224753,Stream,WaterAppearance,Water Appearance,Water appearance (text),WaterAppearance,Water Appearance,,,,factor,,,,,,True,False,False
NCRN,ROCR,Rock Creek,Rock Creek Park,NCRN_ROCR_FEBR,NCRN_ROCR_FEBR,Fenwick Branch,38.98462007,-77.04224753,Stream,FlowCondition,Flow Condition,Stream flow (choice list),FlowCondition,Flow Condition,,,,factor,,,,,,True,False,False
NCRN,ROCR,Rock Creek,Rock Creek Park,NCRN_ROCR_FEBR,NCRN_ROCR_FEBR,Fenwick Branch,38.98462007,-77.04224753,Stream,Orthophosphate,Orthophosphate,Orthophosphate,Orthophosphate,Orthophosphate,mg/L,,,numeric,,,,,,True,False,False
NCRN,ROCR,Rock Creek,Rock Creek Park,NCRN_ROCR_FEBR,NCRN_ROCR_FEBR,Fenwick Branch,38.98462007,-77.04224753,Stream,Turbidity,Turbidity,Turbidity,Turbidity,Turbidity,ntu,,,numeric,,,,,,True,False,False
NCRN,ROCR,Rock Creek,Rock Creek Park,NCRN_ROCR_KLVA,NCRN_ROCR_KLVA,Klingle Valley,38.93337231,-77.05182479,Stream,AirTemp,Air Temperature,"Temperature, air",AirTemp,Air Temperature,°C,,,numeric,,,,,,True,True,True
NCRN,ROCR,Rock Creek,Rock Creek Park,NCRN_ROCR_KLVA,NCRN_ROCR_KLVA,Klingle Valley,38.93337231,-77.05182479,Stream,Discharge,Discharge,Base flow discharge,Discharge,Discharge,cfs,,,numeric,,,,,,True,True,True
NCRN,ROCR,Rock Creek,Rock Creek Park,NCRN_ROCR_KLVA,NCRN_ROCR_KLVA,Klingle Valley,38.93337231,-77.05182479,Stream,Depth,Depth,Cross-Section Depth,Depth,Depth,ft,,,numeric,,,,,,True,True,True
NCRN,ROCR,Rock Creek,Rock Creek Park,NCRN_ROCR_KLVA,NCRN_ROCR_KLVA,Klingle Valley,38.93337231,-77.05182479,Stream,WaterTemp,Water Temperature,"Temperature, water",WaterTemp,Water Temperature,°C,,32.0,numeric,,Acceptable water temperature is below 32 degrees C for warm water streams.,"District DOE, 2010, State of MD 2010, State of WV 2011, VA Water Control Board 2011",,>=,True,True,True
NCRN,ROCR,Rock Creek,Rock Creek Park,NCRN_ROCR_KLVA,NCRN_ROCR_KLVA,Klingle Valley,38.93337231,-77.05182479,Stream,SC,Specific Conductance,Specific conductance,SC,Specific Conductance,µS/cm,,171.0,numeric,,Acceptable specific conductance is below 171 uS/cm.,Morgan et al. 2007,,>=,True,True,True
NCRN,ROCR,Rock Creek,Rock Creek Park,NCRN_ROCR_KLVA,NCRN_ROCR_KLVA,Klingle Valley,38.93337231,-77.05182479,Stream,pH,pH,pH,pH,pH,pH Units,6.0,9.0,numeric,Acceptable pH is greater than or equal to 6.,Acceptable pH is less than or equal to 9.,"District DOE, 2010, State of MD 2010, State of WV 2011, VA Water Control Board 2011",<,>,True,True,True
NCRN,ROCR,Rock Creek,Rock Creek Park,NCRN_ROCR_KLVA,NCRN_ROCR_KLVA,Klingle Valley,38.93337231,-77.05182479,Stream,DOmg,DO Concentration,Dissolved oxygen (DO),DOmg,Dissolved Oxygen,mg/L,5.0,,numeric,Acceptable dissolved oxygen is above 5.0 mg/L for warm water streams and above 6.0 mg/L for cold water streams.,,"District DOE, 2010, State of MD 2010, State of WV 2011, VA Water Control Board 2011",<=,,True,True,True
NCRN,ROCR,Rock Creek,Rock Creek Park,NCRN_ROCR_KLVA,NCRN_ROCR_KLVA,Klingle Valley,38.93337231,-77.05182479,Stream,DOper,DO Saturation,Dissolved oxygen saturation,DOper,Dissolved Oxygen,percent,,,numeric,,,,,,True,True,True
NCRN,ROCR,Rock Creek,Rock Creek Park,NCRN_ROCR_KLVA,NCRN_ROCR_KLVA,Klingle Valley,38.93337231,-77.05182479,Stream,ANC,ANC,Acid Neutralizing Capacity (ANC),ANC,Acid Neutralizing Capacity,µeq/L,200.0,,numeric,Acceptable acid neutralizing capacity is above 200 ueq/L for non-karst terrain.,,Weeks et al. 2007,<=,,True,True,True
NCRN,ROCR,Rock Creek,Rock Creek Park,NCRN_ROCR_KLVA,NCRN_ROCR_KLVA,Klingle Valley,38.93337231,-77.05182479,Stream,WetWidth,Wetted Width,Wetted Width,WetWidth,Wetted Width,ft,,,numeric,,,,,,True,True,True
NCRN,ROCR,Rock Creek,Rock Creek Park,NCRN_ROCR_KLVA,NCRN_ROCR_KLVA,Klingle Valley,38.93337231,-77.05182479,Stream,Velocity,Stream Velocity,Velocity - stream,Velocity,Velocity,ft/s,,,numeric,,,,,,True,True,True
NCRN,ROCR,Rock Creek,Rock Creek Park,NCRN_ROCR_KLVA,NCRN_ROCR_KLVA,Klingle Valley,38.93337231,-77.05182479,Stream,AirPress,Air Pressure,Barometric pressure,AirPress,Air Pressure,mm Hg,,,numeric,,,,,,True,True,True
NCRN,ROCR,Rock Creek,Rock Creek Park,NCRN_ROCR_KLVA,NCRN_ROCR_KLVA,Klingle Valley,38.93337231,-77.05182479,Stream,Conductivity,Conductivity,Conductivity,Conductivity,Conductivity,µS/cm,,,numeric,,,,,,True,True,True
NCRN,ROCR,Rock Creek,Rock Creek Park,NCRN_ROCR_KLVA,NCRN_ROCR_KLVA,Klingle Valley,38.93337231,-77.05182479,Stream,Salinity,Salinity,Salinity,Salinity,Salinity,ppt,,0.5,numeric,,Acceptable salinity is less than or equal to 0.5 ppt.,Ramasamy et al. 2014,,>,True,True,True
NCRN,ROCR,Rock Creek,Rock Creek Park,NCRN_ROCR_KLVA,NCRN_ROCR_KLVA,Klingle Valley,38.93337231,-77.05182479,Stream,TDS,Total Dissolved Solids,Total dissolved solids,TDS,Total Dissolved Solids,mg/L,,,numeric,,,,,,True,True,True
NCRN,ROCR,Rock Creek,Rock Creek Park,NCRN_ROCR_KLVA,NCRN_ROCR_KLVA,Klingle Valley,38.93337231,-77.05182479,Stream,TotalN,Total Nitrogen,"Total Nitrogen, mixed forms",TotalN,Total Nitrogen,mg/L,,0.69,numeric,,Acceptable total nitrogen is less than or equal to 0.69 mg/L in nutrient ecoregion IX.,EPA 2000,,>,True,True,True
NCRN,ROCR,Rock Creek,Rock Creek Park,NCRN_ROCR_KLVA,NCRN_ROCR_KLVA,Klingle Valley,38.93337231,-77.05182479,Stream,TotalP,Total Phosphorus,"Total Phosphorus, mixed forms",TotalP,Total Phosphorus,mg/L,,0.037,numeric,,Acceptable phosphorus is less than or equal to 0.037 mg/L in nutrient ecoregion IX.,EPA 2000,,>,True,False,False
NCRN,ROCR,Rock Creek,Rock Creek Park,NCRN_ROCR_KLVA,NCRN_ROCR_KLVA,Klingle Valley,38.93337231,-77.05182479,Stream,TotalDN,Total Dissolved Nitrogen,"Total Dissolved Nitrogen, mixed forms",TotalDN,Total Dissolved Nitrogen,mg/L,,,numeric,,,,,,True,False,False
NCRN,ROCR,Rock Creek,Rock Creek Park,NCRN_ROCR_KLVA,NCRN_ROCR_KLVA,Klingle Valley,38.93337231,-77.05182479,Stream,TotalDP,Total Dissolved Phosphorus,"Total Dissolved Phosphorus, mixed forms",TotalDP,Total Dissolved Phosphorus,mg/L,,,numeric,,,,,,True,False,False
NCRN,ROCR,Rock Creek,Rock Creek Park,NCRN_ROCR_KLVA,NCRN_ROCR_KLVA,Klingle Valley,38.93337231,-77.05182479,Stream,Ammonia,Ammonia,Ammonia,Ammonia,Ammonia,mg/L,,,numeric,,,,,,True,False,False
NCRN,ROCR,Rock Creek,Rock Creek Park,NCRN_ROCR_KLVA,NCRN_ROCR_KLVA,Klingle Valley,38.93337231,-77.05182479,Stream,Nitrate,Nitrate,Nitrate,Nitrate,Nitrate,mg/L,,2.0,numeric,,Acceptable nitrate is less than or equal to 2.0 mg/L in nutrient ecoregion IX.,EPA 2000,,>,True,False,False
NCRN,ROCR,Rock Creek,Rock Creek Park,NCRN_ROCR_KLVA,NCRN_ROCR_KLVA,Klingle Valley,38.93337231,-77.05182479,Stream,Weather,Weather,Weather condition (WMO code 4501) (choice list),Weather,Weather Conditions,,,,factor,,,,,,True,False,False
NCRN,ROCR,Rock Creek,Rock Creek Park,NCRN_ROCR_KLVA,NCRN_ROCR_KLVA,Klingle Valley,38.93337231,-77.05182479,Stream,Algae,Algae,"Substrate algae, % (choice list)",Algae,Algae,,,,factor,,,,,,True,False,False
NCRN,ROCR,Rock Creek,Rock Creek Park,NCRN_ROCR_KLVA,NCRN_ROCR_KLVA,Klingle Valley,38.93337231,-77.05182479,Stream,AlgaeColor,Algae Color,Substrate algae color,AlgaeColor,Algae Color,,,,factor,,,,,,True,False,False
NCRN,ROCR,Rock Creek,Rock Creek Park,NCRN_ROCR_KLVA,NCRN_ROCR_KLVA,Klingle Valley,38.93337231,-77.05182479,Stream,WaterAppearance,Water Appearance,Water appearance (text),WaterAppearance,Water Appearance,,,,factor,,,,,,True,False,False
NCRN,ROCR,Rock Creek,Rock Creek Park,NCRN_ROCR_KLVA,NCRN_ROCR_KLVA,Klingle Valley,38.93337231,-77.05182479,Stream,FlowCondition,Flow Condition,Stream flow (choice list),FlowCondition,Flow Condition,,,,factor,,,,,,True,False,False
NCRN,ROCR,Rock Creek,Rock Creek Park,NCRN_ROCR_KLVA,NCRN_ROCR_KLVA,Klingle Valley,38.93337231,-77.05182479,Stream,Orthophosphate,Orthophosphate,Orthophosphate,Orthophosphate,Orthophosphate,mg/L,,,numeric,,,,,,True,False,False
NCRN,ROCR,Rock Creek,Rock Creek Park,NCRN_ROCR_KLVA,NCRN_ROCR_KLVA,Klingle Valley,38.93337231,-77.05182479,Stream,Turbidity,Turbidity,Turbidity,Turbidity,Turbidity,ntu,,,numeric,,,,,,True,False,False
NCRN,ROCR,Rock Creek,Rock Creek Park,NCRN_ROCR_LUBR,NCRN_ROCR_LUBR,Luzon Branch,38.96177451,-77.04167624,Stream,AirTemp,Air Temperature,"Temperature, air",AirTemp,Air Temperature,°C,,,numeric,,,,,,True,True,True
NCRN,ROCR,Rock Creek,Rock Creek Park,NCRN_ROCR_LUBR,NCRN_ROCR_LUBR,Luzon Branch,38.96177451,-77.04167624,Stream,Discharge,Discharge,Base flow discharge,Discharge,Discharge,cfs,,,numeric,,,,,,True,True,True
NCRN,ROCR,Rock Creek,Rock Creek Park,NCRN_ROCR_LUBR,NCRN_ROCR_LUBR,Luzon Branch,38.96177451,-77.04167624,Stream,Depth,Depth,Cross-Section Depth,Depth,Depth,ft,,,numeric,,,,,,True,True,True
NCRN,ROCR,Rock Creek,Rock Creek Park,NCRN_ROCR_LUBR,NCRN_ROCR_LUBR,Luzon Branch,38.96177451,-77.04167624,Stream,WaterTemp,Water Temperature,"Temperature, water",WaterTemp,Water Temperature,°C,,32.0,numeric,,Acceptable water temperature is below 32 degrees C for warm water streams.,"District DOE, 2010, State of MD 2010, State of WV 2011, VA Water Control Board 2011",,>=,True,True,True
NCRN,ROCR,Rock Creek,Rock Creek Park,NCRN_ROCR_LUBR,NCRN_ROCR_LUBR,Luzon Branch,38.96177451,-77.04167624,Stream,SC,Specific Conductance,Specific conductance,SC,Specific Conductance,µS/cm,,171.0,numeric,,Acceptable specific conductance is below 171 uS/cm.,Morgan et al. 2007,,>=,True,True,True
NCRN,ROCR,Rock Creek,Rock Creek Park,NCRN_ROCR_LUBR,NCRN_ROCR_LUBR,Luzon Branch,38.96177451,-77.04167624,Stream,pH,pH,pH,pH,pH,pH Units,6.0,9.0,numeric,Acceptable pH is greater than or equal to 6.,Acceptable pH is less than or equal to 9.,"District DOE, 2010, State of MD 2010, State of WV 2011, VA Water Control Board 2011",<,>,True,True,True
NCRN,ROCR,Rock Creek,Rock Creek Park,NCRN_ROCR_LUBR,NCRN_ROCR_LUBR,Luzon Branch,38.96177451,-77.04167624,Stream,DOmg,DO Concentration,Dissolved oxygen (DO),DOmg,Dissolved Oxygen,mg/L,5.0,,numeric,Acceptable dissolved oxygen is above 5.0 mg/L for warm water streams and above 6.0 mg/L for cold water streams.,,"District DOE, 2010, State of MD 2010, State of WV 2011, VA Water Control Board 2011",<=,,True,True,True
NCRN,ROCR,Rock Creek,Rock Creek Park,NCRN_ROCR_LUBR,NCRN_ROCR_LUBR,Luzon Branch,38.96177451,-77.04167624,Stream,DOper,DO Saturation,Dissolved oxygen saturation,DOper,Dissolved Oxygen,percent,,,numeric,,,,,,True,True,True
NCRN,ROCR,Rock Creek,Rock Creek Park,NCRN_ROCR_LUBR,NCRN_ROCR_LUBR,Luzon Branch,38.96177451,-77.04167624,Stream,ANC,ANC,Acid Neutralizing Capacity (ANC),ANC,Acid Neutralizing Capacity,µeq/L,200.0,,numeric,Acceptable acid neutralizing capacity is above 200 ueq/L for non-karst terrain.,,Weeks et al. 2007,<=,,True,True,True
NCRN,ROCR,Rock Creek,Rock Creek Park,NCRN_ROCR_LUBR,NCRN_ROCR_LUBR,Luzon Branch,38.96177451,-77.04167624,Stream,WetWidth,Wetted Width,Wetted Width,WetWidth,Wetted Width,ft,,,numeric,,,,,,True,True,True
NCRN,ROCR,Rock Creek,Rock Creek Park,NCRN_ROCR_LUBR,NCRN_ROCR_LUBR,Luzon Branch,38.96177451,-77.04167624,Stream,Velocity,Stream Velocity,Velocity - stream,Velocity,Velocity,ft/s,,,numeric,,,,,,True,True,True
NCRN,ROCR,Rock Creek,Rock Creek Park,NCRN_ROCR_LUBR,NCRN_ROCR_LUBR,Luzon Branch,38.96177451,-77.04167624,Stream,AirPress,Air Pressure,Barometric pressure,AirPress,Air Pressure,mm Hg,,,numeric,,,,,,True,True,True
NCRN,ROCR,Rock Creek,Rock Creek Park,NCRN_ROCR_LUBR,NCRN_ROCR_LUBR,Luzon Branch,38.96177451,-77.04167624,Stream,Conductivity,Conductivity,Conductivity,Conductivity,Conductivity,µS/cm,,,numeric,,,,,,True,True,True
NCRN,ROCR,Rock Creek,Rock Creek Park,NCRN_ROCR_LUBR,NCRN_ROCR_LUBR,Luzon Branch,38.96177451,-77.04167624,Stream,Salinity,Salinity,Salinity,Salinity,Salinity,ppt,,0.5,numeric,,Acceptable salinity is less than or equal to 0.5 ppt.,Ramasamy et al. 2014,,>,True,True,True
NCRN,ROCR,Rock Creek,Rock Creek Park,NCRN_ROCR_LUBR,NCRN_ROCR_LUBR,Luzon Branch,38.96177451,-77.04167624,Stream,TDS,Total Dissolved Solids,Total dissolved solids,TDS,Total Dissolved Solids,mg/L,,,numeric,,,,,,True,True,True
NCRN,ROCR,Rock Creek,Rock Creek Park,NCRN_ROCR_LUBR,NCRN_ROCR_LUBR,Luzon Branch,38.96177451,-77.04167624,Stream,TotalN,Total Nitrogen,"Total Nitrogen, mixed forms",TotalN,Total Nitrogen,mg/L,,0.69,numeric,,Acceptable total nitrogen is less than or equal to 0.69 mg/L in nutrient ecoregion IX.,EPA 2000,,>,True,True,True
NCRN,ROCR,Rock Creek,Rock Creek Park,NCRN_ROCR_LUBR,NCRN_ROCR_LUBR,Luzon Branch,38.96177451,-77.04167624,Stream,TotalP,Total Phosphorus,"Total Phosphorus, mixed forms",TotalP,Total Phosphorus,mg/L,,0.037,numeric,,Acceptable phosphorus is less than or equal to 0.037 mg/L in nutrient ecoregion IX.,EPA 2000,,>,True,False,False
NCRN,ROCR,Rock Creek,Rock Creek Park,NCRN_ROCR_LUBR,NCRN_ROCR_LUBR,Luzon Branch,38.96177451,-77.04167624,Stream,TotalDN,Total Dissolved Nitrogen,"Total Dissolved Nitrogen, mixed forms",TotalDN,Total Dissolved Nitrogen,mg/L,,,numeric,,,,,,True,False,False
NCRN,ROCR,Rock Creek,Rock Creek Park,NCRN_ROCR_LUBR,NCRN_ROCR_LUBR,Luzon Branch,38.96177451,-77.04167624,Stream,TotalDP,Total Dissolved Phosphorus,"Total Dissolved Phosphorus, mixed forms",TotalDP,Total Dissolved Phosphorus,mg/L,,,numeric,,,,,,True,False,False
NCRN,ROCR,Rock Creek,Rock Creek Park,NCRN_ROCR_LUBR,NCRN_ROCR_LUBR,Luzon Branch,38.96177451,-77.04167624,Stream,Ammonia,Ammonia,Ammonia,Ammonia,Ammonia,mg/L,,,numeric,,,,,,True,False,False
NCRN,ROCR,Rock Creek,Rock Creek Park,NCRN_ROCR_LUBR,NCRN_ROCR_LUBR,Luzon Branch,38.96177451,-77.04167624,Stream,Nitrate,Nitrate,Nitrate,Nitrate,Nitrate,mg/L,,2.0,numeric,,Acceptable nitrate is less than or equal to 2.0 mg/L in nutrient ecoregion IX.,EPA 2000,,>,True,False,False
NCRN,ROCR,Rock Creek,Rock Creek Park,NCRN_ROCR_LUBR,NCRN_ROCR_LUBR,Luzon Branch,38.96177451,-77.04167624,Stream,Weather,Weather,Weather condition (WMO code 4501) (choice list),Weather,Weather Conditions,,,,factor,,,,,,True,False,False
NCRN,ROCR,Rock Creek,Rock Creek Park,NCRN_ROCR_LUBR,NCRN_ROCR_LUBR,Luzon Branch,38.96177451,-77.04167624,Stream,Algae,Algae,"Substrate algae, % (choice list)",Algae,Algae,,,,factor,,,,,,True,False,False
NCRN,ROCR,Rock Creek,Rock Creek Park,NCRN_ROCR_LUBR,NCRN_ROCR_LUBR,Luzon Branch,38.96177451,-77.04167624,Stream,AlgaeColor,Algae Color,Substrate algae color,AlgaeColor,Algae Color,,,,factor,,,,,,True,False,False
NCRN,ROCR,Rock Creek,Rock Creek Park,NCRN_ROCR_LUBR,NCRN_ROCR_LUBR,Luzon Branch,38.96177451,-77.04167624,Stream,WaterAppearance,Water Appearance,Water appearance (text),WaterAppearance,Water Appearance,,,,factor,,,,,,True,False,False
NCRN,ROCR,Rock Creek,Rock Creek Park,NCRN_ROCR_LUBR,NCRN_ROCR_LUBR,Luzon Branch,38.96177451,-77.04167624,Stream,FlowCondition,Flow Condition,Stream flow (choice list),FlowCondition,Flow Condition,,,,factor,,,,,,True,False,False
NCRN,ROCR,Rock Creek,Rock Creek Park,NCRN_ROCR_LUBR,NCRN_ROCR_LUBR,Luzon Branch,38.96177451,-77.04167624,Stream,Orthophosphate,Orthophosphate,Orthophosphate,Orthophosphate,Orthophosphate,mg/L,,,numeric,,,,,,True,False,False
NCRN,ROCR,Rock Creek,Rock Creek Park,NCRN_ROCR_LUBR,NCRN_ROCR_LUBR,Luzon Branch,38.96177451,-77.04167624,Stream,Turbidity,Turbidity,Turbidity,Turbidity,Turbidity,ntu,,,numeric,,,,,,True,False,False
NCRN,ROCR,Rock Creek,Rock Creek Park,NCRN_ROCR_NOST,NCRN_ROCR_NOST,Normanstone Branch,38.9192008,-77.05608967,Stream,AirTemp,Air Temperature,"Temperature, air",AirTemp,Air Temperature,°C,,,numeric,,,,,,True,True,True
NCRN,ROCR,Rock Creek,Rock Creek Park,NCRN_ROCR_NOST,NCRN_ROCR_NOST,Normanstone Branch,38.9192008,-77.05608967,Stream,Discharge,Discharge,Base flow discharge,Discharge,Discharge,cfs,,,numeric,,,,,,True,True,True
NCRN,ROCR,Rock Creek,Rock Creek Park,NCRN_ROCR_NOST,NCRN_ROCR_NOST,Normanstone Branch,38.9192008,-77.05608967,Stream,Depth,Depth,Cross-Section Depth,Depth,Depth,ft,,,numeric,,,,,,True,True,True
NCRN,ROCR,Rock Creek,Rock Creek Park,NCRN_ROCR_NOST,NCRN_ROCR_NOST,Normanstone Branch,38.9192008,-77.05608967,Stream,WaterTemp,Water Temperature,"Temperature, water",WaterTemp,Water Temperature,°C,,32.0,numeric,,Acceptable water temperature is below 32 degrees C for warm water streams.,"District DOE, 2010, State of MD 2010, State of WV 2011, VA Water Control Board 2011",,>=,True,True,True
NCRN,ROCR,Rock Creek,Rock Creek Park,NCRN_ROCR_NOST,NCRN_ROCR_NOST,Normanstone Branch,38.9192008,-77.05608967,Stream,SC,Specific Conductance,Specific conductance,SC,Specific Conductance,µS/cm,,171.0,numeric,,Acceptable specific conductance is below 171 uS/cm.,Morgan et al. 2007,,>=,True,True,True
NCRN,ROCR,Rock Creek,Rock Creek Park,NCRN_ROCR_NOST,NCRN_ROCR_NOST,Normanstone Branch,38.9192008,-77.05608967,Stream,pH,pH,pH,pH,pH,pH Units,6.0,9.0,numeric,Acceptable pH is greater than or equal to 6.,Acceptable pH is less than or equal to 9.,"District DOE, 2010, State of MD 2010, State of WV 2011, VA Water Control Board 2011",<,>,True,True,True
NCRN,ROCR,Rock Creek,Rock Creek Park,NCRN_ROCR_NOST,NCRN_ROCR_NOST,Normanstone Branch,38.9192008,-77.05608967,Stream,DOmg,DO Concentration,Dissolved oxygen (DO),DOmg,Dissolved Oxygen,mg/L,5.0,,numeric,Acceptable dissolved oxygen is above 5.0 mg/L for warm water streams and above 6.0 mg/L for cold water streams.,,"District DOE, 2010, State of MD 2010, State of WV 2011, VA Water Control Board 2011",<=,,True,True,True
NCRN,ROCR,Rock Creek,Rock Creek Park,NCRN_ROCR_NOST,NCRN_ROCR_NOST,Normanstone Branch,38.9192008,-77.05608967,Stream,DOper,DO Saturation,Dissolved oxygen saturation,DOper,Dissolved Oxygen,percent,,,numeric,,,,,,True,True,True
NCRN,ROCR,Rock Creek,Rock Creek Park,NCRN_ROCR_NOST,NCRN_ROCR_NOST,Normanstone Branch,38.9192008,-77.05608967,Stream,ANC,ANC,Acid Neutralizing Capacity (ANC),ANC,Acid Neutralizing Capacity,µeq/L,200.0,,numeric,Acceptable acid neutralizing capacity is above 200 ueq/L for non-karst terrain.,,Weeks et al. 2007,<=,,True,True,True
NCRN,ROCR,Rock Creek,Rock Creek Park,NCRN_ROCR_NOST,NCRN_ROCR_NOST,Normanstone Branch,38.9192008,-77.05608967,Stream,WetWidth,Wetted Width,Wetted Width,WetWidth,Wetted Width,ft,,,numeric,,,,,,True,True,True
NCRN,ROCR,Rock Creek,Rock Creek Park,NCRN_ROCR_NOST,NCRN_ROCR_NOST,Normanstone Branch,38.9192008,-77.05608967,Stream,Velocity,Stream Velocity,Velocity - stream,Velocity,Velocity,ft/s,,,numeric,,,,,,True,True,True
NCRN,ROCR,Rock Creek,Rock Creek Park,NCRN_ROCR_NOST,NCRN_ROCR_NOST,Normanstone Branch,38.9192008,-77.05608967,Stream,AirPress,Air Pressure,Barometric pressure,AirPress,Air Pressure,mm Hg,,,numeric,,,,,,True,True,True
NCRN,ROCR,Rock Creek,Rock Creek Park,NCRN_ROCR_NOST,NCRN_ROCR_NOST,Normanstone Branch,38.9192008,-77.05608967,Stream,Conductivity,Conductivity,Conductivity,Conductivity,Conductivity,µS/cm,,,numeric,,,,,,True,True,True
NCRN,ROCR,Rock Creek,Rock Creek Park,NCRN_ROCR_NOST,NCRN_ROCR_NOST,Normanstone Branch,38.9192008,-77.05608967,Stream,Salinity,Salinity,Salinity,Salinity,Salinity,ppt,,0.5,numeric,,Acceptable salinity is less than or equal to 0.5 ppt.,Ramasamy et al. 2014,,>,True,True,True
NCRN,ROCR,Rock Creek,Rock Creek Park,NCRN_ROCR_NOST,NCRN_ROCR_NOST,Normanstone Branch,38.9192008,-77.05608967,Stream,TDS,Total Dissolved Solids,Total dissolved solids,TDS,Total Dissolved Solids,mg/L,,,numeric,,,,,,True,True,True
NCRN,ROCR,Rock Creek,Rock Creek Park,NCRN_ROCR_NOST,NCRN_ROCR_NOST,Normanstone Branch,38.9192008,-77.05608967,Stream,TotalN,Total Nitrogen,"Total Nitrogen, mixed forms",TotalN,Total Nitrogen,mg/L,,0.69,numeric,,Acceptable total nitrogen is less than or equal to 0.69 mg/L in nutrient ecoregion IX.,EPA 2000,,>,True,True,True
NCRN,ROCR,Rock Creek,Rock Creek Park,NCRN_ROCR_NOST,NCRN_ROCR_NOST,Normanstone Branch,38.9192008,-77.05608967,Stream,TotalP,Total Phosphorus,"Total Phosphorus, mixed forms",TotalP,Total Phosphorus,mg/L,,0.037,numeric,,Acceptable phosphorus is less than or equal to 0.037 mg/L in nutrient ecoregion IX.,EPA 2000,,>,True,False,False
NCRN,ROCR,Rock Creek,Rock Creek Park,NCRN_ROCR_NOST,NCRN_ROCR_NOST,Normanstone Branch,38.9192008,-77.05608967,Stream,TotalDN,Total Dissolved Nitrogen,"Total Dissolved Nitrogen, mixed forms",TotalDN,Total Dissolved Nitrogen,mg/L,,,numeric,,,,,,True,False,False
NCRN,ROCR,Rock Creek,Rock Creek Park,NCRN_ROCR_NOST,NCRN_ROCR_NOST,Normanstone Branch,38.9192008,-77.05608967,Stream,TotalDP,Total Dissolved Phosphorus,"Total Dissolved Phosphorus, mixed forms",TotalDP,Total Dissolved Phosphorus,mg/L,,,numeric,,,,,,True,False,False
NCRN,ROCR,Rock Creek,Rock Creek Park,NCRN_ROCR_NOST,NCRN_ROCR_NOST,Normanstone Branch,38.9192008,-77.05608967,Stream,Ammonia,Ammonia,Ammonia,Ammonia,Ammonia,mg/L,,,numeric,,,,,,True,False,False
NCRN,ROCR,Rock Creek,Rock Creek Park,NCRN_ROCR_NOST,NCRN_ROCR_NOST,Normanstone Branch,38.9192008,-77.05608967,Stream,Nitrate,Nitrate,Nitrate,Nitrate,Nitrate,mg/L,,2.0,numeric,,Acceptable nitrate is less than or equal to 2.0 mg/L in nutrient ecoregion IX.,EPA 2000,,>,True,False,False
NCRN,ROCR,Rock Creek,Rock Creek Park,NCRN_ROCR_NOST,NCRN_ROCR_NOST,Normanstone Branch,38.9192008,-77.05608967,Stream,Weather,Weather,Weather condition (WMO code 4501) (choice list),Weather,Weather Conditions,,,,factor,,,,,,True,False,False
NCRN,ROCR,Rock Creek,Rock Creek Park,NCRN_ROCR_NOST,NCRN_ROCR_NOST,Normanstone Branch,38.9192008,-77.05608967,Stream,Algae,Algae,"Substrate algae, % (choice list)",Algae,Algae,,,,factor,,,,,,True,False,False
NCRN,ROCR,Rock Creek,Rock Creek Park,NCRN_ROCR_NOST,NCRN_ROCR_NOST,Normanstone Branch,38.9192008,-77.05608967,Stream,AlgaeColor,Algae Color,Substrate algae color,AlgaeColor,Algae Color,,,,factor,,,,,,True,False,False
NCRN,ROCR,Rock Creek,Rock Creek Park,NCRN_ROCR_NOST,NCRN_ROCR_NOST,Normanstone Branch,38.9192008,-77.05608967,Stream,WaterAppearance,Water Appearance,Water appearance (text),WaterAppearance,Water Appearance,,,,factor,,,,,,True,False,False
NCRN,ROCR,Rock Creek,Rock Creek Park,NCRN_ROCR_NOST,NCRN_ROCR_NOST,Normanstone Branch,38.9192008,-77.05608967,Stream,FlowCondition,Flow Condition,Stream flow (choice list),FlowCondition,Flow Condition,,,,factor,,,,,,True,False,False
NCRN,ROCR,Rock Creek,Rock Creek Park,NCRN_ROCR_NOST,NCRN_ROCR_NOST,Normanstone Branch,38.9192008,-77.05608967,Stream,Orthophosphate,Orthophosphate,Orthophosphate,Orthophosphate,Orthophosphate,mg/L,,,numeric,,,,,,True,False,False
NCRN,ROCR,Rock Creek,Rock Creek Park,NCRN_ROCR_NOST,NCRN_ROCR_NOST,Normanstone Branch,38.9192008,-77.05608967,Stream,Turbidity,Turbidity,Turbidity,Turbidity,Turbidity,ntu,,,numeric,,,,,,True,False,False
NCRN,ROCR,Rock Creek,Rock Creek Park,NCRN_ROCR_PHBR,NCRN_ROCR_PHBR,Pinehurst Branch,38.97207373,-77.04380352,Stream,AirTemp,Air Temperature,"Temperature, air",AirTemp,Air Temperature,°C,,,numeric,,,,,,True,True,True
NCRN,ROCR,Rock Creek,Rock Creek Park,NCRN_ROCR_PHBR,NCRN_ROCR_PHBR,Pinehurst Branch,38.97207373,-77.04380352,Stream,Discharge,Discharge,Base flow discharge,Discharge,Discharge,cfs,,,numeric,,,,,,True,True,True
NCRN,ROCR,Rock Creek,Rock Creek Park,NCRN_ROCR_PHBR,NCRN_ROCR_PHBR,Pinehurst Branch,38.97207373,-77.04380352,Stream,Depth,Depth,Cross-Section Depth,Depth,Depth,ft,,,numeric,,,,,,True,True,True
NCRN,ROCR,Rock Creek,Rock Creek Park,NCRN_ROCR_PHBR,NCRN_ROCR_PHBR,Pinehurst Branch,38.97207373,-77.04380352,Stream,WaterTemp,Water Temperature,"Temperature, water",WaterTemp,Water Temperature,°C,,32.0,numeric,,Acceptable water temperature is below 32 degrees C for warm water streams.,"District DOE, 2010, State of MD 2010, State of WV 2011, VA Water Control Board 2011",,>=,True,True,True
NCRN,ROCR,Rock Creek,Rock Creek Park,NCRN_ROCR_PHBR,NCRN_ROCR_PHBR,Pinehurst Branch,38.97207373,-77.04380352,Stream,SC,Specific Conductance,Specific conductance,SC,Specific Conductance,µS/cm,,171.0,numeric,,Acceptable specific conductance is below 171 uS/cm.,Morgan et al. 2007,,>=,True,True,True
NCRN,ROCR,Rock Creek,Rock Creek Park,NCRN_ROCR_PHBR,NCRN_ROCR_PHBR,Pinehurst Branch,38.97207373,-77.04380352,Stream,pH,pH,pH,pH,pH,pH Units,6.0,9.0,numeric,Acceptable pH is greater than or equal to 6.,Acceptable pH is less than or equal to 9.,"District DOE, 2010, State of MD 2010, State of WV 2011, VA Water Control Board 2011",<,>,True,True,True
NCRN,ROCR,Rock Creek,Rock Creek Park,NCRN_ROCR_PHBR,NCRN_ROCR_PHBR,Pinehurst Branch,38.97207373,-77.04380352,Stream,DOmg,DO Concentration,Dissolved oxygen (DO),DOmg,Dissolved Oxygen,mg/L,5.0,,numeric,Acceptable dissolved oxygen is above 5.0 mg/L for warm water streams and above 6.0 mg/L for cold water streams.,,"District DOE, 2010, State of MD 2010, State of WV 2011, VA Water Control Board 2011",<=,,True,True,True
NCRN,ROCR,Rock Creek,Rock Creek Park,NCRN_ROCR_PHBR,NCRN_ROCR_PHBR,Pinehurst Branch,38.97207373,-77.04380352,Stream,DOper,DO Saturation,Dissolved oxygen saturation,DOper,Dissolved Oxygen,percent,,,numeric,,,,,,True,True,True
NCRN,ROCR,Rock Creek,Rock Creek Park,NCRN_ROCR_PHBR,NCRN_ROCR_PHBR,Pinehurst Branch,38.97207373,-77.04380352,Stream,ANC,ANC,Acid Neutralizing Capacity (ANC),ANC,Acid Neutralizing Capacity,µeq/L,200.0,,numeric,Acceptable acid neutralizing capacity is above 200 ueq/L for non-karst terrain.,,Weeks et al. 2007,<=,,True,True,True
NCRN,ROCR,Rock Creek,Rock Creek Park,NCRN_ROCR_PHBR,NCRN_ROCR_PHBR,Pinehurst Branch,38.97207373,-77.04380352,Stream,WetWidth,Wetted Width,Wetted Width,WetWidth,Wetted Width,ft,,,numeric,,,,,,True,True,True
NCRN,ROCR,Rock Creek,Rock Creek Park,NCRN_ROCR_PHBR,NCRN_ROCR_PHBR,Pinehurst Branch,38.97207373,-77.04380352,Stream,Velocity,Stream Velocity,Velocity - stream,Velocity,Velocity,ft/s,,,numeric,,,,,,True,True,True
NCRN,ROCR,Rock Creek,Rock Creek Park,NCRN_ROCR_PHBR,NCRN_ROCR_PHBR,Pinehurst Branch,38.97207373,-77.04380352,Stream,AirPress,Air Pressure,Barometric pressure,AirPress,Air Pressure,mm Hg,,,numeric,,,,,,True,True,True
NCRN,ROCR,Rock Creek,Rock Creek Park,NCRN_ROCR_PHBR,NCRN_ROCR_PHBR,Pinehurst Branch,38.97207373,-77.04380352,Stream,Conductivity,Conductivity,Conductivity,Conductivity,Conductivity,µS/cm,,,numeric,,,,,,True,True,True
NCRN,ROCR,Rock Creek,Rock Creek Park,NCRN_ROCR_PHBR,NCRN_ROCR_PHBR,Pinehurst Branch,38.97207373,-77.04380352,Stream,Salinity,Salinity,Salinity,Salinity,Salinity,ppt,,0.5,numeric,,Acceptable salinity is less than or equal to 0.5 ppt.,Ramasamy et al. 2014,,>,True,True,True
NCRN,ROCR,Rock Creek,Rock Creek Park,NCRN_ROCR_PHBR,NCRN_ROCR_PHBR,Pinehurst Branch,38.97207373,-77.04380352,Stream,TDS,Total Dissolved Solids,Total dissolved solids,TDS,Total Dissolved Solids,mg/L,,,numeric,,,,,,True,True,True
NCRN,ROCR,Rock Creek,Rock Creek Park,NCRN_ROCR_PHBR,NCRN_ROCR_PHBR,Pinehurst Branch,38.97207373,-77.04380352,Stream,TotalN,Total Nitrogen,"Total Nitrogen, mixed forms",TotalN,Total Nitrogen,mg/L,,0.69,numeric,,Acceptable total nitrogen is less than or equal to 0.69 mg/L in nutrient ecoregion IX.,EPA 2000,,>,True,True,True
NCRN,ROCR,Rock Creek,Rock Creek Park,NCRN_ROCR_PHBR,NCRN_ROCR_PHBR,Pinehurst Branch,38.97207373,-77.04380352,Stream,TotalP,Total Phosphorus,"Total Phosphorus, mixed forms",TotalP,Total Phosphorus,mg/L,,0.037,numeric,,Acceptable phosphorus is less than or equal to 0.037 mg/L in nutrient ecoregion IX.,EPA 2000,,>,True,False,False
NCRN,ROCR,Rock Creek,Rock Creek Park,NCRN_ROCR_PHBR,NCRN_ROCR_PHBR,Pinehurst Branch,38.97207373,-77.04380352,Stream,TotalDN,Total Dissolved Nitrogen,"Total Dissolved Nitrogen, mixed forms",TotalDN,Total Dissolved Nitrogen,mg/L,,,numeric,,,,,,True,False,False
NCRN,ROCR,Rock Creek,Rock Creek Park,NCRN_ROCR_PHBR,NCRN_ROCR_PHBR,Pinehurst Branch,38.97207373,-77.04380352,Stream,TotalDP,Total Dissolved Phosphorus,"Total Dissolved Phosphorus, mixed forms",TotalDP,Total Dissolved Phosphorus,mg/L,,,numeric,,,,,,True,False,False
NCRN,ROCR,Rock Creek,Rock Creek Park,NCRN_ROCR_PHBR,NCRN_ROCR_PHBR,Pinehurst Branch,38.97207373,-77.04380352,Stream,Ammonia,Ammonia,Ammonia,Ammonia,Ammonia,mg/L,,,numeric,,,,,,True,False,False
NCRN,ROCR,Rock Creek,Rock Creek Park,NCRN_ROCR_PHBR,NCRN_ROCR_PHBR,Pinehurst Branch,38.97207373,-77.04380352,Stream,Nitrate,Nitrate,Nitrate,Nitrate,Nitrate,mg/L,,2.0,numeric,,Acceptable nitrate is less than or equal to 2.0 mg/L in nutrient ecoregion IX.,EPA 2000,,>,True,False,False
NCRN,ROCR,Rock Creek,Rock Creek Park,NCRN_ROCR_PHBR,NCRN_ROCR_PHBR,Pinehurst Branch,38.97207373,-77.04380352,Stream,Weather,Weather,Weather condition (WMO code 4501) (choice list),Weather,Weather Conditions,,,,factor,,,,,,True,False,False
NCRN,ROCR,Rock Creek,Rock Creek Park,NCRN_ROCR_PHBR,NCRN_ROCR_PHBR,Pinehurst Branch,38.97207373,-77.04380352,Stream,Algae,Algae,"Substrate algae, % (choice list)",Algae,Algae,,,,factor,,,,,,True,False,False
NCRN,ROCR,Rock Creek,Rock Creek Park,NCRN_ROCR_PHBR,NCRN_ROCR_PHBR,Pinehurst Branch,38.97207373,-77.04380352,Stream,AlgaeColor,Algae Color,Substrate algae color,AlgaeColor,Algae Color,,,,factor,,,,,,True,False,False
NCRN,ROCR,Rock Creek,Rock Creek Park,NCRN_ROCR_PHBR,NCRN_ROCR_PHBR,Pinehurst Branch,38.97207373,-77.04380352,Stream,WaterAppearance,Water Appearance,Water appearance (text),WaterAppearance,Water Appearance,,,,factor,,,,,,True,False,False
NCRN,ROCR,Rock Creek,Rock Creek Park,NCRN_ROCR_PHBR,NCRN_ROCR_PHBR,Pinehurst Branch,38.97207373,-77.04380352,Stream,FlowCondition,Flow Condition,Stream flow (choice list),FlowCondition,Flow Condition,,,,factor,,,,,,True,False,False
NCRN,ROCR,Rock Creek,Rock Creek Park,NCRN_ROCR_PHBR,NCRN_ROCR_PHBR,Pinehurst Branch,38.97207373,-77.04380352,Stream,Orthophosphate,Orthophosphate,Orthophosphate,Orthophosphate,Orthophosphate,mg/L,,,numeric,,,,,,True,False,False
NCRN,ROCR,Rock Creek,Rock Creek Park,NCRN_ROCR_PHBR,NCRN_ROCR_PHBR,Pinehurst Branch,38.97207373,-77.04380352,Stream,Turbidity,Turbidity,Turbidity,Turbidity,Turbidity,ntu,,,numeric,,,,,,True,False,False
NCRN,ROCR,Rock Creek,Rock Creek Park,NCRN_ROCR_PYBR,NCRN_ROCR_PYBR,Piney Branch,38.935659,-77.046652,Stream,AirTemp,Air Temperature,"Temperature, air",AirTemp,Air Temperature,°C,,,numeric,,,,,,True,True,True
NCRN,ROCR,Rock Creek,Rock Creek Park,NCRN_ROCR_PYBR,NCRN_ROCR_PYBR,Piney Branch,38.935659,-77.046652,Stream,Discharge,Discharge,Base flow discharge,Discharge,Discharge,cfs,,,numeric,,,,,,True,True,True
NCRN,ROCR,Rock Creek,Rock Creek Park,NCRN_ROCR_PYBR,NCRN_ROCR_PYBR,Piney Branch,38.935659,-77.046652,Stream,Depth,Depth,Cross-Section Depth,Depth,Depth,ft,,,numeric,,,,,,True,True,True
NCRN,ROCR,Rock Creek,Rock Creek Park,NCRN_ROCR_PYBR,NCRN_ROCR_PYBR,Piney Branch,38.935659,-77.046652,Stream,WaterTemp,Water Temperature,"Temperature, water",WaterTemp,Water Temperature,°C,,32.0,numeric,,Acceptable water temperature is below 32 degrees C for warm water streams.,"District DOE, 2010, State of MD 2010, State of WV 2011, VA Water Control Board 2011",,>=,True,True,True
NCRN,ROCR,Rock Creek,Rock Creek Park,NCRN_ROCR_PYBR,NCRN_ROCR_PYBR,Piney Branch,38.935659,-77.046652,Stream,SC,Specific Conductance,Specific conductance,SC,Specific Conductance,µS/cm,,171.0,numeric,,Acceptable specific conductance is below 171 uS/cm.,Morgan et al. 2007,,>=,True,True,True
NCRN,ROCR,Rock Creek,Rock Creek Park,NCRN_ROCR_PYBR,NCRN_ROCR_PYBR,Piney Branch,38.935659,-77.046652,Stream,pH,pH,pH,pH,pH,pH Units,6.0,9.0,numeric,Acceptable pH is greater than or equal to 6.,Acceptable pH is less than or equal to 9.,"District DOE, 2010, State of MD 2010, State of WV 2011, VA Water Control Board 2011",<,>,True,True,True
NCRN,ROCR,Rock Creek,Rock Creek Park,NCRN_ROCR_PYBR,NCRN_ROCR_PYBR,Piney Branch,38.935659,-77.046652,Stream,DOmg,DO Concentration,Dissolved oxygen (DO),DOmg,Dissolved Oxygen,mg/L,5.0,,numeric,Acceptable dissolved oxygen is above 5.0 mg/L for warm water streams and above 6.0 mg/L for cold water streams.,,"District DOE, 2010, State of MD 2010, State of WV 2011, VA Water Control Board 2011",<=,,True,True,True
NCRN,ROCR,Rock Creek,Rock Creek Park,NCRN_ROCR_PYBR,NCRN_ROCR_PYBR,Piney Branch,38.935659,-77.046652,Stream,DOper,DO Saturation,Dissolved oxygen saturation,DOper,Dissolved Oxygen,percent,,,numeric,,,,,,True,True,True
NCRN,ROCR,Rock Creek,Rock Creek Park,NCRN_ROCR_PYBR,NCRN_ROCR_PYBR,Piney Branch,38.935659,-77.046652,Stream,ANC,ANC,Acid Neutralizing Capacity (ANC),ANC,Acid Neutralizing Capacity,µeq/L,200.0,,numeric,Acceptable acid neutralizing capacity is above 200 ueq/L for non-karst terrain.,,Weeks et al. 2007,<=,,True,True,True
NCRN,ROCR,Rock Creek,Rock Creek Park,NCRN_ROCR_PYBR,NCRN_ROCR_PYBR,Piney Branch,38.935659,-77.046652,Stream,WetWidth,Wetted Width,Wetted Width,WetWidth,Wetted Width,ft,,,numeric,,,,,,True,True,True
NCRN,ROCR,Rock Creek,Rock Creek Park,NCRN_ROCR_PYBR,NCRN_ROCR_PYBR,Piney Branch,38.935659,-77.046652,Stream,Velocity,Stream Velocity,Velocity - stream,Velocity,Velocity,ft/s,,,numeric,,,,,,True,True,True
NCRN,ROCR,Rock Creek,Rock Creek Park,NCRN_ROCR_PYBR,NCRN_ROCR_PYBR,Piney Branch,38.935659,-77.046652,Stream,AirPress,Air Pressure,Barometric pressure,AirPress,Air Pressure,mm Hg,,,numeric,,,,,,True,True,True
NCRN,ROCR,Rock Creek,Rock Creek Park,NCRN_ROCR_PYBR,NCRN_ROCR_PYBR,Piney Branch,38.935659,-77.046652,Stream,Conductivity,Conductivity,Conductivity,Conductivity,Conductivity,µS/cm,,,numeric,,,,,,True,True,True
NCRN,ROCR,Rock Creek,Rock Creek Park,NCRN_ROCR_PYBR,NCRN_ROCR_PYBR,Piney Branch,38.935659,-77.046652,Stream,Salinity,Salinity,Salinity,Salinity,Salinity,ppt,,0.5,numeric,,Acceptable salinity is less than or equal to 0.5 ppt.,Ramasamy et al. 2014,,>,True,True,True
NCRN,ROCR,Rock Creek,Rock Creek Park,NCRN_ROCR_PYBR,NCRN_ROCR_PYBR,Piney Branch,38.935659,-77.046652,Stream,TDS,Total Dissolved Solids,Total dissolved solids,TDS,Total Dissolved Solids,mg/L,,,numeric,,,,,,True,True,True
NCRN,ROCR,Rock Creek,Rock Creek Park,NCRN_ROCR_PYBR,NCRN_ROCR_PYBR,Piney Branch,38.935659,-77.046652,Stream,TotalN,Total Nitrogen,"Total Nitrogen, mixed forms",TotalN,Total Nitrogen,mg/L,,0.69,numeric,,Acceptable total nitrogen is less than or equal to 0.69 mg/L in nutrient ecoregion IX.,EPA 2000,,>,True,True,True
NCRN,ROCR,Rock Creek,Rock Creek Park,NCRN_ROCR_PYBR,NCRN_ROCR_PYBR,Piney Branch,38.935659,-77.046652,Stream,TotalP,Total Phosphorus,"Total Phosphorus, mixed forms",TotalP,Total Phosphorus,mg/L,,0.037,numeric,,Acceptable phosphorus is less than or equal to 0.037 mg/L in nutrient ecoregion IX.,EPA 2000,,>,True,False,False
NCRN,ROCR,Rock Creek,Rock Creek Park,NCRN_ROCR_PYBR,NCRN_ROCR_PYBR,Piney Branch,38.935659,-77.046652,Stream,TotalDN,Total Dissolved Nitrogen,"Total Dissolved Nitrogen, mixed forms",TotalDN,Total Dissolved Nitrogen,mg/L,,,numeric,,,,,,True,False,False
NCRN,ROCR,Rock Creek,Rock Creek Park,NCRN_ROCR_PYBR,NCRN_ROCR_PYBR,Piney Branch,38.935659,-77.046652,Stream,TotalDP,Total Dissolved Phosphorus,"Total Dissolved Phosphorus, mixed forms",TotalDP,Total Dissolved Phosphorus,mg/L,,,numeric,,,,,,True,False,False
NCRN,ROCR,Rock Creek,Rock Creek Park,NCRN_ROCR_PYBR,NCRN_ROCR_PYBR,Piney Branch,38.935659,-77.046652,Stream,Ammonia,Ammonia,Ammonia,Ammonia,Ammonia,mg/L,,,numeric,,,,,,True,False,False
NCRN,ROCR,Rock Creek,Rock Creek Park,NCRN_ROCR_PYBR,NCRN_ROCR_PYBR,Piney Branch,38.935659,-77.046652,Stream,Nitrate,Nitrate,Nitrate,Nitrate,Nitrate,mg/L,,2.0,numeric,,Acceptable nitrate is less than or equal to 2.0 mg/L in nutrient ecoregion IX.,EPA 2000,,>,True,False,False
NCRN,ROCR,Rock Creek,Rock Creek Park,NCRN_ROCR_PYBR,NCRN_ROCR_PYBR,Piney Branch,38.935659,-77.046652,Stream,Weather,Weather,Weather condition (WMO code 4501) (choice list),Weather,Weather Conditions,,,,factor,,,,,,True,False,False
NCRN,ROCR,Rock Creek,Rock Creek Park,NCRN_ROCR_PYBR,NCRN_ROCR_PYBR,Piney Branch,38.935659,-77.046652,Stream,Algae,Algae,"Substrate algae, % (choice list)",Algae,Algae,,,,factor,,,,,,True,False,False
NCRN,ROCR,Rock Creek,Rock Creek Park,NCRN_ROCR_PYBR,NCRN_ROCR_PYBR,Piney Branch,38.935659,-77.046652,Stream,AlgaeColor,Algae Color,Substrate algae color,AlgaeColor,Algae Color,,,,factor,,,,,,True,False,False
NCRN,ROCR,Rock Creek,Rock Creek Park,NCRN_ROCR_PYBR,NCRN_ROCR_PYBR,Piney Branch,38.935659,-77.046652,Stream,WaterAppearance,Water Appearance,Water appearance (text),WaterAppearance,Water Appearance,,,,factor,,,,,,True,False,False
NCRN,ROCR,Rock Creek,Rock Creek Park,NCRN_ROCR_PYBR,NCRN_ROCR_PYBR,Piney Branch,38.935659,-77.046652,Stream,FlowCondition,Flow Condition,Stream flow (choice list),FlowCondition,Flow Condition,,,,factor,,,,,,True,False,False
NCRN,ROCR,Rock Creek,Rock Creek Park,NCRN_ROCR_PYBR,NCRN_ROCR_PYBR,Piney Branch,38.935659,-77.046652,Stream,Orthophosphate,Orthophosphate,Orthophosphate,Orthophosphate,Orthophosphate,mg/L,,,numeric,,,,,,True,False,False
NCRN,ROCR,Rock Creek,Rock Creek Park,NCRN_ROCR_PYBR,NCRN_ROCR_PYBR,Piney Branch,38.935659,-77.046652,Stream,Turbidity,Turbidity,Turbidity,Turbidity,Turbidity,ntu,,,numeric,,,,,,True,False,False
NCRN,ROCR,Rock Creek,Rock Creek Park,NCRN_ROCR_R630,NCRN_ROCR_R630,Reservation 630,38.93812741,-77.05238515,Stream,AirTemp,Air Temperature,"Temperature, air",AirTemp,Air Temperature,°C,,,numeric,,,,,,True,True,True
NCRN,ROCR,Rock Creek,Rock Creek Park,NCRN_ROCR_R630,NCRN_ROCR_R630,Reservation 630,38.93812741,-77.05238515,Stream,Discharge,Discharge,Base flow discharge,Discharge,Discharge,cfs,,,numeric,,,,,,True,True,True
NCRN,ROCR,Rock Creek,Rock Creek Park,NCRN_ROCR_R630,NCRN_ROCR_R630,Reservation 630,38.93812741,-77.05238515,Stream,Depth,Depth,Cross-Section Depth,Depth,Depth,ft,,,numeric,,,,,,True,True,True
NCRN,ROCR,Rock Creek,Rock Creek Park,NCRN_ROCR_R630,NCRN_ROCR_R630,Reservation 630,38.93812741,-77.05238515,Stream,WaterTemp,Water Temperature,"Temperature, water",WaterTemp,Water Temperature,°C,,32.0,numeric,,Acceptable water temperature is below 32 degrees C for warm water streams.,"District DOE, 2010, State of MD 2010, State of WV 2011, VA Water Control Board 2011",,>=,True,True,True
NCRN,ROCR,Rock Creek,Rock Creek Park,NCRN_ROCR_R630,NCRN_ROCR_R630,Reservation 630,38.93812741,-77.05238515,Stream,SC,Specific Conductance,Specific conductance,SC,Specific Conductance,µS/cm,,171.0,numeric,,Acceptable specific conductance is below 171 uS/cm.,Morgan et al. 2007,,>=,True,True,True
NCRN,ROCR,Rock Creek,Rock Creek Park,NCRN_ROCR_R630,NCRN_ROCR_R630,Reservation 630,38.93812741,-77.05238515,Stream,pH,pH,pH,pH,pH,pH Units,6.0,9.0,numeric,Acceptable pH is greater than or equal to 6.,Acceptable pH is less than or equal to 9.,"District DOE, 2010, State of MD 2010, State of WV 2011, VA Water Control Board 2011",<,>,True,True,True
NCRN,ROCR,Rock Creek,Rock Creek Park,NCRN_ROCR_R630,NCRN_ROCR_R630,Reservation 630,38.93812741,-77.05238515,Stream,DOmg,DO Concentration,Dissolved oxygen (DO),DOmg,Dissolved Oxygen,mg/L,5.0,,numeric,Acceptable dissolved oxygen is above 5.0 mg/L for warm water streams and above 6.0 mg/L for cold water streams.,,"District DOE, 2010, State of MD 2010, State of WV 2011, VA Water Control Board 2011",<=,,True,True,True
NCRN,ROCR,Rock Creek,Rock Creek Park,NCRN_ROCR_R630,NCRN_ROCR_R630,Reservation 630,38.93812741,-77.05238515,Stream,DOper,DO Saturation,Dissolved oxygen saturation,DOper,Dissolved Oxygen,percent,,,numeric,,,,,,True,True,True
NCRN,ROCR,Rock Creek,Rock Creek Park,NCRN_ROCR_R630,NCRN_ROCR_R630,Reservation 630,38.93812741,-77.05238515,Stream,ANC,ANC,Acid Neutralizing Capacity (ANC),ANC,Acid Neutralizing Capacity,µeq/L,200.0,,numeric,Acceptable acid neutralizing capacity is above 200 ueq/L for non-karst terrain.,,Weeks et al. 2007,<=,,True,True,True
NCRN,ROCR,Rock Creek,Rock Creek Park,NCRN_ROCR_R630,NCRN_ROCR_R630,Reservation 630,38.93812741,-77.05238515,Stream,WetWidth,Wetted Width,Wetted Width,WetWidth,Wetted Width,ft,,,numeric,,,,,,True,True,True
NCRN,ROCR,Rock Creek,Rock Creek Park,NCRN_ROCR_R630,NCRN_ROCR_R630,Reservation 630,38.93812741,-77.05238515,Stream,Velocity,Stream Velocity,Velocity - stream,Velocity,Velocity,ft/s,,,numeric,,,,,,True,True,True
NCRN,ROCR,Rock Creek,Rock Creek Park,NCRN_ROCR_R630,NCRN_ROCR_R630,Reservation 630,38.93812741,-77.05238515,Stream,AirPress,Air Pressure,Barometric pressure,AirPress,Air Pressure,mm Hg,,,numeric,,,,,,True,True,True
NCRN,ROCR,Rock Creek,Rock Creek Park,NCRN_ROCR_R630,NCRN_ROCR_R630,Reservation 630,38.93812741,-77.05238515,Stream,Conductivity,Conductivity,Conductivity,Conductivity,Conductivity,µS/cm,,,numeric,,,,,,True,True,True
NCRN,ROCR,Rock Creek,Rock Creek Park,NCRN_ROCR_R630,NCRN_ROCR_R630,Reservation 630,38.93812741,-77.05238515,Stream,Salinity,Salinity,Salinity,Salinity,Salinity,ppt,,0.5,numeric,,Acceptable salinity is less than or equal to 0.5 ppt.,Ramasamy et al. 2014,,>,True,True,True
NCRN,ROCR,Rock Creek,Rock Creek Park,NCRN_ROCR_R630,NCRN_ROCR_R630,Reservation 630,38.93812741,-77.05238515,Stream,TDS,Total Dissolved Solids,Total dissolved solids,TDS,Total Dissolved Solids,mg/L,,,numeric,,,,,,True,True,True
NCRN,ROCR,Rock Creek,Rock Creek Park,NCRN_ROCR_R630,NCRN_ROCR_R630,Reservation 630,38.93812741,-77.05238515,Stream,TotalN,Total Nitrogen,"Total Nitrogen, mixed forms",TotalN,Total Nitrogen,mg/L,,0.69,numeric,,Acceptable total nitrogen is less than or equal to 0.69 mg/L in nutrient ecoregion IX.,EPA 2000,,>,True,True,True
NCRN,ROCR,Rock Creek,Rock Creek Park,NCRN_ROCR_R630,NCRN_ROCR_R630,Reservation 630,38.93812741,-77.05238515,Stream,TotalP,Total Phosphorus,"Total Phosphorus, mixed forms",TotalP,Total Phosphorus,mg/L,,0.037,numeric,,Acceptable phosphorus is less than or equal to 0.037 mg/L in nutrient ecoregion IX.,EPA 2000,,>,True,False,False
NCRN,ROCR,Rock Creek,Rock Creek Park,NCRN_ROCR_R630,NCRN_ROCR_R630,Reservation 630,38.93812741,-77.05238515,Stream,TotalDN,Total Dissolved Nitrogen,"Total Dissolved Nitrogen, mixed forms",TotalDN,Total Dissolved Nitrogen,mg/L,,,numeric,,,,,,True,False,False
NCRN,ROCR,Rock Creek,Rock Creek Park,NCRN_ROCR_R630,NCRN_ROCR_R630,Reservation 630,38.93812741,-77.05238515,Stream,TotalDP,Total Dissolved Phosphorus,"Total Dissolved Phosphorus, mixed forms",TotalDP,Total Dissolved Phosphorus,mg/L,,,numeric,,,,,,True,False,False
NCRN,ROCR,Rock Creek,Rock Creek Park,NCRN_ROCR_R630,NCRN_ROCR_R630,Reservation 630,38.93812741,-77.05238515,Stream,Ammonia,Ammonia,Ammonia,Ammonia,Ammonia,mg/L,,,numeric,,,,,,True,False,False
NCRN,ROCR,Rock Creek,Rock Creek Park,NCRN_ROCR_R630,NCRN_ROCR_R630,Reservation 630,38.93812741,-77.05238515,Stream,Nitrate,Nitrate,Nitrate,Nitrate,Nitrate,mg/L,,2.0,numeric,,Acceptable nitrate is less than or equal to 2.0 mg/L in nutrient ecoregion IX.,EPA 2000,,>,True,False,False
NCRN,ROCR,Rock Creek,Rock Creek Park,NCRN_ROCR_R630,NCRN_ROCR_R630,Reservation 630,38.93812741,-77.05238515,Stream,Weather,Weather,Weather condition (WMO code 4501) (choice list),Weather,Weather Conditions,,,,factor,,,,,,True,False,False
NCRN,ROCR,Rock Creek,Rock Creek Park,NCRN_ROCR_R630,NCRN_ROCR_R630,Reservation 630,38.93812741,-77.05238515,Stream,Algae,Algae,"Substrate algae, % (choice list)",Algae,Algae,,,,factor,,,,,,True,False,False
NCRN,ROCR,Rock Creek,Rock Creek Park,NCRN_ROCR_R630,NCRN_ROCR_R630,Reservation 630,38.93812741,-77.05238515,Stream,AlgaeColor,Algae Color,Substrate algae color,AlgaeColor,Algae Color,,,,factor,,,,,,True,False,False
NCRN,ROCR,Rock Creek,Rock Creek Park,NCRN_ROCR_R630,NCRN_ROCR_R630,Reservation 630,38.93812741,-77.05238515,Stream,WaterAppearance,Water Appearance,Water appearance (text),WaterAppearance,Water Appearance,,,,factor,,,,,,True,False,False
NCRN,ROCR,Rock Creek,Rock Creek Park,NCRN_ROCR_R630,NCRN_ROCR_R630,Reservation 630,38.93812741,-77.05238515,Stream,FlowCondition,Flow Condition,Stream flow (choice list),FlowCondition,Flow Condition,,,,factor,,,,,,True,False,False
NCRN,ROCR,Rock Creek,Rock Creek Park,NCRN_ROCR_R630,NCRN_ROCR_R630,Reservation 630,38.93812741,-77.05238515,Stream,Orthophosphate,Orthophosphate,Orthophosphate,Orthophosphate,Orthophosphate,mg/L,,,numeric,,,,,,True,False,False
NCRN,ROCR,Rock Creek,Rock Creek Park,NCRN_ROCR_R630,NCRN_ROCR_R630,Reservation 630,38.93812741,-77.05238515,Stream,Turbidity,Turbidity,Turbidity,Turbidity,Turbidity,ntu,,,numeric,,,,,,True,False,False
NCRN,ROCR,Rock Creek,Rock Creek Park,NCRN_ROCR_ROCR,NCRN_ROCR_ROCR,Rock Creek Upstream of Fenwick Branch,38.98403282,-77.04299057,Stream,AirTemp,Air Temperature,"Temperature, air",AirTemp,Air Temperature,°C,,,numeric,,,,,,False,True,False
NCRN,ROCR,Rock Creek,Rock Creek Park,NCRN_ROCR_ROCR,NCRN_ROCR_ROCR,Rock Creek Upstream of Fenwick Branch,38.98403282,-77.04299057,Stream,Discharge,Discharge,Base flow discharge,Discharge,Discharge,cfs,,,numeric,,,,,,False,True,False
NCRN,ROCR,Rock Creek,Rock Creek Park,NCRN_ROCR_ROCR,NCRN_ROCR_ROCR,Rock Creek Upstream of Fenwick Branch,38.98403282,-77.04299057,Stream,Depth,Depth,Cross-Section Depth,Depth,Depth,ft,,,numeric,,,,,,False,True,False
NCRN,ROCR,Rock Creek,Rock Creek Park,NCRN_ROCR_ROCR,NCRN_ROCR_ROCR,Rock Creek Upstream of Fenwick Branch,38.98403282,-77.04299057,Stream,WaterTemp,Water Temperature,"Temperature, water",WaterTemp,Water Temperature,°C,,32.0,numeric,,Acceptable water temperature is below 32 degrees C for warm water streams.,"District DOE, 2010, State of MD 2010, State of WV 2011, VA Water Control Board 2011",,>=,False,True,False
NCRN,ROCR,Rock Creek,Rock Creek Park,NCRN_ROCR_ROCR,NCRN_ROCR_ROCR,Rock Creek Upstream of Fenwick Branch,38.98403282,-77.04299057,Stream,SC,Specific Conductance,Specific conductance,SC,Specific Conductance,µS/cm,,171.0,numeric,,Acceptable specific conductance is below 171 uS/cm.,Morgan et al. 2007,,>=,False,True,False
NCRN,ROCR,Rock Creek,Rock Creek Park,NCRN_ROCR_ROCR,NCRN_ROCR_ROCR,Rock Creek Upstream of Fenwick Branch,38.98403282,-77.04299057,Stream,pH,pH,pH,pH,pH,pH Units,6.0,9.0,numeric,Acceptable pH is greater than or equal to 6.,Acceptable pH is less than or equal to 9.,"District DOE, 2010, State of MD 2010, State of WV 2011, VA Water Control Board 2011",<,>,False,True,False
NCRN,ROCR,Rock Creek,Rock Creek Park,NCRN_ROCR_ROCR,NCRN_ROCR_ROCR,Rock Creek Upstream of Fenwick Branch,38.98403282,-77.04299057,Stream,DOmg,DO Concentration,Dissolved oxygen (DO),DOmg,Dissolved Oxygen,mg/L,5.0,,numeric,Acceptable dissolved oxygen is above 5.0 mg/L for warm water streams and above 6.0 mg/L for cold water streams.,,"District DOE, 2010, State of MD 2010, State of WV 2011, VA Water Control Board 2011",<=,,False,True,False
NCRN,ROCR,Rock Creek,Rock Creek Park,NCRN_ROCR_ROCR,NCRN_ROCR_ROCR,Rock Creek Upstream of Fenwick Branch,38.98403282,-77.04299057,Stream,DOper,DO Saturation,Dissolved oxygen saturation,DOper,Dissolved Oxygen,percent,,,numeric,,,,,,False,True,False
NCRN,ROCR,Rock Creek,Rock Creek Park,NCRN_ROCR_ROCR,NCRN_ROCR_ROCR,Rock Creek Upstream of Fenwick Branch,38.98403282,-77.04299057,Stream,ANC,ANC,Acid Neutralizing Capacity (ANC),ANC,Acid Neutralizing Capacity,µeq/L,200.0,,numeric,Acceptable acid neutralizing capacity is above 200 ueq/L for non-karst terrain.,,Weeks et al. 2007,<=,,False,True,False
NCRN,ROCR,Rock Creek,Rock Creek Park,NCRN_ROCR_ROCR,NCRN_ROCR_ROCR,Rock Creek Upstream of Fenwick Branch,38.98403282,-77.04299057,Stream,WetWidth,Wetted Width,Wetted Width,WetWidth,Wetted Width,ft,,,numeric,,,,,,False,True,False
NCRN,ROCR,Rock Creek,Rock Creek Park,NCRN_ROCR_ROCR,NCRN_ROCR_ROCR,Rock Creek Upstream of Fenwick Branch,38.98403282,-77.04299057,Stream,Velocity,Stream Velocity,Velocity - stream,Velocity,Velocity,ft/s,,,numeric,,,,,,False,True,False
NCRN,ROCR,Rock Creek,Rock Creek Park,NCRN_ROCR_ROCR,NCRN_ROCR_ROCR,Rock Creek Upstream of Fenwick Branch,38.98403282,-77.04299057,Stream,AirPress,Air Pressure,Barometric pressure,AirPress,Air Pressure,mm Hg,,,numeric,,,,,,False,True,False
NCRN,ROCR,Rock Creek,Rock Creek Park,NCRN_ROCR_ROCR,NCRN_ROCR_ROCR,Rock Creek Upstream of Fenwick Branch,38.98403282,-77.04299057,Stream,Conductivity,Conductivity,Conductivity,Conductivity,Conductivity,µS/cm,,,numeric,,,,,,False,True,False
NCRN,ROCR,Rock Creek,Rock Creek Park,NCRN_ROCR_ROCR,NCRN_ROCR_ROCR,Rock Creek Upstream of Fenwick Branch,38.98403282,-77.04299057,Stream,Salinity,Salinity,Salinity,Salinity,Salinity,ppt,,0.5,numeric,,Acceptable salinity is less than or equal to 0.5 ppt.,Ramasamy et al. 2014,,>,False,True,False
NCRN,ROCR,Rock Creek,Rock Creek Park,NCRN_ROCR_ROCR,NCRN_ROCR_ROCR,Rock Creek Upstream of Fenwick Branch,38.98403282,-77.04299057,Stream,TDS,Total Dissolved Solids,Total dissolved solids,TDS,Total Dissolved Solids,mg/L,,,numeric,,,,,,False,True,False
NCRN,ROCR,Rock Creek,Rock Creek Park,NCRN_ROCR_ROCR,NCRN_ROCR_ROCR,Rock Creek Upstream of Fenwick Branch,38.98403282,-77.04299057,Stream,TotalN,Total Nitrogen,"Total Nitrogen, mixed forms",TotalN,Total Nitrogen,mg/L,,0.69,numeric,,Acceptable total nitrogen is less than or equal to 0.69 mg/L in nutrient ecoregion IX.,EPA 2000,,>,False,True,False
NCRN,ROCR,Rock Creek,Rock Creek Park,NCRN_ROCR_ROCR,NCRN_ROCR_ROCR,Rock Creek Upstream of Fenwick Branch,38.98403282,-77.04299057,Stream,TotalP,Total Phosphorus,"Total Phosphorus, mixed forms",TotalP,Total Phosphorus,mg/L,,0.037,numeric,,Acceptable phosphorus is less than or equal to 0.037 mg/L in nutrient ecoregion IX.,EPA 2000,,>,False,False,False
NCRN,ROCR,Rock Creek,Rock Creek Park,NCRN_ROCR_ROCR,NCRN_ROCR_ROCR,Rock Creek Upstream of Fenwick Branch,38.98403282,-77.04299057,Stream,TotalDN,Total Dissolved Nitrogen,"Total Dissolved Nitrogen, mixed forms",TotalDN,Total Dissolved Nitrogen,mg/L,,,numeric,,,,,,False,False,False
NCRN,ROCR,Rock Creek,Rock Creek Park,NCRN_ROCR_ROCR,NCRN_ROCR_ROCR,Rock Creek Upstream of Fenwick Branch,38.98403282,-77.04299057,Stream,TotalDP,Total Dissolved Phosphorus,"Total Dissolved Phosphorus, mixed forms",TotalDP,Total Dissolved Phosphorus,mg/L,,,numeric,,,,,,False,False,False
NCRN,ROCR,Rock Creek,Rock Creek Park,NCRN_ROCR_ROCR,NCRN_ROCR_ROCR,Rock Creek Upstream of Fenwick Branch,38.98403282,-77.04299057,Stream,Ammonia,Ammonia,Ammonia,Ammonia,Ammonia,mg/L,,,numeric,,,,,,False,False,False
NCRN,ROCR,Rock Creek,Rock Creek Park,NCRN_ROCR_ROCR,NCRN_ROCR_ROCR,Rock Creek Upstream of Fenwick Branch,38.98403282,-77.04299057,Stream,Nitrate,Nitrate,Nitrate,Nitrate,Nitrate,mg/L,,2.0,numeric,,Acceptable nitrate is less than or equal to 2.0 mg/L in nutrient ecoregion IX.,EPA 2000,,>,False,False,False
NCRN,ROCR,Rock Creek,Rock Creek Park,NCRN_ROCR_ROCR,NCRN_ROCR_ROCR,Rock Creek Upstream of Fenwick Branch,38.98403282,-77.04299057,Stream,Weather,Weather,Weather condition (WMO code 4501) (choice list),Weather,Weather Conditions,,,,factor,,,,,,False,False,False
NCRN,ROCR,Rock Creek,Rock Creek Park,NCRN_ROCR_ROCR,NCRN_ROCR_ROCR,Rock Creek Upstream of Fenwick Branch,38.98403282,-77.04299057,Stream,Algae,Algae,"Substrate algae, % (choice list)",Algae,Algae,,,,factor,,,,,,False,False,False
NCRN,ROCR,Rock Creek,Rock Creek Park,NCRN_ROCR_ROCR,NCRN_ROCR_ROCR,Rock Creek Upstream of Fenwick Branch,38.98403282,-77.04299057,Stream,AlgaeColor,Algae Color,Substrate algae color,AlgaeColor,Algae Color,,,,factor,,,,,,False,False,False
NCRN,ROCR,Rock Creek,Rock Creek Park,NCRN_ROCR_ROCR,NCRN_ROCR_ROCR,Rock Creek Upstream of Fenwick Branch,38.98403282,-77.04299057,Stream,WaterAppearance,Water Appearance,Water appearance (text),WaterAppearance,Water Appearance,,,,factor,,,,,,False,False,False
NCRN,ROCR,Rock Creek,Rock Creek Park,NCRN_ROCR_ROCR,NCRN_ROCR_ROCR,Rock Creek Upstream of Fenwick Branch,38.98403282,-77.04299057,Stream,FlowCondition,Flow Condition,Stream flow (choice list),FlowCondition,Flow Condition,,,,factor,,,,,,False,False,False
NCRN,ROCR,Rock Creek,Rock Creek Park,NCRN_ROCR_ROCR,NCRN_ROCR_ROCR,Rock Creek Upstream of Fenwick Branch,38.98403282,-77.04299057,Stream,Orthophosphate,Orthophosphate,Orthophosphate,Orthophosphate,Orthophosphate,mg/L,,,numeric,,,,,,False,False,False
NCRN,ROCR,Rock Creek,Rock Creek Park,NCRN_ROCR_ROCR,NCRN_ROCR_ROCR,Rock Creek Upstream of Fenwick Branch,38.98403282,-77.04299057,Stream,Turbidity,Turbidity,Turbidity,Turbidity,Turbidity,ntu,,,numeric,,,,,,False,False,False
NCRN,ROCR,Rock Creek,Rock Creek Park,NCRN_ROCR_SVPS,NCRN_ROCR_SVPS,Soapstone Valley Stream,38.94527514,-77.05171932,Stream,AirTemp,Air Temperature,"Temperature, air",AirTemp,Air Temperature,°C,,,numeric,,,,,,False,True,False
NCRN,ROCR,Rock Creek,Rock Creek Park,NCRN_ROCR_SVPS,NCRN_ROCR_SVPS,Soapstone Valley Stream,38.94527514,-77.05171932,Stream,Discharge,Discharge,Base flow discharge,Discharge,Discharge,cfs,,,numeric,,,,,,False,True,False
NCRN,ROCR,Rock Creek,Rock Creek Park,NCRN_ROCR_SVPS,NCRN_ROCR_SVPS,Soapstone Valley Stream,38.94527514,-77.05171932,Stream,Depth,Depth,Cross-Section Depth,Depth,Depth,ft,,,numeric,,,,,,False,True,False
NCRN,ROCR,Rock Creek,Rock Creek Park,NCRN_ROCR_SVPS,NCRN_ROCR_SVPS,Soapstone Valley Stream,38.94527514,-77.05171932,Stream,WaterTemp,Water Temperature,"Temperature, water",WaterTemp,Water Temperature,°C,,32.0,numeric,,Acceptable water temperature is below 32 degrees C for warm water streams.,"District DOE, 2010, State of MD 2010, State of WV 2011, VA Water Control Board 2011",,>=,False,True,False
NCRN,ROCR,Rock Creek,Rock Creek Park,NCRN_ROCR_SVPS,NCRN_ROCR_SVPS,Soapstone Valley Stream,38.94527514,-77.05171932,Stream,SC,Specific Conductance,Specific conductance,SC,Specific Conductance,µS/cm,,171.0,numeric,,Acceptable specific conductance is below 171 uS/cm.,Morgan et al. 2007,,>=,False,True,False
NCRN,ROCR,Rock Creek,Rock Creek Park,NCRN_ROCR_SVPS,NCRN_ROCR_SVPS,Soapstone Valley Stream,38.94527514,-77.05171932,Stream,pH,pH,pH,pH,pH,pH Units,6.0,9.0,numeric,Acceptable pH is greater than or equal to 6.,Acceptable pH is less than or equal to 9.,"District DOE, 2010, State of MD 2010, State of WV 2011, VA Water Control Board 2011",<,>,False,True,False
NCRN,ROCR,Rock Creek,Rock Creek Park,NCRN_ROCR_SVPS,NCRN_ROCR_SVPS,Soapstone Valley Stream,38.94527514,-77.05171932,Stream,DOmg,DO Concentration,Dissolved oxygen (DO),DOmg,Dissolved Oxygen,mg/L,5.0,,numeric,Acceptable dissolved oxygen is above 5.0 mg/L for warm water streams and above 6.0 mg/L for cold water streams.,,"District DOE, 2010, State of MD 2010, State of WV 2011, VA Water Control Board 2011",<=,,False,True,False
NCRN,ROCR,Rock Creek,Rock Creek Park,NCRN_ROCR_SVPS,NCRN_ROCR_SVPS,Soapstone Valley Stream,38.94527514,-77.05171932,Stream,DOper,DO Saturation,Dissolved oxygen saturation,DOper,Dissolved Oxygen,percent,,,numeric,,,,,,False,True,False
NCRN,ROCR,Rock Creek,Rock Creek Park,NCRN_ROCR_SVPS,NCRN_ROCR_SVPS,Soapstone Valley Stream,38.94527514,-77.05171932,Stream,ANC,ANC,Acid Neutralizing Capacity (ANC),ANC,Acid Neutralizing Capacity,µeq/L,200.0,,numeric,Acceptable acid neutralizing capacity is above 200 ueq/L for non-karst terrain.,,Weeks et al. 2007,<=,,False,True,False
NCRN,ROCR,Rock Creek,Rock Creek Park,NCRN_ROCR_SVPS,NCRN_ROCR_SVPS,Soapstone Valley Stream,38.94527514,-77.05171932,Stream,WetWidth,Wetted Width,Wetted Width,WetWidth,Wetted Width,ft,,,numeric,,,,,,False,True,False
NCRN,ROCR,Rock Creek,Rock Creek Park,NCRN_ROCR_SVPS,NCRN_ROCR_SVPS,Soapstone Valley Stream,38.94527514,-77.05171932,Stream,Velocity,Stream Velocity,Velocity - stream,Velocity,Velocity,ft/s,,,numeric,,,,,,False,True,False
NCRN,ROCR,Rock Creek,Rock Creek Park,NCRN_ROCR_SVPS,NCRN_ROCR_SVPS,Soapstone Valley Stream,38.94527514,-77.05171932,Stream,AirPress,Air Pressure,Barometric pressure,AirPress,Air Pressure,mm Hg,,,numeric,,,,,,False,True,False
NCRN,ROCR,Rock Creek,Rock Creek Park,NCRN_ROCR_SVPS,NCRN_ROCR_SVPS,Soapstone Valley Stream,38.94527514,-77.05171932,Stream,Conductivity,Conductivity,Conductivity,Conductivity,Conductivity,µS/cm,,,numeric,,,,,,False,True,False
NCRN,ROCR,Rock Creek,Rock Creek Park,NCRN_ROCR_SVPS,NCRN_ROCR_SVPS,Soapstone Valley Stream,38.94527514,-77.05171932,Stream,Salinity,Salinity,Salinity,Salinity,Salinity,ppt,,0.5,numeric,,Acceptable salinity is less than or equal to 0.5 ppt.,Ramasamy et al. 2014,,>,False,True,False
NCRN,ROCR,Rock Creek,Rock Creek Park,NCRN_ROCR_SVPS,NCRN_ROCR_SVPS,Soapstone Valley Stream,38.94527514,-77.05171932,Stream,TDS,Total Dissolved Solids,Total dissolved solids,TDS,Total Dissolved Solids,mg/L,,,numeric,,,,,,False,True,False
NCRN,ROCR,Rock Creek,Rock Creek Park,NCRN_ROCR_SVPS,NCRN_ROCR_SVPS,Soapstone Valley Stream,38.94527514,-77.05171932,Stream,TotalN,Total Nitrogen,"Total Nitrogen, mixed forms",TotalN,Total Nitrogen,mg/L,,0.69,numeric,,Acceptable total nitrogen is less than or equal to 0.69 mg/L in nutrient ecoregion IX.,EPA 2000,,>,False,True,False
NCRN,ROCR,Rock Creek,Rock Creek Park,NCRN_ROCR_SVPS,NCRN_ROCR_SVPS,Soapstone Valley Stream,38.94527514,-77.05171932,Stream,TotalP,Total Phosphorus,"Total Phosphorus, mixed forms",TotalP,Total Phosphorus,mg/L,,0.037,numeric,,Acceptable phosphorus is less than or equal to 0.037 mg/L in nutrient ecoregion IX.,EPA 2000,,>,False,False,False
NCRN,ROCR,Rock Creek,Rock Creek Park,NCRN_ROCR_SVPS,NCRN_ROCR_SVPS,Soapstone Valley Stream,38.94527514,-77.05171932,Stream,TotalDN,Total Dissolved Nitrogen,"Total Dissolved Nitrogen, mixed forms",TotalDN,Total Dissolved Nitrogen,mg/L,,,numeric,,,,,,False,False,False
NCRN,ROCR,Rock Creek,Rock Creek Park,NCRN_ROCR_SVPS,NCRN_ROCR_SVPS,Soapstone Valley Stream,38.94527514,-77.05171932,Stream,TotalDP,Total Dissolved Phosphorus,"Total Dissolved Phosphorus, mixed forms",TotalDP,Total Dissolved Phosphorus,mg/L,,,numeric,,,,,,False,False,False
NCRN,ROCR,Rock Creek,Rock Creek Park,NCRN_ROCR_SVPS,NCRN_ROCR_SVPS,Soapstone Valley Stream,38.94527514,-77.05171932,Stream,Ammonia,Ammonia,Ammonia,Ammonia,Ammonia,mg/L,,,numeric,,,,,,False,False,False
NCRN,ROCR,Rock Creek,Rock Creek Park,NCRN_ROCR_SVPS,NCRN_ROCR_SVPS,Soapstone Valley Stream,38.94527514,-77.05171932,Stream,Nitrate,Nitrate,Nitrate,Nitrate,Nitrate,mg/L,,2.0,numeric,,Acceptable nitrate is less than or equal to 2.0 mg/L in nutrient ecoregion IX.,EPA 2000,,>,False,False,False
NCRN,ROCR,Rock Creek,Rock Creek Park,NCRN_ROCR_SVPS,NCRN_ROCR_SVPS,Soapstone Valley Stream,38.94527514,-77.05171932,Stream,Weather,Weather,Weather condition (WMO code 4501) (choice list),Weather,Weather Conditions,,,,factor,,,,,,False,False,False
NCRN,ROCR,Rock Creek,Rock Creek Park,NCRN_ROCR_SVPS,NCRN_ROCR_SVPS,Soapstone Valley Stream,38.94527514,-77.05171932,Stream,Algae,Algae,"Substrate algae, % (choice list)",Algae,Algae,,,,factor,,,,,,False,False,False
NCRN,ROCR,Rock Creek,Rock Creek Park,NCRN_ROCR_SVPS,NCRN_ROCR_SVPS,Soapstone Valley Stream,38.94527514,-77.05171932,Stream,AlgaeColor,Algae Color,Substrate algae color,AlgaeColor,Algae Color,,,,factor,,,,,,False,False,False
NCRN,ROCR,Rock Creek,Rock Creek Park,NCRN_ROCR_SVPS,NCRN_ROCR_SVPS,Soapstone Valley Stream,38.94527514,-77.05171932,Stream,WaterAppearance,Water Appearance,Water appearance (text),WaterAppearance,Water Appearance,,,,factor,,,,,,False,False,False
NCRN,ROCR,Rock Creek,Rock Creek Park,NCRN_ROCR_SVPS,NCRN_ROCR_SVPS,Soapstone Valley Stream,38.94527514,-77.05171932,Stream,FlowCondition,Flow Condition,Stream flow (choice list),FlowCondition,Flow Condition,,,,factor,,,,,,False,False,False
NCRN,ROCR,Rock Creek,Rock Creek Park,NCRN_ROCR_SVPS,NCRN_ROCR_SVPS,Soapstone Valley Stream,38.94527514,-77.05171932,Stream,Orthophosphate,Orthophosphate,Orthophosphate,Orthophosphate,Orthophosphate,mg/L,,,numeric,,,,,,False,False,False
NCRN,ROCR,Rock Creek,Rock Creek Park,NCRN_ROCR_SVPS,NCRN_ROCR_SVPS,Soapstone Valley Stream,38.94527514,-77.05171932,Stream,Turbidity,Turbidity,Turbidity,Turbidity,Turbidity,ntu,,,numeric,,,,,,False,False,False
NCRN,WOTR,Wolf Trap,Wolf Trap National Park for the Performing Arts,NCRN_WOTR_CHCK,NCRN_WOTR_CHCK,Courthouse Creek,38.93971921,-77.26254416,Stream,AirTemp,Air Temperature,"Temperature, air",AirTemp,Air Temperature,°C,,,numeric,,,,,,True,True,True
NCRN,WOTR,Wolf Trap,Wolf Trap National Park for the Performing Arts,NCRN_WOTR_CHCK,NCRN_WOTR_CHCK,Courthouse Creek,38.93971921,-77.26254416,Stream,Discharge,Discharge,Base flow discharge,Discharge,Discharge,cfs,,,numeric,,,,,,True,True,True
NCRN,WOTR,Wolf Trap,Wolf Trap National Park for the Performing Arts,NCRN_WOTR_CHCK,NCRN_WOTR_CHCK,Courthouse Creek,38.93971921,-77.26254416,Stream,Depth,Depth,Cross-Section Depth,Depth,Depth,ft,,,numeric,,,,,,True,True,True
NCRN,WOTR,Wolf Trap,Wolf Trap National Park for the Performing Arts,NCRN_WOTR_CHCK,NCRN_WOTR_CHCK,Courthouse Creek,38.93971921,-77.26254416,Stream,WaterTemp,Water Temperature,"Temperature, water",WaterTemp,Water Temperature,°C,,32.0,numeric,,Acceptable water temperature is below 32 degrees C for warm water streams.,"District DOE, 2010, State of MD 2010, State of WV 2011, VA Water Control Board 2011",,>=,True,True,True
NCRN,WOTR,Wolf Trap,Wolf Trap National Park for the Performing Arts,NCRN_WOTR_CHCK,NCRN_WOTR_CHCK,Courthouse Creek,38.93971921,-77.26254416,Stream,SC,Specific Conductance,Specific conductance,SC,Specific Conductance,µS/cm,,171.0,numeric,,Acceptable specific conductance is below 171 uS/cm.,Morgan et al. 2007,,>=,True,True,True
NCRN,WOTR,Wolf Trap,Wolf Trap National Park for the Performing Arts,NCRN_WOTR_CHCK,NCRN_WOTR_CHCK,Courthouse Creek,38.93971921,-77.26254416,Stream,pH,pH,pH,pH,pH,pH Units,6.0,9.0,numeric,Acceptable pH is greater than or equal to 6.,Acceptable pH is less than or equal to 9.,"District DOE, 2010, State of MD 2010, State of WV 2011, VA Water Control Board 2011",<,>,True,True,True
NCRN,WOTR,Wolf Trap,Wolf Trap National Park for the Performing Arts,NCRN_WOTR_CHCK,NCRN_WOTR_CHCK,Courthouse Creek,38.93971921,-77.26254416,Stream,DOmg,DO Concentration,Dissolved oxygen (DO),DOmg,Dissolved Oxygen,mg/L,5.0,,numeric,Acceptable dissolved oxygen is above 5.0 mg/L for warm water streams and above 6.0 mg/L for cold water streams.,,"District DOE, 2010, State of MD 2010, State of WV 2011, VA Water Control Board 2011",<=,,True,True,True
NCRN,WOTR,Wolf Trap,Wolf Trap National Park for the Performing Arts,NCRN_WOTR_CHCK,NCRN_WOTR_CHCK,Courthouse Creek,38.93971921,-77.26254416,Stream,DOper,DO Saturation,Dissolved oxygen saturation,DOper,Dissolved Oxygen,percent,,,numeric,,,,,,True,True,True
NCRN,WOTR,Wolf Trap,Wolf Trap National Park for the Performing Arts,NCRN_WOTR_CHCK,NCRN_WOTR_CHCK,Courthouse Creek,38.93971921,-77.26254416,Stream,ANC,ANC,Acid Neutralizing Capacity (ANC),ANC,Acid Neutralizing Capacity,µeq/L,200.0,,numeric,Acceptable acid neutralizing capacity is above 200 ueq/L for non-karst terrain.,,Weeks et al. 2007,<=,,True,True,True
NCRN,WOTR,Wolf Trap,Wolf Trap National Park for the Performing Arts,NCRN_WOTR_CHCK,NCRN_WOTR_CHCK,Courthouse Creek,38.93971921,-77.26254416,Stream,WetWidth,Wetted Width,Wetted Width,WetWidth,Wetted Width,ft,,,numeric,,,,,,True,True,True
NCRN,WOTR,Wolf Trap,Wolf Trap National Park for the Performing Arts,NCRN_WOTR_CHCK,NCRN_WOTR_CHCK,Courthouse Creek,38.93971921,-77.26254416,Stream,Velocity,Stream Velocity,Velocity - stream,Velocity,Velocity,ft/s,,,numeric,,,,,,True,True,True
NCRN,WOTR,Wolf Trap,Wolf Trap National Park for the Performing Arts,NCRN_WOTR_CHCK,NCRN_WOTR_CHCK,Courthouse Creek,38.93971921,-77.26254416,Stream,AirPress,Air Pressure,Barometric pressure,AirPress,Air Pressure,mm Hg,,,numeric,,,,,,True,True,True
NCRN,WOTR,Wolf Trap,Wolf Trap National Park for the Performing Arts,NCRN_WOTR_CHCK,NCRN_WOTR_CHCK,Courthouse Creek,38.93971921,-77.26254416,Stream,Conductivity,Conductivity,Conductivity,Conductivity,Conductivity,µS/cm,,,numeric,,,,,,True,True,True
NCRN,WOTR,Wolf Trap,Wolf Trap National Park for the Performing Arts,NCRN_WOTR_CHCK,NCRN_WOTR_CHCK,Courthouse Creek,38.93971921,-77.26254416,Stream,Salinity,Salinity,Salinity,Salinity,Salinity,ppt,,0.5,numeric,,Acceptable salinity is less than or equal to 0.5 ppt.,Ramasamy et al. 2014,,>,True,True,True
NCRN,WOTR,Wolf Trap,Wolf Trap National Park for the Performing Arts,NCRN_WOTR_CHCK,NCRN_WOTR_CHCK,Courthouse Creek,38.93971921,-77.26254416,Stream,TDS,Total Dissolved Solids,Total dissolved solids,TDS,Total Dissolved Solids,mg/L,,,numeric,,,,,,True,True,True
NCRN,WOTR,Wolf Trap,Wolf Trap National Park for the Performing Arts,NCRN_WOTR_CHCK,NCRN_WOTR_CHCK,Courthouse Creek,38.93971921,-77.26254416,Stream,TotalN,Total Nitrogen,"Total Nitrogen, mixed forms",TotalN,Total Nitrogen,mg/L,,0.69,numeric,,Acceptable total nitrogen is less than or equal to 0.69 mg/L in nutrient ecoregion IX.,EPA 2000,,>,True,True,True
NCRN,WOTR,Wolf Trap,Wolf Trap National Park for the Performing Arts,NCRN_WOTR_CHCK,NCRN_WOTR_CHCK,Courthouse Creek,38.93971921,-77.26254416,Stream,TotalP,Total Phosphorus,"Total Phosphorus, mixed forms",TotalP,Total Phosphorus,mg/L,,0.037,numeric,,Acceptable phosphorus is less than or equal to 0.037 mg/L in nutrient ecoregion IX.,EPA 2000,,>,True,False,False
NCRN,WOTR,Wolf Trap,Wolf Trap National Park for the Performing Arts,NCRN_WOTR_CHCK,NCRN_WOTR_CHCK,Courthouse Creek,38.93971921,-77.26254416,Stream,TotalDN,Total Dissolved Nitrogen,"Total Dissolved Nitrogen, mixed forms",TotalDN,Total Dissolved Nitrogen,mg/L,,,numeric,,,,,,True,False,False
NCRN,WOTR,Wolf Trap,Wolf Trap National Park for the Performing Arts,NCRN_WOTR_CHCK,NCRN_WOTR_CHCK,Courthouse Creek,38.93971921,-77.26254416,Stream,TotalDP,Total Dissolved Phosphorus,"Total Dissolved Phosphorus, mixed forms",TotalDP,Total Dissolved Phosphorus,mg/L,,,numeric,,,,,,True,False,False
NCRN,WOTR,Wolf Trap,Wolf Trap National Park for the Performing Arts,NCRN_WOTR_CHCK,NCRN_WOTR_CHCK,Courthouse Creek,38.93971921,-77.26254416,Stream,Ammonia,Ammonia,Ammonia,Ammonia,Ammonia,mg/L,,,numeric,,,,,,True,False,False
NCRN,WOTR,Wolf Trap,Wolf Trap National Park for the Performing Arts,NCRN_WOTR_CHCK,NCRN_WOTR_CHCK,Courthouse Creek,38.93971921,-77.26254416,Stream,Nitrate,Nitrate,Nitrate,Nitrate,Nitrate,mg/L,,2.0,numeric,,Acceptable nitrate is less than or equal to 2.0 mg/L in nutrient ecoregion IX.,EPA 2000,,>,True,False,False
NCRN,WOTR,Wolf Trap,Wolf Trap National Park for the Performing Arts,NCRN_WOTR_CHCK,NCRN_WOTR_CHCK,Courthouse Creek,38.93971921,-77.26254416,Stream,Weather,Weather,Weather condition (WMO code 4501) (choice list),Weather,Weather Conditions,,,,factor,,,,,,True,False,False
NCRN,WOTR,Wolf Trap,Wolf Trap National Park for the Performing Arts,NCRN_WOTR_CHCK,NCRN_WOTR_CHCK,Courthouse Creek,38.93971921,-77.26254416,Stream,Algae,Algae,"Substrate algae, % (choice list)",Algae,Algae,,,,factor,,,,,,True,False,False
NCRN,WOTR,Wolf Trap,Wolf Trap National Park for the Performing Arts,NCRN_WOTR_CHCK,NCRN_WOTR_CHCK,Courthouse Creek,38.93971921,-77.26254416,Stream,AlgaeColor,Algae Color,Substrate algae color,AlgaeColor,Algae Color,,,,factor,,,,,,True,False,False
NCRN,WOTR,Wolf Trap,Wolf Trap National Park for the Performing Arts,NCRN_WOTR_CHCK,NCRN_WOTR_CHCK,Courthouse Creek,38.93971921,-77.26254416,Stream,WaterAppearance,Water Appearance,Water appearance (text),WaterAppearance,Water Appearance,,,,factor,,,,,,True,False,False
NCRN,WOTR,Wolf Trap,Wolf Trap National Park for the Performing Arts,NCRN_WOTR_CHCK,NCRN_WOTR_CHCK,Courthouse Creek,38.93971921,-77.26254416,Stream,FlowCondition,Flow Condition,Stream flow (choice list),FlowCondition,Flow Condition,,,,factor,,,,,,True,False,False
NCRN,WOTR,Wolf Trap,Wolf Trap National Park for the Performing Arts,NCRN_WOTR_CHCK,NCRN_WOTR_CHCK,Courthouse Creek,38.93971921,-77.26254416,Stream,Orthophosphate,Orthophosphate,Orthophosphate,Orthophosphate,Orthophosphate,mg/L,,,numeric,,,,,,True,False,False
NCRN,WOTR,Wolf Trap,Wolf Trap National Park for the Performing Arts,NCRN_WOTR_CHCK,NCRN_WOTR_CHCK,Courthouse Creek,38.93971921,-77.26254416,Stream,Turbidity,Turbidity,Turbidity,Turbidity,Turbidity,ntu,,,numeric,,,,,,True,False,False
NCRN,WOTR,Wolf Trap,Wolf Trap National Park for the Performing Arts,NCRN_WOTR_WOTR,NCRN_WOTR_WOTR,Wolf Trap Creek,38.941158,-77.269164,Stream,AirTemp,Air Temperature,"Temperature, air",AirTemp,Air Temperature,°C,,,numeric,,,,,,True,True,True
NCRN,WOTR,Wolf Trap,Wolf Trap National Park for the Performing Arts,NCRN_WOTR_WOTR,NCRN_WOTR_WOTR,Wolf Trap Creek,38.941158,-77.269164,Stream,Discharge,Discharge,Base flow discharge,Discharge,Discharge,cfs,,,numeric,,,,,,True,True,True
NCRN,WOTR,Wolf Trap,Wolf Trap National Park for the Performing Arts,NCRN_WOTR_WOTR,NCRN_WOTR_WOTR,Wolf Trap Creek,38.941158,-77.269164,Stream,Depth,Depth,Cross-Section Depth,Depth,Depth,ft,,,numeric,,,,,,True,True,True
NCRN,WOTR,Wolf Trap,Wolf Trap National Park for the Performing Arts,NCRN_WOTR_WOTR,NCRN_WOTR_WOTR,Wolf Trap Creek,38.941158,-77.269164,Stream,WaterTemp,Water Temperature,"Temperature, water",WaterTemp,Water Temperature,°C,,32.0,numeric,,Acceptable water temperature is below 32 degrees C for warm water streams.,"District DOE, 2010, State of MD 2010, State of WV 2011, VA Water Control Board 2011",,>=,True,True,True
NCRN,WOTR,Wolf Trap,Wolf Trap National Park for the Performing Arts,NCRN_WOTR_WOTR,NCRN_WOTR_WOTR,Wolf Trap Creek,38.941158,-77.269164,Stream,SC,Specific Conductance,Specific conductance,SC,Specific Conductance,µS/cm,,171.0,numeric,,Acceptable specific conductance is below 171 uS/cm.,Morgan et al. 2007,,>=,True,True,True
NCRN,WOTR,Wolf Trap,Wolf Trap National Park for the Performing Arts,NCRN_WOTR_WOTR,NCRN_WOTR_WOTR,Wolf Trap Creek,38.941158,-77.269164,Stream,pH,pH,pH,pH,pH,pH Units,6.0,9.0,numeric,Acceptable pH is greater than or equal to 6.,Acceptable pH is less than or equal to 9.,"District DOE, 2010, State of MD 2010, State of WV 2011, VA Water Control Board 2011",<,>,True,True,True
NCRN,WOTR,Wolf Trap,Wolf Trap National Park for the Performing Arts,NCRN_WOTR_WOTR,NCRN_WOTR_WOTR,Wolf Trap Creek,38.941158,-77.269164,Stream,DOmg,DO Concentration,Dissolved oxygen (DO),DOmg,Dissolved Oxygen,mg/L,5.0,,numeric,Acceptable dissolved oxygen is above 5.0 mg/L for warm water streams and above 6.0 mg/L for cold water streams.,,"District DOE, 2010, State of MD 2010, State of WV 2011, VA Water Control Board 2011",<=,,True,True,True
NCRN,WOTR,Wolf Trap,Wolf Trap National Park for the Performing Arts,NCRN_WOTR_WOTR,NCRN_WOTR_WOTR,Wolf Trap Creek,38.941158,-77.269164,Stream,DOper,DO Saturation,Dissolved oxygen saturation,DOper,Dissolved Oxygen,percent,,,numeric,,,,,,True,True,True
NCRN,WOTR,Wolf Trap,Wolf Trap National Park for the Performing Arts,NCRN_WOTR_WOTR,NCRN_WOTR_WOTR,Wolf Trap Creek,38.941158,-77.269164,Stream,ANC,ANC,Acid Neutralizing Capacity (ANC),ANC,Acid Neutralizing Capacity,µeq/L,200.0,,numeric,Acceptable acid neutralizing capacity is above 200 ueq/L for non-karst terrain.,,Weeks et al. 2007,<=,,True,True,True
NCRN,WOTR,Wolf Trap,Wolf Trap National Park for the Performing Arts,NCRN_WOTR_WOTR,NCRN_WOTR_WOTR,Wolf Trap Creek,38.941158,-77.269164,Stream,WetWidth,Wetted Width,Wetted Width,WetWidth,Wetted Width,ft,,,numeric,,,,,,True,True,True
NCRN,WOTR,Wolf Trap,Wolf Trap National Park for the Performing Arts,NCRN_WOTR_WOTR,NCRN_WOTR_WOTR,Wolf Trap Creek,38.941158,-77.269164,Stream,Velocity,Stream Velocity,Velocity - stream,Velocity,Velocity,ft/s,,,numeric,,,,,,True,True,True
NCRN,WOTR,Wolf Trap,Wolf Trap National Park for the Performing Arts,NCRN_WOTR_WOTR,NCRN_WOTR_WOTR,Wolf Trap Creek,38.941158,-77.269164,Stream,AirPress,Air Pressure,Barometric pressure,AirPress,Air Pressure,mm Hg,,,numeric,,,,,,True,True,True
NCRN,WOTR,Wolf Trap,Wolf Trap National Park for the Performing Arts,NCRN_WOTR_WOTR,NCRN_WOTR_WOTR,Wolf Trap Creek,38.941158,-77.269164,Stream,Conductivity,Conductivity,Conductivity,Conductivity,Conductivity,µS/cm,,,numeric,,,,,,True,True,True
NCRN,WOTR,Wolf Trap,Wolf Trap National Park for the Performing Arts,NCRN_WOTR_WOTR,NCRN_WOTR_WOTR,Wolf Trap Creek,38.941158,-77.269164,Stream,Salinity,Salinity,Salinity,Salinity,Salinity,ppt,,0.5,numeric,,Acceptable salinity is less than or equal to 0.5 ppt.,Ramasamy et al. 2014,,>,True,True,True
NCRN,WOTR,Wolf Trap,Wolf Trap National Park for the Performing Arts,NCRN_WOTR_WOTR,NCRN_WOTR_WOTR,Wolf Trap Creek,38.941158,-77.269164,Stream,TDS,Total Dissolved Solids,Total dissolved solids,TDS,Total Dissolved Solids,mg/L,,,numeric,,,,,,True,True,True
NCRN,WOTR,Wolf Trap,Wolf Trap National Park for the Performing Arts,NCRN_WOTR_WOTR,NCRN_WOTR_WOTR,Wolf Trap Creek,38.941158,-77.269164,Stream,TotalN,Total Nitrogen,"Total Nitrogen, mixed forms",TotalN,Total Nitrogen,mg/L,,0.69,numeric,,Acceptable total nitrogen is less than or equal to 0.69 mg/L in nutrient ecoregion IX.,EPA 2000,,>,True,True,True
NCRN,WOTR,Wolf Trap,Wolf Trap National Park for the Performing Arts,NCRN_WOTR_WOTR,NCRN_WOTR_WOTR,Wolf Trap Creek,38.941158,-77.269164,Stream,TotalP,Total Phosphorus,"Total Phosphorus, mixed forms",TotalP,Total Phosphorus,mg/L,,0.037,numeric,,Acceptable phosphorus is less than or equal to 0.037 mg/L in nutrient ecoregion IX.,EPA 2000,,>,True,False,False
NCRN,WOTR,Wolf Trap,Wolf Trap National Park for the Performing Arts,NCRN_WOTR_WOTR,NCRN_WOTR_WOTR,Wolf Trap Creek,38.941158,-77.269164,Stream,TotalDN,Total Dissolved Nitrogen,"Total Dissolved Nitrogen, mixed forms",TotalDN,Total Dissolved Nitrogen,mg/L,,,numeric,,,,,,True,False,False
NCRN,WOTR,Wolf Trap,Wolf Trap National Park for the Performing Arts,NCRN_WOTR_WOTR,NCRN_WOTR_WOTR,Wolf Trap Creek,38.941158,-77.269164,Stream,TotalDP,Total Dissolved Phosphorus,"Total Dissolved Phosphorus, mixed forms",TotalDP,Total Dissolved Phosphorus,mg/L,,,numeric,,,,,,True,False,False
NCRN,WOTR,Wolf Trap,Wolf Trap National Park for the Performing Arts,NCRN_WOTR_WOTR,NCRN_WOTR_WOTR,Wolf Trap Creek,38.941158,-77.269164,Stream,Ammonia,Ammonia,Ammonia,Ammonia,Ammonia,mg/L,,,numeric,,,,,,True,False,False
NCRN,WOTR,Wolf Trap,Wolf Trap National Park for the Performing Arts,NCRN_WOTR_WOTR,NCRN_WOTR_WOTR,Wolf Trap Creek,38.941158,-77.269164,Stream,Nitrate,Nitrate,Nitrate,Nitrate,Nitrate,mg/L,,2.0,numeric,,Acceptable nitrate is less than or equal to 2.0 mg/L in nutrient ecoregion IX.,EPA 2000,,>,True,False,False
NCRN,WOTR,Wolf Trap,Wolf Trap National Park for the Performing Arts,NCRN_WOTR_WOTR,NCRN_WOTR_WOTR,Wolf Trap Creek,38.941158,-77.269164,Stream,Weather,Weather,Weather condition (WMO code 4501) (choice list),Weather,Weather Conditions,,,,factor,,,,,,True,False,False
NCRN,WOTR,Wolf Trap,Wolf Trap National Park for the Performing Arts,NCRN_WOTR_WOTR,NCRN_WOTR_WOTR,Wolf Trap Creek,38.941158,-77.269164,Stream,Algae,Algae,"Substrate algae, % (choice list)",Algae,Algae,,,,factor,,,,,,True,False,False
NCRN,WOTR,Wolf Trap,Wolf Trap National Park for the Performing Arts,NCRN_WOTR_WOTR,NCRN_WOTR_WOTR,Wolf Trap Creek,38.941158,-77.269164,Stream,AlgaeColor,Algae Color,Substrate algae color,AlgaeColor,Algae Color,,,,factor,,,,,,True,False,False
NCRN,WOTR,Wolf Trap,Wolf Trap National Park for the Performing Arts,NCRN_WOTR_WOTR,NCRN_WOTR_WOTR,Wolf Trap Creek,38.941158,-77.269164,Stream,WaterAppearance,Water Appearance,Water appearance (text),WaterAppearance,Water Appearance,,,,factor,,,,,,True,False,False
NCRN,WOTR,Wolf Trap,Wolf Trap National Park for the Performing Arts,NCRN_WOTR_WOTR,NCRN_WOTR_WOTR,Wolf Trap Creek,38.941158,-77.269164,Stream,FlowCondition,Flow Condition,Stream flow (choice list),FlowCondition,Flow Condition,,,,factor,,,,,,True,False,False
NCRN,WOTR,Wolf Trap,Wolf Trap National Park for the Performing Arts,NCRN_WOTR_WOTR,NCRN_WOTR_WOTR,Wolf Trap Creek,38.941158,-77.269164,Stream,Orthophosphate,Orthophosphate,Orthophosphate,Orthophosphate,Orthophosphate,mg/L,,,numeric,,,,,,True,False,False
NCRN,WOTR,Wolf Trap,Wolf Trap National Park for the Performing Arts,NCRN_WOTR_WOTR,NCRN_WOTR_WOTR,Wolf Trap Creek,38.941158,-77.269164,Stream,Turbidity,Turbidity,Turbidity,Turbidity,Turbidity,ntu,,,numeric,,,,,,True,False,False
